"Parent Department","Organisation","Unit","Reporting Senior Post","Grade","Payscale Minimum (£)","Payscale Maximum (£)","Generic Job Title","Number of Posts in FTE","Professional/Occupational Group","Office Region"
"Department for Environment Food & Rural Affairs","Department for Environment, Food and Rural Affairs","ANIMAL AND PLANT HEALTH DIRECTORATE","200104","SEO","41220","44500","Team Leader","<5","Unknown","LONDON"
"Department for Environment Food & Rural Affairs","Department for Environment, Food and Rural Affairs","ANIMAL AND PLANT HEALTH DIRECTORATE","200104","G7","54470","59900","Team Manager","<5","Unknown","LONDON"
"Department for Environment Food & Rural Affairs","Department for Environment, Food and Rural Affairs","ANIMAL AND PLANT HEALTH DIRECTORATE","200104","AO","25070","28680","Executive Assistant","<5","Unknown","LONDON"
"Department for Environment Food & Rural Affairs","Department for Environment, Food and Rural Affairs","SCIENCE DIRECTORATE","200104","SEO","41220","44500","Team Leader","<5","Unknown","LONDON"
"Department for Environment Food & Rural Affairs","Department for Environment, Food and Rural Affairs","ANIMAL AND PLANT HEALTH DIRECTORATE","200104","HEO","33590","37480","Officer","<5","Unknown","LONDON"
"Department for Environment Food & Rural Affairs","Department for Environment, Food and Rural Affairs","ANIMAL AND PLANT HEALTH DIRECTORATE","200120","G7","54470","59900","Team Manager","<5","Unknown","LONDON"
"Department for Environment Food & Rural Affairs","Department for Environment, Food and Rural Affairs","ANIMAL AND PLANT HEALTH DIRECTORATE","200120","HEO","33590","37480","Officer","<5","Unknown","LONDON"
"Department for Environment Food & Rural Affairs","Department for Environment, Food and Rural Affairs","FARMING DIRECTORATE - ADMIN COSTS","200020","EO","28710","32220","Executive Officer","<5","Unknown","LONDON"
"Department for Environment Food & Rural Affairs","Department for Environment, Food and Rural Affairs","FARMING DIRECTORATE - ADMIN COSTS","200020","G7","54470","59900","Team Manager","<5","Unknown","LONDON"
"Department for Environment Food & Rural Affairs","Department for Environment, Food and Rural Affairs","FARMING DIRECTORATE - ADMIN COSTS","200020","G6","65430","70690","Senior Manager","<5","Unknown","LONDON"
"Department for Environment Food & Rural Affairs","Department for Environment, Food and Rural Affairs","FARMING DIRECTORATE - ADMIN COSTS","200020","SEO","41220","44500","Team Leader","<5","Unknown","LONDON"
"Department for Environment Food & Rural Affairs","Department for Environment, Food and Rural Affairs","BIODIVERSITY, LAND USE & INVESTMENT DIRECTORATE","200124","G6","65430","70690","Senior Manager","<5","Unknown","LONDON"
"Department for Environment Food & Rural Affairs","Department for Environment, Food and Rural Affairs","SCIENCE DIRECTORATE","200124","SEO","41220","44500","Team Leader","<5","Unknown","LONDON"
"Department for Environment Food & Rural Affairs","Department for Environment, Food and Rural Affairs","BIODIVERSITY, LAND USE & INVESTMENT DIRECTORATE","200124","G7","54470","59900","Team Manager","<5","Unknown","LONDON"
"Department for Environment Food & Rural Affairs","Department for Environment, Food and Rural Affairs","BIODIVERSITY, LAND USE & INVESTMENT DIRECTORATE","200124","HEO","33590","37480","Officer","<5","Unknown","LONDON"
"Department for Environment Food & Rural Affairs","Department for Environment, Food and Rural Affairs","MARINE AND FISHERIES DIRECTORATE","200098","HEO","33590","37480","Officer","<5","Unknown","LONDON"
"Department for Environment Food & Rural Affairs","Department for Environment, Food and Rural Affairs","AGRI FOOD CHAIN DIRECTORATE","200332","G7","54470","59900","Team Manager","<5","Unknown","LONDON"
"Department for Environment Food & Rural Affairs","Department for Environment, Food and Rural Affairs","AGRI FOOD CHAIN DIRECTORATE","200332","G6","65430","70690","Senior Manager","<5","Unknown","LONDON"
"Department for Environment Food & Rural Affairs","Department for Environment, Food and Rural Affairs","AGRI FOOD CHAIN DIRECTORATE","200332","SEO","41220","44500","Team Leader","<5","Unknown","LONDON"
"Department for Environment Food & Rural Affairs","Department for Environment, Food and Rural Affairs","WATER AND FLOOD MANAGEMENT DIRECTORATE","200211","SEO","41220","44500","Team Leader","<5","Unknown","LONDON"
"Department for Environment Food & Rural Affairs","Department for Environment, Food and Rural Affairs","WATER AND FLOOD MANAGEMENT DIRECTORATE","200211","G7","54470","59900","Team Manager","<5","Unknown","LONDON"
"Department for Environment Food & Rural Affairs","Department for Environment, Food and Rural Affairs","WATER AND FLOOD MANAGEMENT DIRECTORATE","200019","G6","65430","70690","Senior Manager","<5","Unknown","LONDON"
"Department for Environment Food & Rural Affairs","Department for Environment, Food and Rural Affairs","WATER AND FLOOD MANAGEMENT DIRECTORATE","200019","HEO","33590","37480","Officer","<5","Unknown","LONDON"
"Department for Environment Food & Rural Affairs","Department for Environment, Food and Rural Affairs","ANIMAL AND PLANT HEALTH DIRECTORATE","200089","SEO","41220","44500","Team Leader","<5","Unknown","LONDON"
"Department for Environment Food & Rural Affairs","Department for Environment, Food and Rural Affairs","WATER AND FLOOD MANAGEMENT DIRECTORATE","200144","G7","54470","59900","Team Manager","<5","Unknown","LONDON"
"Department for Environment Food & Rural Affairs","Department for Environment, Food and Rural Affairs","WATER AND FLOOD MANAGEMENT DIRECTORATE","200144","EO","28710","32220","Executive Officer","<5","Unknown","LONDON"
"Department for Environment Food & Rural Affairs","Department for Environment, Food and Rural Affairs","WATER AND FLOOD MANAGEMENT DIRECTORATE","200144","HEO","33590","37480","Officer","<5","Unknown","LONDON"
"Department for Environment Food & Rural Affairs","Department for Environment, Food and Rural Affairs","DIGITAL, DATA, TECHNOLOGY AND SECURITY DIRECTORATE","200036","G6","65430","70690","Senior Manager","<5","Unknown","LONDON"
"Department for Environment Food & Rural Affairs","Department for Environment, Food and Rural Affairs","ANIMAL AND PLANT HEALTH DIRECTORATE","200118","HEO","33590","37480","Officer","<5","Unknown","LONDON"
"Department for Environment Food & Rural Affairs","Department for Environment, Food and Rural Affairs","ANIMAL AND PLANT HEALTH DIRECTORATE","200118","G7","54470","59900","Team Manager","<5","Unknown","LONDON"
"Department for Environment Food & Rural Affairs","Department for Environment, Food and Rural Affairs","MARINE AND FISHERIES DIRECTORATE","200115","SEO","41220","44500","Team Leader","<5","Unknown","LONDON"
"Department for Environment Food & Rural Affairs","Department for Environment, Food and Rural Affairs","ENV QUALITY, INFRASTRUCTURE & PLANNING DIRECTORATE","200135","G7","54470","59900","Team Manager","<5","Unknown","LONDON"
"Department for Environment Food & Rural Affairs","Department for Environment, Food and Rural Affairs","MARINE AND FISHERIES DIRECTORATE","200111","HEO","33590","37480","Officer","<5","Unknown","LONDON"
"Department for Environment Food & Rural Affairs","Department for Environment, Food and Rural Affairs","DIGITAL, DATA, TECHNOLOGY AND SECURITY DIRECTORATE","200243","G6","65430","70690","Senior Manager","<5","Unknown","LONDON"
"Department for Environment Food & Rural Affairs","Department for Environment, Food and Rural Affairs","DIGITAL, DATA, TECHNOLOGY AND SECURITY DIRECTORATE","200243","G7","54470","59900","Team Manager","<5","Unknown","LONDON"
"Department for Environment Food & Rural Affairs","Department for Environment, Food and Rural Affairs","DIGITAL, DATA, TECHNOLOGY AND SECURITY DIRECTORATE","200243","HEO","33590","37480","Officer","<5","Unknown","LONDON"
"Department for Environment Food & Rural Affairs","Department for Environment, Food and Rural Affairs","WATER AND FLOOD MANAGEMENT DIRECTORATE","200085","G7","54470","59900","Team Manager","<5","Unknown","LONDON"
"Department for Environment Food & Rural Affairs","Department for Environment, Food and Rural Affairs","WATER AND FLOOD MANAGEMENT DIRECTORATE","200085","G6","65430","70690","Senior Manager","<5","Unknown","LONDON"
"Department for Environment Food & Rural Affairs","Department for Environment, Food and Rural Affairs","FINANCE DIRECTORATE","200103","EO","28710","32220","Executive Officer","<5","Unknown","LONDON"
"Department for Environment Food & Rural Affairs","Department for Environment, Food and Rural Affairs","FARMING DIRECTORATE - ADMIN COSTS","200129","G6","65430","70690","Senior Manager","<5","Unknown","LONDON"
"Department for Environment Food & Rural Affairs","Department for Environment, Food and Rural Affairs","DIGITAL, DATA, TECHNOLOGY AND SECURITY DIRECTORATE","200161","G7","54470","59900","Team Manager","<5","Unknown","LONDON"
"Department for Environment Food & Rural Affairs","Department for Environment, Food and Rural Affairs","DIGITAL, DATA, TECHNOLOGY AND SECURITY DIRECTORATE","200161","G6","65430","70690","Senior Manager","<5","Unknown","LONDON"
"Department for Environment Food & Rural Affairs","Department for Environment, Food and Rural Affairs","DIGITAL, DATA, TECHNOLOGY AND SECURITY DIRECTORATE","200161","SEO","41220","44500","Team Leader","<5","Unknown","LONDON"
"Department for Environment Food & Rural Affairs","Department for Environment, Food and Rural Affairs","DIGITAL, DATA, TECHNOLOGY AND SECURITY DIRECTORATE","200161","HEO","33590","37480","Officer","<5","Unknown","LONDON"
"Department for Environment Food & Rural Affairs","Department for Environment, Food and Rural Affairs","CIRCULAR ECONOMY DIRECTORATE","200227","SEO","41220","44500","Team Leader","<5","Unknown","LONDON"
"Department for Environment Food & Rural Affairs","Department for Environment, Food and Rural Affairs","CIRCULAR ECONOMY DIRECTORATE","200227","EO","28710","32220","Executive Officer","<5","Unknown","LONDON"
"Department for Environment Food & Rural Affairs","Department for Environment, Food and Rural Affairs","CIRCULAR ECONOMY DIRECTORATE","200232","G7","54470","59900","Team Manager","<5","Unknown","LONDON"
"Department for Environment Food & Rural Affairs","Department for Environment, Food and Rural Affairs","CIRCULAR ECONOMY DIRECTORATE","200232","SEO","41220","44500","Team Leader","<5","Unknown","LONDON"
"Department for Environment Food & Rural Affairs","Department for Environment, Food and Rural Affairs","CIRCULAR ECONOMY DIRECTORATE","200232","HEO","33590","37480","Officer","<5","Unknown","LONDON"
"Department for Environment Food & Rural Affairs","Department for Environment, Food and Rural Affairs","TRADE DELIVERY DIRECTORATE","200256","G6","65430","70690","Senior Manager","<5","Unknown","LONDON"
"Department for Environment Food & Rural Affairs","Department for Environment, Food and Rural Affairs","WATER AND FLOOD MANAGEMENT DIRECTORATE","200311","SEO","41220","44500","Team Leader","<5","Unknown","LONDON"
"Department for Environment Food & Rural Affairs","Department for Environment, Food and Rural Affairs","WATER AND FLOOD MANAGEMENT DIRECTORATE","200311","HEO","33590","37480","Officer","<5","Unknown","LONDON"
"Department for Environment Food & Rural Affairs","Department for Environment, Food and Rural Affairs","EU AND INTERNATIONAL TRADE DIRECTORATE","200317","HEO","33590","37480","Officer","<5","Unknown","LONDON"
"Department for Environment Food & Rural Affairs","Department for Environment, Food and Rural Affairs","EU AND INTERNATIONAL TRADE DIRECTORATE","200317","G7","54470","59900","Team Manager","<5","Unknown","LONDON"
"Department for Environment Food & Rural Affairs","Department for Environment, Food and Rural Affairs","EU AND INTERNATIONAL TRADE DIRECTORATE","200317","EO","28710","32220","Executive Officer","<5","Unknown","LONDON"
"Department for Environment Food & Rural Affairs","Department for Environment, Food and Rural Affairs","ENV QUALITY, INFRASTRUCTURE & PLANNING DIRECTORATE","200109","G7","54470","59900","Team Manager","<5","Unknown","LONDON"
"Department for Environment Food & Rural Affairs","Department for Environment, Food and Rural Affairs","ENV QUALITY, INFRASTRUCTURE & PLANNING DIRECTORATE","200109","HEO","33590","37480","Officer","<5","Unknown","LONDON"
"Department for Environment Food & Rural Affairs","Department for Environment, Food and Rural Affairs","ENV QUALITY, INFRASTRUCTURE & PLANNING DIRECTORATE","200109","SEO","41220","44500","Team Leader","<5","Unknown","LONDON"
"Department for Environment Food & Rural Affairs","Department for Environment, Food and Rural Affairs","ANIMAL AND PLANT HEALTH DIRECTORATE","200083","G6","65430","70690","Senior Manager","<5","Unknown","LONDON"
"Department for Environment Food & Rural Affairs","Department for Environment, Food and Rural Affairs","ANIMAL AND PLANT HEALTH DIRECTORATE","200083","G7","54470","59900","Team Manager","<5","Unknown","LONDON"
"Department for Environment Food & Rural Affairs","Department for Environment, Food and Rural Affairs","ANIMAL AND PLANT HEALTH DIRECTORATE","200083","SEO","41220","44500","Team Leader","<5","Unknown","LONDON"
"Department for Environment Food & Rural Affairs","Department for Environment, Food and Rural Affairs","ANIMAL AND PLANT HEALTH DIRECTORATE","200083","HEO","33590","37480","Officer","<5","Unknown","LONDON"
"Department for Environment Food & Rural Affairs","Department for Environment, Food and Rural Affairs","TRADE DELIVERY DIRECTORATE","200083","G7","54470","59900","Team Manager","<5","Unknown","LONDON"
"Department for Environment Food & Rural Affairs","Department for Environment, Food and Rural Affairs","INTERNATIONAL BIODIVERSITY AND CLIMATE DIRECTORATE","200212","HEO","33590","37480","Officer","<5","Unknown","LONDON"
"Department for Environment Food & Rural Affairs","Department for Environment, Food and Rural Affairs","OFFICIAL DEVELOPMENT ASSISTANCE DIRECTORATE","200212","SEO","41220","44500","Team Leader","<5","Unknown","LONDON"
"Department for Environment Food & Rural Affairs","Department for Environment, Food and Rural Affairs","INTERNATIONAL BIODIVERSITY AND CLIMATE DIRECTORATE","200212","G6","65430","70690","Senior Manager","<5","Unknown","LONDON"
"Department for Environment Food & Rural Affairs","Department for Environment, Food and Rural Affairs","INTERNATIONAL BIODIVERSITY AND CLIMATE DIRECTORATE","200212","G7","54470","59900","Team Manager","<5","Unknown","LONDON"
"Department for Environment Food & Rural Affairs","Department for Environment, Food and Rural Affairs","AGRI FOOD CHAIN DIRECTORATE","200107","SEO","41220","44500","Team Leader","<5","Unknown","LONDON"
"Department for Environment Food & Rural Affairs","Department for Environment, Food and Rural Affairs","AGRI FOOD CHAIN DIRECTORATE","200107","G6","65430","70690","Senior Manager","<5","Unknown","LONDON"
"Department for Environment Food & Rural Affairs","Department for Environment, Food and Rural Affairs","MINISTERIAL, GROWTH AND RESILIENCE DIRECTORATE","200194","G6","65430","70690","Senior Manager","<5","Unknown","LONDON"
"Department for Environment Food & Rural Affairs","Department for Environment, Food and Rural Affairs","MINISTERIAL, GROWTH AND RESILIENCE DIRECTORATE","200194","SEO","41220","44500","Team Leader","<5","Unknown","LONDON"
"Department for Environment Food & Rural Affairs","Department for Environment, Food and Rural Affairs","ENV QUALITY, INFRASTRUCTURE & PLANNING DIRECTORATE","200082","SEO","41220","44500","Team Leader","<5","Unknown","LONDON"
"Department for Environment Food & Rural Affairs","Department for Environment, Food and Rural Affairs","ENV QUALITY, INFRASTRUCTURE & PLANNING DIRECTORATE","200082","G7","54470","59900","Team Manager","<5","Unknown","LONDON"
"Department for Environment Food & Rural Affairs","Department for Environment, Food and Rural Affairs","CIRCULAR ECONOMY DIRECTORATE","200147","G6","65430","70690","Senior Manager","<5","Unknown","LONDON"
"Department for Environment Food & Rural Affairs","Department for Environment, Food and Rural Affairs","CIRCULAR ECONOMY DIRECTORATE","200147","HEO","33590","37480","Officer","<5","Unknown","LONDON"
"Department for Environment Food & Rural Affairs","Department for Environment, Food and Rural Affairs","ANALYSIS DIRECTORATE","200060","G6","65430","70690","Senior Manager","<5","Unknown","LONDON"
"Department for Environment Food & Rural Affairs","Department for Environment, Food and Rural Affairs","DIGITAL, DATA, TECHNOLOGY AND SECURITY DIRECTORATE","200146","HEO","33590","37480","Officer","<5","Unknown","LONDON"
"Department for Environment Food & Rural Affairs","Department for Environment, Food and Rural Affairs","DIGITAL, DATA, TECHNOLOGY AND SECURITY DIRECTORATE","200146","EO","28710","32220","Executive Officer","<5","Unknown","LONDON"
"Department for Environment Food & Rural Affairs","Department for Environment, Food and Rural Affairs","FARMING DIRECTORATE - ADMIN COSTS","200195","G6","65430","70690","Senior Manager","<5","Unknown","LONDON"
"Department for Environment Food & Rural Affairs","Department for Environment, Food and Rural Affairs","FARMING DIRECTORATE - ADMIN COSTS","200195","G7","54470","59900","Team Manager","<5","Unknown","LONDON"
"Department for Environment Food & Rural Affairs","Department for Environment, Food and Rural Affairs","ANIMAL AND PLANT HEALTH DIRECTORATE","200004","HEO","33590","37480","Officer","<5","Unknown","LONDON"
"Department for Environment Food & Rural Affairs","Department for Environment, Food and Rural Affairs","STRATEGY, GOVERNANCE & CLIMATE DIRECTORATE","200154","HEO","33590","37480","Officer","<5","Unknown","LONDON"
"Department for Environment Food & Rural Affairs","Department for Environment, Food and Rural Affairs","HUMAN RESOURCES DIRECTORATE","200073","HEO","33590","37480","Officer","<5","Unknown","LONDON"
"Department for Environment Food & Rural Affairs","Department for Environment, Food and Rural Affairs","DIGITAL, DATA, TECHNOLOGY AND SECURITY DIRECTORATE","200073","EO","28710","32220","Executive Officer","<5","Unknown","LONDON"
"Department for Environment Food & Rural Affairs","Department for Environment, Food and Rural Affairs","DIGITAL, DATA, TECHNOLOGY AND SECURITY DIRECTORATE","200181","EO","28710","32220","Executive Officer","<5","Unknown","LONDON"
"Department for Environment Food & Rural Affairs","Department for Environment, Food and Rural Affairs","DIGITAL, DATA, TECHNOLOGY AND SECURITY DIRECTORATE","200181","G7","54470","59900","Team Manager","<5","Unknown","LONDON"
"Department for Environment Food & Rural Affairs","Department for Environment, Food and Rural Affairs","DIGITAL, DATA, TECHNOLOGY AND SECURITY DIRECTORATE","200181","SEO","41220","44500","Team Leader","<5","Unknown","LONDON"
"Department for Environment Food & Rural Affairs","Department for Environment, Food and Rural Affairs","DIGITAL, DATA, TECHNOLOGY AND SECURITY DIRECTORATE","200181","G6","65430","70690","Senior Manager","<5","Unknown","LONDON"
"Department for Environment Food & Rural Affairs","Department for Environment, Food and Rural Affairs","TRADE DELIVERY DIRECTORATE","200185","EO","28710","32220","Executive Officer","<5","Unknown","LONDON"
"Department for Environment Food & Rural Affairs","Department for Environment, Food and Rural Affairs","TRADE DELIVERY DIRECTORATE","200185","SEO","41220","44500","Team Leader","<5","Unknown","LONDON"
"Department for Environment Food & Rural Affairs","Department for Environment, Food and Rural Affairs","TRADE DELIVERY DIRECTORATE","200185","G7","54470","59900","Team Manager","<5","Unknown","LONDON"
"Department for Environment Food & Rural Affairs","Department for Environment, Food and Rural Affairs","TRADE DELIVERY DIRECTORATE","200185","HEO","33590","37480","Officer","<5","Unknown","LONDON"
"Department for Environment Food & Rural Affairs","Department for Environment, Food and Rural Affairs","EU AND INTERNATIONAL TRADE DIRECTORATE","200047","SEO","41220","44500","Team Leader","<5","Unknown","LONDON"
"Department for Environment Food & Rural Affairs","Department for Environment, Food and Rural Affairs","EU AND INTERNATIONAL TRADE DIRECTORATE","200047","G6","65430","70690","Senior Manager","<5","Unknown","LONDON"
"Department for Environment Food & Rural Affairs","Department for Environment, Food and Rural Affairs","EU AND INTERNATIONAL TRADE DIRECTORATE","200047","G7","54470","59900","Team Manager","<5","Unknown","LONDON"
"Department for Environment Food & Rural Affairs","Department for Environment, Food and Rural Affairs","AGRI FOOD CHAIN DIRECTORATE","200137","AO","25070","28680","Executive Assistant","<5","Unknown","LONDON"
"Department for Environment Food & Rural Affairs","Department for Environment, Food and Rural Affairs","AGRI FOOD CHAIN DIRECTORATE","200137","SEO","41220","44500","Team Leader","<5","Unknown","LONDON"
"Department for Environment Food & Rural Affairs","Department for Environment, Food and Rural Affairs","BIODIVERSITY, LAND USE & INVESTMENT DIRECTORATE","200132","G7","54470","59900","Team Manager","<5","Unknown","LONDON"
"Department for Environment Food & Rural Affairs","Department for Environment, Food and Rural Affairs","BIODIVERSITY, LAND USE & INVESTMENT DIRECTORATE","200132","HEO","33590","37480","Officer","<5","Unknown","LONDON"
"Department for Environment Food & Rural Affairs","Department for Environment, Food and Rural Affairs","DIGITAL, DATA, TECHNOLOGY AND SECURITY DIRECTORATE","200334","SEO","41220","44500","Team Leader","<5","Unknown","LONDON"
"Department for Environment Food & Rural Affairs","Department for Environment, Food and Rural Affairs","MARINE AND FISHERIES DIRECTORATE","200088","SEO","41220","44500","Team Leader","<5","Unknown","LONDON"
"Department for Environment Food & Rural Affairs","Department for Environment, Food and Rural Affairs","MARINE AND FISHERIES DIRECTORATE","200088","G7","54470","59900","Team Manager","<5","Unknown","LONDON"
"Department for Environment Food & Rural Affairs","Department for Environment, Food and Rural Affairs","GCS STRATEGY, PARTNERSHIPS AND OPERATIONS DIRECTORATE","200306","G6","65430","70690","Senior Manager","<5","Unknown","LONDON"
"Department for Environment Food & Rural Affairs","Department for Environment, Food and Rural Affairs","GCS STRATEGY, PARTNERSHIPS AND OPERATIONS DIRECTORATE","200306","G7","54470","59900","Team Manager","<5","Unknown","LONDON"
"Department for Environment Food & Rural Affairs","Department for Environment, Food and Rural Affairs","GCS STRATEGY, PARTNERSHIPS AND OPERATIONS DIRECTORATE","200306","HEO","33590","37480","Officer","<5","Unknown","LONDON"
"Department for Environment Food & Rural Affairs","Department for Environment, Food and Rural Affairs","EU AND INTERNATIONAL TRADE DIRECTORATE","200328","HEO","33590","37480","Officer","<5","Unknown","LONDON"
"Department for Environment Food & Rural Affairs","Department for Environment, Food and Rural Affairs","STRATEGY, GOVERNANCE & CLIMATE DIRECTORATE","200014","G7","54470","59900","Team Manager","<5","Unknown","LONDON"
"Department for Environment Food & Rural Affairs","Department for Environment, Food and Rural Affairs","BIODIVERSITY, LAND USE & INVESTMENT DIRECTORATE","200127","G7","54470","59900","Team Manager","<5","Unknown","LONDON"
"Department for Environment Food & Rural Affairs","Department for Environment, Food and Rural Affairs","BIODIVERSITY, LAND USE & INVESTMENT DIRECTORATE","200127","G6","65430","70690","Senior Manager","<5","Unknown","LONDON"
"Department for Environment Food & Rural Affairs","Department for Environment, Food and Rural Affairs","ENV QUALITY, INFRASTRUCTURE & PLANNING DIRECTORATE","200134","SEO","41220","44500","Team Leader","<5","Unknown","LONDON"
"Department for Environment Food & Rural Affairs","Department for Environment, Food and Rural Affairs","ENV QUALITY, INFRASTRUCTURE & PLANNING DIRECTORATE","200134","G7","54470","59900","Team Manager","<5","Unknown","LONDON"
"Department for Environment Food & Rural Affairs","Department for Environment, Food and Rural Affairs","WATER AND FLOOD MANAGEMENT DIRECTORATE","200302","SEO","41220","44500","Team Leader","<5","Unknown","LONDON"
"Department for Environment Food & Rural Affairs","Department for Environment, Food and Rural Affairs","WATER AND FLOOD MANAGEMENT DIRECTORATE","200302","G7","54470","59900","Team Manager","<5","Unknown","LONDON"
"Department for Environment Food & Rural Affairs","Department for Environment, Food and Rural Affairs","WATER AND FLOOD MANAGEMENT DIRECTORATE","200302","HEO","33590","37480","Officer","<5","Unknown","LONDON"
"Department for Environment Food & Rural Affairs","Department for Environment, Food and Rural Affairs","SCIENCE DIRECTORATE","200297","G6","65430","70690","Senior Manager","<5","Unknown","LONDON"
"Department for Environment Food & Rural Affairs","Department for Environment, Food and Rural Affairs","SCIENCE, DATA AND ANALYSIS DG OFFICE DIRECTORATE","200297","HEO","33590","37480","Officer","<5","Unknown","LONDON"
"Department for Environment Food & Rural Affairs","Department for Environment, Food and Rural Affairs","FARMING DIRECTORATE - ADMIN COSTS","200126","G7","54470","59900","Team Manager","<5","Unknown","LONDON"
"Department for Environment Food & Rural Affairs","Department for Environment, Food and Rural Affairs","FARMING DIRECTORATE - ADMIN COSTS","200126","G6","65430","70690","Senior Manager","<5","Unknown","LONDON"
"Department for Environment Food & Rural Affairs","Department for Environment, Food and Rural Affairs","GROUP STRATEGY DIRECTORATE","200058","AO","25070","28680","Executive Assistant","<5","Unknown","LONDON"
"Department for Environment Food & Rural Affairs","Department for Environment, Food and Rural Affairs","GROUP STRATEGY DIRECTORATE","200058","G7","54470","59900","Team Manager","<5","Unknown","LONDON"
"Department for Environment Food & Rural Affairs","Department for Environment, Food and Rural Affairs","MARINE AND FISHERIES DIRECTORATE","200272","SEO","41220","44500","Team Leader","<5","Unknown","LONDON"
"Department for Environment Food & Rural Affairs","Department for Environment, Food and Rural Affairs","MARINE AND FISHERIES DIRECTORATE","200272","HEO","33590","37480","Officer","<5","Unknown","LONDON"
"Department for Environment Food & Rural Affairs","Department for Environment, Food and Rural Affairs","MARINE AND FISHERIES DIRECTORATE","200272","G7","54470","59900","Team Manager","<5","Unknown","LONDON"
"Department for Environment Food & Rural Affairs","Department for Environment, Food and Rural Affairs","MARINE AND FISHERIES DIRECTORATE","200272","EO","28710","32220","Executive Officer","<5","Unknown","LONDON"
"Department for Environment Food & Rural Affairs","Department for Environment, Food and Rural Affairs","FARMING DIRECTORATE - ADMIN COSTS","200046","SEO","41220","44500","Team Leader","<5","Unknown","LONDON"
"Department for Environment Food & Rural Affairs","Department for Environment, Food and Rural Affairs","CIRCULAR ECONOMY DIRECTORATE","200293","SEO","41220","44500","Team Leader","<5","Unknown","LONDON"
"Department for Environment Food & Rural Affairs","Department for Environment, Food and Rural Affairs","STRATEGY, GOVERNANCE & CLIMATE DIRECTORATE","200123","SEO","41220","44500","Team Leader","<5","Unknown","LONDON"
"Department for Environment Food & Rural Affairs","Department for Environment, Food and Rural Affairs","STRATEGY, GOVERNANCE & CLIMATE DIRECTORATE","200123","G7","54470","59900","Team Manager","<5","Unknown","LONDON"
"Department for Environment Food & Rural Affairs","Department for Environment, Food and Rural Affairs","WATER AND FLOOD MANAGEMENT DIRECTORATE","200128","G6","65430","70690","Senior Manager","<5","Unknown","LONDON"
"Department for Environment Food & Rural Affairs","Department for Environment, Food and Rural Affairs","WATER AND FLOOD MANAGEMENT DIRECTORATE","200128","HEO","33590","37480","Officer","<5","Unknown","LONDON"
"Department for Environment Food & Rural Affairs","Department for Environment, Food and Rural Affairs","WATER AND FLOOD MANAGEMENT DIRECTORATE","200128","G7","54470","59900","Team Manager","<5","Unknown","LONDON"
"Department for Environment Food & Rural Affairs","Department for Environment, Food and Rural Affairs","FINANCE DIRECTORATE","200167","SEO","41220","44500","Team Leader","<5","Unknown","LONDON"
"Department for Environment Food & Rural Affairs","Department for Environment, Food and Rural Affairs","EU RESET STRATEGY & LEGISLATION DIRECTORATE","200214","SEO","41220","44500","Team Leader","<5","Unknown","LONDON"
"Department for Environment Food & Rural Affairs","Department for Environment, Food and Rural Affairs","TRADE DELIVERY DIRECTORATE","200214","G7","54470","59900","Team Manager","<5","Unknown","LONDON"
"Department for Environment Food & Rural Affairs","Department for Environment, Food and Rural Affairs","EU RESET STRATEGY & LEGISLATION DIRECTORATE","200214","G7","54470","59900","Team Manager","<5","Unknown","LONDON"
"Department for Environment Food & Rural Affairs","Department for Environment, Food and Rural Affairs","EU RESET STRATEGY & LEGISLATION DIRECTORATE","200214","HEO","33590","37480","Officer","<5","Unknown","LONDON"
"Department for Environment Food & Rural Affairs","Department for Environment, Food and Rural Affairs","AGRI FOOD CHAIN DIRECTORATE","200090","SEO","41220","44500","Team Leader","<5","Unknown","LONDON"
"Department for Environment Food & Rural Affairs","Department for Environment, Food and Rural Affairs","AGRI FOOD CHAIN DIRECTORATE","200090","HEO","33590","37480","Officer","<5","Unknown","LONDON"
"Department for Environment Food & Rural Affairs","Department for Environment, Food and Rural Affairs","COMMUNICATIONS DIRECTORATE","200288","G6","65430","70690","Senior Manager","<5","Unknown","LONDON"
"Department for Environment Food & Rural Affairs","Department for Environment, Food and Rural Affairs","COMMUNICATIONS DIRECTORATE","200288","HEO","33590","37480","Officer","<5","Unknown","LONDON"
"Department for Environment Food & Rural Affairs","Department for Environment, Food and Rural Affairs","COMMUNICATIONS DIRECTORATE","200288","SEO","41220","44500","Team Leader","<5","Unknown","LONDON"
"Department for Environment Food & Rural Affairs","Department for Environment, Food and Rural Affairs","COMMUNICATIONS DIRECTORATE","200288","EO","28710","32220","Executive Officer","<5","Unknown","LONDON"
"Department for Environment Food & Rural Affairs","Department for Environment, Food and Rural Affairs","OFFICIAL DEVELOPMENT ASSISTANCE DIRECTORATE","200263","HEO","33590","37480","Officer","<5","Unknown","LONDON"
"Department for Environment Food & Rural Affairs","Department for Environment, Food and Rural Affairs","OFFICIAL DEVELOPMENT ASSISTANCE DIRECTORATE","200263","G6","65430","70690","Senior Manager","<5","Unknown","LONDON"
"Department for Environment Food & Rural Affairs","Department for Environment, Food and Rural Affairs","WATER AND FLOOD MANAGEMENT DIRECTORATE","200008","G6","65430","70690","Senior Manager","<5","Unknown","LONDON"
"Department for Environment Food & Rural Affairs","Department for Environment, Food and Rural Affairs","WATER AND FLOOD MANAGEMENT DIRECTORATE","200008","G7","54470","59900","Team Manager","<5","Unknown","LONDON"
"Department for Environment Food & Rural Affairs","Department for Environment, Food and Rural Affairs","WATER AND FLOOD MANAGEMENT DIRECTORATE","200008","SEO","41220","44500","Team Leader","<5","Unknown","LONDON"
"Department for Environment Food & Rural Affairs","Department for Environment, Food and Rural Affairs","WATER AND FLOOD MANAGEMENT DIRECTORATE","200008","HEO","33590","37480","Officer","<5","Unknown","LONDON"
"Department for Environment Food & Rural Affairs","Department for Environment, Food and Rural Affairs","EU AND INTERNATIONAL TRADE DIRECTORATE","200105","HEO","33590","37480","Officer","<5","Unknown","LONDON"
"Department for Environment Food & Rural Affairs","Department for Environment, Food and Rural Affairs","MINISTERIAL, GROWTH AND RESILIENCE DIRECTORATE","200239","HEO","33590","37480","Officer","<5","Unknown","LONDON"
"Department for Environment Food & Rural Affairs","Department for Environment, Food and Rural Affairs","STRATEGY AND WATER DG OFFICES DIRECTORATE","200239","SEO","41220","44500","Team Leader","<5","Unknown","LONDON"
"Department for Environment Food & Rural Affairs","Department for Environment, Food and Rural Affairs","WATER AND FLOOD MANAGEMENT DIRECTORATE","200239","HEO","33590","37480","Officer","<5","Unknown","LONDON"
"Department for Environment Food & Rural Affairs","Department for Environment, Food and Rural Affairs","STRATEGY AND WATER DG OFFICES DIRECTORATE","200239","G7","54470","59900","Team Manager","<5","Unknown","LONDON"
"Department for Environment Food & Rural Affairs","Department for Environment, Food and Rural Affairs","STRATEGY AND WATER DG OFFICES DIRECTORATE","200239","HEO","33590","37480","Officer","<5","Unknown","LONDON"
"Department for Environment Food & Rural Affairs","Department for Environment, Food and Rural Affairs","STRATEGY AND WATER DG OFFICES DIRECTORATE","200239","EO","28710","32220","Executive Officer","<5","Unknown","LONDON"
"Department for Environment Food & Rural Affairs","Department for Environment, Food and Rural Affairs","BIODIVERSITY, LAND USE & INVESTMENT DIRECTORATE","200040","HEO","33590","37480","Officer","<5","Unknown","LONDON"
"Department for Environment Food & Rural Affairs","Department for Environment, Food and Rural Affairs","STRATEGY, GOVERNANCE & CLIMATE DIRECTORATE","200298","HEO","33590","37480","Officer","<5","Unknown","LONDON"
"Department for Environment Food & Rural Affairs","Department for Environment, Food and Rural Affairs","STRATEGY, GOVERNANCE & CLIMATE DIRECTORATE","200298","SEO","41220","44500","Team Leader","<5","Unknown","LONDON"
"Department for Environment Food & Rural Affairs","Department for Environment, Food and Rural Affairs","INTERNATIONAL BIODIVERSITY AND CLIMATE DIRECTORATE","200287","G7","54470","59900","Team Manager","<5","Unknown","LONDON"
"Department for Environment Food & Rural Affairs","Department for Environment, Food and Rural Affairs","INTERNATIONAL BIODIVERSITY AND CLIMATE DIRECTORATE","200287","SEO","41220","44500","Team Leader","<5","Unknown","LONDON"
"Department for Environment Food & Rural Affairs","Department for Environment, Food and Rural Affairs","INTERNATIONAL BIODIVERSITY AND CLIMATE DIRECTORATE","200287","G6","65430","70690","Senior Manager","<5","Unknown","LONDON"
"Department for Environment Food & Rural Affairs","Department for Environment, Food and Rural Affairs","PORTFOLIO DIRECTORATE","200220","SEO","41220","44500","Team Leader","<5","Unknown","LONDON"
"Department for Environment Food & Rural Affairs","Department for Environment, Food and Rural Affairs","PORTFOLIO DIRECTORATE","200220","G7","54470","59900","Team Manager","<5","Unknown","LONDON"
"Department for Environment Food & Rural Affairs","Department for Environment, Food and Rural Affairs","WATER AND FLOOD MANAGEMENT DIRECTORATE","200096","G7","54470","59900","Team Manager","<5","Unknown","LONDON"
"Department for Environment Food & Rural Affairs","Department for Environment, Food and Rural Affairs","WATER AND FLOOD MANAGEMENT DIRECTORATE","200096","SEO","41220","44500","Team Leader","<5","Unknown","LONDON"
"Department for Environment Food & Rural Affairs","Department for Environment, Food and Rural Affairs","WATER AND FLOOD MANAGEMENT DIRECTORATE","200096","HEO","33590","37480","Officer","<5","Unknown","LONDON"
"Department for Environment Food & Rural Affairs","Department for Environment, Food and Rural Affairs","DIGITAL, DATA, TECHNOLOGY AND SECURITY DIRECTORATE","200069","G7","54470","59900","Team Manager","<5","Unknown","LONDON"
"Department for Environment Food & Rural Affairs","Department for Environment, Food and Rural Affairs","DIGITAL, DATA, TECHNOLOGY AND SECURITY DIRECTORATE","200069","HEO","33590","37480","Officer","<5","Unknown","LONDON"
"Department for Environment Food & Rural Affairs","Department for Environment, Food and Rural Affairs","STRATEGY, GOVERNANCE & CLIMATE DIRECTORATE","200095","G7","54470","59900","Team Manager","<5","Unknown","LONDON"
"Department for Environment Food & Rural Affairs","Department for Environment, Food and Rural Affairs","STRATEGY, GOVERNANCE & CLIMATE DIRECTORATE","200095","EO","28710","32220","Executive Officer","<5","Unknown","LONDON"
"Department for Environment Food & Rural Affairs","Department for Environment, Food and Rural Affairs","MINISTERIAL, GROWTH AND RESILIENCE DIRECTORATE","200205","AO","25070","28680","Executive Assistant","<5","Unknown","LONDON"
"Department for Environment Food & Rural Affairs","Department for Environment, Food and Rural Affairs","EU RESET STRATEGY & LEGISLATION DIRECTORATE","200205","G6","65430","70690","Senior Manager","<5","Unknown","LONDON"
"Department for Environment Food & Rural Affairs","Department for Environment, Food and Rural Affairs","EU RESET STRATEGY & LEGISLATION DIRECTORATE","200205","G7","54470","59900","Team Manager","<5","Unknown","LONDON"
"Department for Environment Food & Rural Affairs","Department for Environment, Food and Rural Affairs","MINISTERIAL, GROWTH AND RESILIENCE DIRECTORATE","200205","HEO","33590","37480","Officer","<5","Unknown","LONDON"
"Department for Environment Food & Rural Affairs","Department for Environment, Food and Rural Affairs","MINISTERIAL, GROWTH AND RESILIENCE DIRECTORATE","200205","EO","28710","32220","Executive Officer","<5","Unknown","LONDON"
"Department for Environment Food & Rural Affairs","Department for Environment, Food and Rural Affairs","EU RESET STRATEGY & LEGISLATION DIRECTORATE","200205","SEO","41220","44500","Team Leader","<5","Unknown","LONDON"
"Department for Environment Food & Rural Affairs","Department for Environment, Food and Rural Affairs","MINISTERIAL, GROWTH AND RESILIENCE DIRECTORATE","200205","G6","65430","70690","Senior Manager","<5","Unknown","LONDON"
"Department for Environment Food & Rural Affairs","Department for Environment, Food and Rural Affairs","GCS STRATEGY, PARTNERSHIPS AND OPERATIONS DIRECTORATE","200253","G6","65430","70690","Senior Manager","<5","Unknown","LONDON"
"Department for Environment Food & Rural Affairs","Department for Environment, Food and Rural Affairs","GCS STRATEGY, PARTNERSHIPS AND OPERATIONS DIRECTORATE","200253","HEO","33590","37480","Officer","<5","Unknown","LONDON"
"Department for Environment Food & Rural Affairs","Department for Environment, Food and Rural Affairs","BIODIVERSITY, LAND USE & INVESTMENT DIRECTORATE","200269","SEO","41220","44500","Team Leader","<5","Unknown","LONDON"
"Department for Environment Food & Rural Affairs","Department for Environment, Food and Rural Affairs","ENV QUALITY, INFRASTRUCTURE & PLANNING DIRECTORATE","200269","G7","54470","59900","Team Manager","<5","Unknown","LONDON"
"Department for Environment Food & Rural Affairs","Department for Environment, Food and Rural Affairs","BIODIVERSITY, LAND USE & INVESTMENT DIRECTORATE","200269","HEO","33590","37480","Officer","<5","Unknown","LONDON"
"Department for Environment Food & Rural Affairs","Department for Environment, Food and Rural Affairs","MINISTERIAL, GROWTH AND RESILIENCE DIRECTORATE","200241","G6","65430","70690","Senior Manager","<5","Unknown","LONDON"
"Department for Environment Food & Rural Affairs","Department for Environment, Food and Rural Affairs","MINISTERIAL, GROWTH AND RESILIENCE DIRECTORATE","200241","SEO","41220","44500","Team Leader","<5","Unknown","LONDON"
"Department for Environment Food & Rural Affairs","Department for Environment, Food and Rural Affairs","HUMAN RESOURCES DIRECTORATE","200010","G7","54470","59900","Team Manager","<5","Unknown","LONDON"
"Department for Environment Food & Rural Affairs","Department for Environment, Food and Rural Affairs","ENV QUALITY, INFRASTRUCTURE & PLANNING DIRECTORATE","200131","G7","54470","59900","Team Manager","<5","Unknown","LONDON"
"Department for Environment Food & Rural Affairs","Department for Environment, Food and Rural Affairs","PORTFOLIO DIRECTORATE","200338","G7","54470","59900","Team Manager","<5","Unknown","LONDON"
"Department for Environment Food & Rural Affairs","Department for Environment, Food and Rural Affairs","TRADE DELIVERY DIRECTORATE","200012","SEO","41220","44500","Team Leader","<5","Unknown","LONDON"
"Department for Environment Food & Rural Affairs","Department for Environment, Food and Rural Affairs","CHANGE DELIVERY DIRECTORATE","200204","G7","54470","59900","Team Manager","<5","Unknown","LONDON"
"Department for Environment Food & Rural Affairs","Department for Environment, Food and Rural Affairs","CHANGE DELIVERY DIRECTORATE","200204","SEO","41220","44500","Team Leader","<5","Unknown","LONDON"
"Department for Environment Food & Rural Affairs","Department for Environment, Food and Rural Affairs","DEFRA GROUP PROPERTY DIRECTORATE","200186","HEO","33590","37480","Officer","<5","Unknown","LONDON"
"Department for Environment Food & Rural Affairs","Department for Environment, Food and Rural Affairs","DIGITAL, DATA, TECHNOLOGY AND SECURITY DIRECTORATE","200305","G7","54470","59900","Team Manager","<5","Unknown","LONDON"
"Department for Environment Food & Rural Affairs","Department for Environment, Food and Rural Affairs","OFFICIAL DEVELOPMENT ASSISTANCE DIRECTORATE","200286","HEO","33590","37480","Officer","<5","Unknown","LONDON"
"Department for Environment Food & Rural Affairs","Department for Environment, Food and Rural Affairs","PEPR DIRECTORATE","200329","HEO","33590","37480","Officer","<5","Unknown","LONDON"
"Department for Environment Food & Rural Affairs","Department for Environment, Food and Rural Affairs","PEPR DIRECTORATE","200329","G7","54470","59900","Team Manager","<5","Unknown","LONDON"
"Department for Environment Food & Rural Affairs","Department for Environment, Food and Rural Affairs","ANALYSIS DIRECTORATE","200282","HEO","33590","37480","Officer","<5","Unknown","LONDON"
"Department for Environment Food & Rural Affairs","Department for Environment, Food and Rural Affairs","CIRCULAR ECONOMY DIRECTORATE","200026","HEO","33590","37480","Officer","<5","Unknown","LONDON"
"Department for Environment Food & Rural Affairs","Department for Environment, Food and Rural Affairs","CIRCULAR ECONOMY DIRECTORATE","200026","G7","54470","59900","Team Manager","<5","Unknown","LONDON"
"Department for Environment Food & Rural Affairs","Department for Environment, Food and Rural Affairs","OFFICIAL DEVELOPMENT ASSISTANCE DIRECTORATE","200026","G6","65430","70690","Senior Manager","<5","Unknown","LONDON"
"Department for Environment Food & Rural Affairs","Department for Environment, Food and Rural Affairs","CIRCULAR ECONOMY DIRECTORATE","200026","SEO","41220","44500","Team Leader","<5","Unknown","LONDON"
"Department for Environment Food & Rural Affairs","Department for Environment, Food and Rural Affairs","TRADE DELIVERY DIRECTORATE","200219","G6","65430","70690","Senior Manager","<5","Unknown","LONDON"
"Department for Environment Food & Rural Affairs","Department for Environment, Food and Rural Affairs","INTERNATIONAL BIODIVERSITY AND CLIMATE DIRECTORATE","200219","SEO","41220","44500","Team Leader","<5","Unknown","LONDON"
"Department for Environment Food & Rural Affairs","Department for Environment, Food and Rural Affairs","INTERNATIONAL BIODIVERSITY AND CLIMATE DIRECTORATE","200219","G7","54470","59900","Team Manager","<5","Unknown","LONDON"
"Department for Environment Food & Rural Affairs","Department for Environment, Food and Rural Affairs","ENV QUALITY, INFRASTRUCTURE & PLANNING DIRECTORATE","200217","G7","54470","59900","Team Manager","<5","Unknown","LONDON"
"Department for Environment Food & Rural Affairs","Department for Environment, Food and Rural Affairs","TRADE DELIVERY DIRECTORATE","200333","SEO","41220","44500","Team Leader","<5","Unknown","LONDON"
"Department for Environment Food & Rural Affairs","Department for Environment, Food and Rural Affairs","TRADE DELIVERY DIRECTORATE","200333","HEO","33590","37480","Officer","<5","Unknown","LONDON"
"Department for Environment Food & Rural Affairs","Department for Environment, Food and Rural Affairs","OFFICIAL DEVELOPMENT ASSISTANCE DIRECTORATE","200025","G7","54470","59900","Team Manager","<5","Unknown","LONDON"
"Department for Environment Food & Rural Affairs","Department for Environment, Food and Rural Affairs","STRATEGY, GOVERNANCE & CLIMATE DIRECTORATE","200025","HEO","33590","37480","Officer","<5","Unknown","LONDON"
"Department for Environment Food & Rural Affairs","Department for Environment, Food and Rural Affairs","OFFICIAL DEVELOPMENT ASSISTANCE DIRECTORATE","200025","HEO","33590","37480","Officer","<5","Unknown","LONDON"
"Department for Environment Food & Rural Affairs","Department for Environment, Food and Rural Affairs","ANALYSIS DIRECTORATE","200281","G7","54470","59900","Team Manager","<5","Unknown","LONDON"
"Department for Environment Food & Rural Affairs","Department for Environment, Food and Rural Affairs","ANALYSIS DIRECTORATE","200281","SEO","41220","44500","Team Leader","<5","Unknown","LONDON"
"Department for Environment Food & Rural Affairs","Department for Environment, Food and Rural Affairs","EU RESET STRATEGY & LEGISLATION DIRECTORATE","200281","G7","54470","59900","Team Manager","<5","Unknown","LONDON"
"Department for Environment Food & Rural Affairs","Department for Environment, Food and Rural Affairs","TRADE DELIVERY DIRECTORATE","200308","G7","54470","59900","Team Manager","<5","Unknown","LONDON"
"Department for Environment Food & Rural Affairs","Department for Environment, Food and Rural Affairs","EU AND INTERNATIONAL TRADE DIRECTORATE","200108","G7","54470","59900","Team Manager","<5","Unknown","LONDON"
"Department for Environment Food & Rural Affairs","Department for Environment, Food and Rural Affairs","FINANCE DIRECTORATE","200247","SEO","41220","44500","Team Leader","<5","Unknown","LONDON"
"Department for Environment Food & Rural Affairs","Department for Environment, Food and Rural Affairs","FINANCE DIRECTORATE","200150","HEO","33590","37480","Officer","<5","Unknown","LONDON"
"Department for Environment Food & Rural Affairs","Department for Environment, Food and Rural Affairs","CIRCULAR ECONOMY DIRECTORATE","200238","SEO","41220","44500","Team Leader","<5","Unknown","LONDON"
"Department for Environment Food & Rural Affairs","Department for Environment, Food and Rural Affairs","TRADE DELIVERY DIRECTORATE","200191","EO","28710","32220","Executive Officer","<5","Unknown","LONDON"
"Department for Environment Food & Rural Affairs","Department for Environment, Food and Rural Affairs","GROUP STRATEGY DIRECTORATE","200054","G7","54470","59900","Team Manager","<5","Unknown","LONDON"
"Department for Environment Food & Rural Affairs","Department for Environment, Food and Rural Affairs","GROUP STRATEGY DIRECTORATE","200337","G7","54470","59900","Team Manager","<5","Unknown","LONDON"
"Department for Environment Food & Rural Affairs","Department for Environment, Food and Rural Affairs","DEFRA GROUP PROPERTY DIRECTORATE","200203","HEO","33590","37480","Officer","<5","Unknown","LONDON"
"Department for Environment Food & Rural Affairs","Department for Environment, Food and Rural Affairs","HUMAN RESOURCES DIRECTORATE","200240","G7","54470","59900","Team Manager","<5","Unknown","LONDON"
"Department for Environment Food & Rural Affairs","Department for Environment, Food and Rural Affairs","HUMAN RESOURCES DIRECTORATE","200283","G7","54470","59900","Team Manager","<5","Unknown","LONDON"
"Department for Environment Food & Rural Affairs","Department for Environment, Food and Rural Affairs","FINANCE DIRECTORATE","200114","G7","54470","59900","Team Manager","<5","Unknown","LONDON"
"Department for Environment Food & Rural Affairs","Department for Environment, Food and Rural Affairs","COOD DG OFFICE DIRECTORATE","200075","G6","65430","70690","Senior Manager","<5","Unknown","LONDON"
"Department for Environment Food & Rural Affairs","Department for Environment, Food and Rural Affairs","COMMUNICATIONS DIRECTORATE","200252","SEO","41220","44500","Team Leader","<5","Unknown","LONDON"
"Department for Environment Food & Rural Affairs","Department for Environment, Food and Rural Affairs","COMMUNICATIONS DIRECTORATE","200252","HEO","33590","37480","Officer","<5","Unknown","LONDON"
"Department for Environment Food & Rural Affairs","Department for Environment, Food and Rural Affairs","MARINE AND FISHERIES DIRECTORATE","200130","G7","54470","59900","Team Manager","<5","Unknown","LONDON"
"Department for Environment Food & Rural Affairs","Department for Environment, Food and Rural Affairs","AGRI FOOD CHAIN DIRECTORATE","200174","SEO","41220","44500","Team Leader","<5","Unknown","LONDON"
"Department for Environment Food & Rural Affairs","Department for Environment, Food and Rural Affairs","AGRI FOOD CHAIN DIRECTORATE","200174","G7","54470","59900","Team Manager","<5","Unknown","LONDON"
"Department for Environment Food & Rural Affairs","Department for Environment, Food and Rural Affairs","AGRI FOOD CHAIN DIRECTORATE","200174","HEO","33590","37480","Officer","<5","Unknown","LONDON"
"Department for Environment Food & Rural Affairs","Department for Environment, Food and Rural Affairs","ANIMAL AND PLANT HEALTH DIRECTORATE","200246","SEO","41220","44500","Team Leader","<5","Unknown","LONDON"
"Department for Environment Food & Rural Affairs","Department for Environment, Food and Rural Affairs","ANIMAL AND PLANT HEALTH DIRECTORATE","200246","EO","28710","32220","Executive Officer","<5","Unknown","LONDON"
"Department for Environment Food & Rural Affairs","Department for Environment, Food and Rural Affairs","ANIMAL AND PLANT HEALTH DIRECTORATE","200246","HEO","33590","37480","Officer","<5","Unknown","LONDON"
"Department for Environment Food & Rural Affairs","Department for Environment, Food and Rural Affairs","EU AND INTERNATIONAL TRADE DIRECTORATE","200318","G7","54470","59900","Team Manager","<5","Unknown","LONDON"
"Department for Environment Food & Rural Affairs","Department for Environment, Food and Rural Affairs","MINISTERIAL, GROWTH AND RESILIENCE DIRECTORATE","200138","G7","54470","59900","Team Manager","<5","Unknown","LONDON"
"Department for Environment Food & Rural Affairs","Department for Environment, Food and Rural Affairs","MINISTERIAL, GROWTH AND RESILIENCE DIRECTORATE","200138","AO","25070","28680","Executive Assistant","<5","Unknown","LONDON"
"Department for Environment Food & Rural Affairs","Department for Environment, Food and Rural Affairs","MINISTERIAL, GROWTH AND RESILIENCE DIRECTORATE","200138","HEO","33590","37480","Officer","<5","Unknown","LONDON"
"Department for Environment Food & Rural Affairs","Department for Environment, Food and Rural Affairs","GROUP STRATEGY DIRECTORATE","200208","G7","54470","59900","Team Manager","<5","Unknown","LONDON"
"Department for Environment Food & Rural Affairs","Department for Environment, Food and Rural Affairs","WATER AND FLOOD MANAGEMENT DIRECTORATE","200187","HEO","33590","37480","Officer","<5","Unknown","LONDON"
"Department for Environment Food & Rural Affairs","Department for Environment, Food and Rural Affairs","WATER AND FLOOD MANAGEMENT DIRECTORATE","200187","SEO","41220","44500","Team Leader","<5","Unknown","LONDON"
"Department for Environment Food & Rural Affairs","Department for Environment, Food and Rural Affairs","WATER AND FLOOD MANAGEMENT DIRECTORATE","200187","G7","54470","59900","Team Manager","<5","Unknown","LONDON"
"Department for Environment Food & Rural Affairs","Department for Environment, Food and Rural Affairs","STRATEGY, GOVERNANCE & CLIMATE DIRECTORATE","200199","SEO","41220","44500","Team Leader","<5","Unknown","LONDON"
"Department for Environment Food & Rural Affairs","Department for Environment, Food and Rural Affairs","STRATEGY, GOVERNANCE & CLIMATE DIRECTORATE","200199","G7","54470","59900","Team Manager","<5","Unknown","LONDON"
"Department for Environment Food & Rural Affairs","Department for Environment, Food and Rural Affairs","COMMUNICATIONS DIRECTORATE","200200","SEO","41220","44500","Team Leader","<5","Unknown","LONDON"
"Department for Environment Food & Rural Affairs","Department for Environment, Food and Rural Affairs","EU AND INTERNATIONAL TRADE DIRECTORATE","200322","HEO","33590","37480","Officer","<5","Unknown","LONDON"
"Department for Environment Food & Rural Affairs","Department for Environment, Food and Rural Affairs","EU AND INTERNATIONAL TRADE DIRECTORATE","200322","EO","28710","32220","Executive Officer","<5","Unknown","LONDON"
"Department for Environment Food & Rural Affairs","Department for Environment, Food and Rural Affairs","SCIENCE DIRECTORATE","200112","G7","54470","59900","Team Manager","<5","Unknown","LONDON"
"Department for Environment Food & Rural Affairs","Department for Environment, Food and Rural Affairs","SCIENCE DIRECTORATE","200112","HEO","33590","37480","Officer","<5","Unknown","LONDON"
"Department for Environment Food & Rural Affairs","Department for Environment, Food and Rural Affairs","FARMING DIRECTORATE - ADMIN COSTS","200119","G7","54470","59900","Team Manager","<5","Unknown","LONDON"
"Department for Environment Food & Rural Affairs","Department for Environment, Food and Rural Affairs","FARMING DIRECTORATE - ADMIN COSTS","200119","SEO","41220","44500","Team Leader","<5","Unknown","LONDON"
"Department for Environment Food & Rural Affairs","Department for Environment, Food and Rural Affairs","COMMUNICATIONS DIRECTORATE","200119","G7","54470","59900","Team Manager","<5","Unknown","LONDON"
"Department for Environment Food & Rural Affairs","Department for Environment, Food and Rural Affairs","COMMUNICATIONS DIRECTORATE","200119","SEO","41220","44500","Team Leader","<5","Unknown","LONDON"
"Department for Environment Food & Rural Affairs","Department for Environment, Food and Rural Affairs","COMMUNICATIONS DIRECTORATE","200119","HEO","33590","37480","Officer","<5","Unknown","LONDON"
"Department for Environment Food & Rural Affairs","Department for Environment, Food and Rural Affairs","COMMUNICATIONS DIRECTORATE","200119","EO","28710","32220","Executive Officer","<5","Unknown","LONDON"
"Department for Environment Food & Rural Affairs","Department for Environment, Food and Rural Affairs","ANALYSIS DIRECTORATE","200155","HEO","33590","37480","Officer","<5","Unknown","LONDON"
"Department for Environment Food & Rural Affairs","Department for Environment, Food and Rural Affairs","AGRI FOOD CHAIN DIRECTORATE","200332","HEO","33590","37480","Officer","<5","Unknown","LONDON"
"Department for Environment Food & Rural Affairs","Department for Environment, Food and Rural Affairs","MARINE AND FISHERIES DIRECTORATE","200289","EO","28710","32220","Executive Officer","<5","Unknown","LONDON"
"Department for Environment Food & Rural Affairs","Department for Environment, Food and Rural Affairs","STRATEGY AND WATER DG OFFICES DIRECTORATE","200239","AO","25070","28680","Executive Assistant","<5","Unknown","LONDON"
"Department for Environment Food & Rural Affairs","Department for Environment, Food and Rural Affairs","STRATEGY AND WATER DG OFFICES DIRECTORATE","200239","EO","28710","32220","Executive Officer","<5","Unknown","LONDON"
"Department for Environment Food & Rural Affairs","Department for Environment, Food and Rural Affairs","GCS STRATEGY, PARTNERSHIPS AND OPERATIONS DIRECTORATE","200253","HEO","33590","37480","Officer","<5","Unknown","LONDON"
"Department for Environment Food & Rural Affairs","Department for Environment, Food and Rural Affairs","HUMAN RESOURCES DIRECTORATE","200296","HEO","33590","37480","Officer","<5","Unknown","LONDON"
"Department for Environment Food & Rural Affairs","Department for Environment, Food and Rural Affairs","MARINE AND FISHERIES DIRECTORATE","200289","SEO","41220","44500","Team Leader","<5","Unknown","LONDON"
"Department for Environment Food & Rural Affairs","Department for Environment, Food and Rural Affairs","WATER AND FLOOD MANAGEMENT DIRECTORATE","200311","EO","28710","32220","Executive Officer","<5","Unknown","LONDON"
"Department for Environment Food & Rural Affairs","Department for Environment, Food and Rural Affairs","EU AND INTERNATIONAL TRADE DIRECTORATE","200317","EO","28710","32220","Executive Officer","<5","Unknown","LONDON"
"Department for Environment Food & Rural Affairs","Department for Environment, Food and Rural Affairs","MARINE AND FISHERIES DIRECTORATE","200115","HEO","33590","37480","Officer","<5","Unknown","LONDON"
"Department for Environment Food & Rural Affairs","Department for Environment, Food and Rural Affairs","ANIMAL AND PLANT HEALTH DIRECTORATE","200110","G6","65430","70690","Senior Manager","<5","Unknown","LONDON"
"Department for Environment Food & Rural Affairs","Department for Environment, Food and Rural Affairs","ENV QUALITY, INFRASTRUCTURE & PLANNING DIRECTORATE","200109","G6","65430","70690","Senior Manager","<5","Unknown","LONDON"
"Department for Environment Food & Rural Affairs","Department for Environment, Food and Rural Affairs","TRADE DELIVERY DIRECTORATE","200185","AO","25070","28680","Executive Assistant","<5","Unknown","LONDON"
"Department for Environment Food & Rural Affairs","Department for Environment, Food and Rural Affairs","AGRI FOOD CHAIN DIRECTORATE","200137","HEO","33590","37480","Officer","<5","Unknown","LONDON"
"Department for Environment Food & Rural Affairs","Department for Environment, Food and Rural Affairs","ANALYSIS DIRECTORATE","200282","G6","65430","70690","Senior Manager","<5","Unknown","LONDON"
"Department for Environment Food & Rural Affairs","Department for Environment, Food and Rural Affairs","FARMING DIRECTORATE - ADMIN COSTS","200017","EO","28710","32220","Executive Officer","<5","Unknown","LONDON"
"Department for Environment Food & Rural Affairs","Department for Environment, Food and Rural Affairs","HUMAN RESOURCES DIRECTORATE","200296","G6","65430","70690","Senior Manager","<5","Unknown","LONDON"
"Department for Environment Food & Rural Affairs","Department for Environment, Food and Rural Affairs","MARINE AND FISHERIES DIRECTORATE","200130","G6","65430","70690","Senior Manager","<5","Unknown","LONDON"
"Department for Environment Food & Rural Affairs","Department for Environment, Food and Rural Affairs","ANIMAL AND PLANT HEALTH DIRECTORATE","200246","AO","25070","28680","Executive Assistant","<5","Unknown","LONDON"
"Department for Environment Food & Rural Affairs","Department for Environment, Food and Rural Affairs","STRATEGY, GOVERNANCE & CLIMATE DIRECTORATE","200199","G6","65430","70690","Senior Manager","<5","Unknown","LONDON"
"Department for Environment Food & Rural Affairs","Department for Environment, Food and Rural Affairs","GROUP STRATEGY DIRECTORATE","200058","SEO","41220","44500","Team Leader","<5","Unknown","LONDON"
"Department for Environment Food & Rural Affairs","Department for Environment, Food and Rural Affairs","STRATEGY, GOVERNANCE & CLIMATE DIRECTORATE","200095","SEO","41220","44500","Team Leader","<5","Unknown","LONDON"
"Department for Environment Food & Rural Affairs","Department for Environment, Food and Rural Affairs","STRATEGY, GOVERNANCE & CLIMATE DIRECTORATE","200207","SEO","41220","44500","Team Leader","<5","Unknown","LONDON"
"Department for Environment Food & Rural Affairs","Department for Environment, Food and Rural Affairs","SCIENCE DIRECTORATE","200236","SEO","41220","44500","Team Leader","<5","Unknown","LONDON"
"Department for Environment Food & Rural Affairs","Department for Environment, Food and Rural Affairs","FOOD FARMING AND BIOSECURITY DG OFFICE DIRECTORATE","200268","SEO","41220","44500","Team Leader","<5","Unknown","LONDON"
"Department for Environment Food & Rural Affairs","Department for Environment, Food and Rural Affairs","CIRCULAR ECONOMY DIRECTORATE","200147","G7","54470","59900","Team Manager","<5","Unknown","LONDON"
"Department for Environment Food & Rural Affairs","Department for Environment, Food and Rural Affairs","FARMING DIRECTORATE - ADMIN COSTS","200046","G7","54470","59900","Team Manager","<5","Unknown","LONDON"
"Department for Environment Food & Rural Affairs","Department for Environment, Food and Rural Affairs","CIRCULAR ECONOMY DIRECTORATE","200293","G7","54470","59900","Team Manager","<5","Unknown","LONDON"
"Department for Environment Food & Rural Affairs","Department for Environment, Food and Rural Affairs","COMMUNICATIONS DIRECTORATE","200288","G7","54470","59900","Team Manager","<5","Unknown","LONDON"
"Department for Environment Food & Rural Affairs","Department for Environment, Food and Rural Affairs","EU RESET STRATEGY & LEGISLATION DIRECTORATE","200005","G7","54470","59900","Team Manager","<5","Unknown","LONDON"
"Department for Environment Food & Rural Affairs","Department for Environment, Food and Rural Affairs","ANIMAL AND PLANT HEALTH DIRECTORATE","200246","G7","54470","59900","Team Manager","<5","Unknown","LONDON"
"Department for Environment Food & Rural Affairs","Department for Environment, Food and Rural Affairs","COMMERCIAL DIRECTORATE","200270","HEO","33590","37480","Officer","<5","Unknown","LONDON"
"Department for Environment Food & Rural Affairs","Department for Environment, Food and Rural Affairs","COMMERCIAL DIRECTORATE","200270","SEO","41220","44500","Team Leader","<5","Unknown","LONDON"
"Department for Environment Food & Rural Affairs","Department for Environment, Food and Rural Affairs","ANIMAL AND PLANT HEALTH DIRECTORATE","200104","G6","65430","70690","Senior Manager","<5","Policy","LONDON"
"Department for Environment Food & Rural Affairs","Department for Environment, Food and Rural Affairs","ANIMAL AND PLANT HEALTH DIRECTORATE","200104","EO","28710","32220","Executive Officer","<5","Policy","LONDON"
"Department for Environment Food & Rural Affairs","Department for Environment, Food and Rural Affairs","ANIMAL AND PLANT HEALTH DIRECTORATE","200104","HEO","33590","37480","Officer","<5","Policy","LONDON"
"Department for Environment Food & Rural Affairs","Department for Environment, Food and Rural Affairs","COMMUNICATIONS DIRECTORATE","200104","EO","28710","32220","Executive Officer","<5","Policy","LONDON"
"Department for Environment Food & Rural Affairs","Department for Environment, Food and Rural Affairs","FARMING DIRECTORATE - ADMIN COSTS","200104","SEO","41220","44500","Team Leader","<5","Policy","LONDON"
"Department for Environment Food & Rural Affairs","Department for Environment, Food and Rural Affairs","ANIMAL AND PLANT HEALTH DIRECTORATE","200120","G7","54470","59900","Team Manager","<5","Policy","LONDON"
"Department for Environment Food & Rural Affairs","Department for Environment, Food and Rural Affairs","ANIMAL AND PLANT HEALTH DIRECTORATE","200120","AO","25070","28680","Executive Assistant","<5","Policy","LONDON"
"Department for Environment Food & Rural Affairs","Department for Environment, Food and Rural Affairs","ANIMAL AND PLANT HEALTH DIRECTORATE","200120","EO","28710","32220","Executive Officer","<5","Policy","LONDON"
"Department for Environment Food & Rural Affairs","Department for Environment, Food and Rural Affairs","ANIMAL AND PLANT HEALTH DIRECTORATE","200120","G6","65430","70690","Senior Manager","<5","Policy","LONDON"
"Department for Environment Food & Rural Affairs","Department for Environment, Food and Rural Affairs","ANIMAL AND PLANT HEALTH DIRECTORATE","200120","HEO","33590","37480","Officer","<5","Policy","LONDON"
"Department for Environment Food & Rural Affairs","Department for Environment, Food and Rural Affairs","FARMING DIRECTORATE - ADMIN COSTS","200020","G7","54470","59900","Team Manager","<5","Policy","LONDON"
"Department for Environment Food & Rural Affairs","Department for Environment, Food and Rural Affairs","FARMING DIRECTORATE - ADMIN COSTS","200020","G6","65430","70690","Senior Manager","<5","Policy","LONDON"
"Department for Environment Food & Rural Affairs","Department for Environment, Food and Rural Affairs","FARMING DIRECTORATE - ADMIN COSTS","200020","SEO","41220","44500","Team Leader","<5","Policy","LONDON"
"Department for Environment Food & Rural Affairs","Department for Environment, Food and Rural Affairs","BIODIVERSITY, LAND USE & INVESTMENT DIRECTORATE","200124","G7","54470","59900","Team Manager","<5","Policy","LONDON"
"Department for Environment Food & Rural Affairs","Department for Environment, Food and Rural Affairs","BIODIVERSITY, LAND USE & INVESTMENT DIRECTORATE","200124","HEO","33590","37480","Officer","<5","Policy","LONDON"
"Department for Environment Food & Rural Affairs","Department for Environment, Food and Rural Affairs","BIODIVERSITY, LAND USE & INVESTMENT DIRECTORATE","200124","G6","65430","70690","Senior Manager","<5","Policy","LONDON"
"Department for Environment Food & Rural Affairs","Department for Environment, Food and Rural Affairs","BIODIVERSITY, LAND USE & INVESTMENT DIRECTORATE","200124","SEO","41220","44500","Team Leader","<5","Policy","LONDON"
"Department for Environment Food & Rural Affairs","Department for Environment, Food and Rural Affairs","MARINE AND FISHERIES DIRECTORATE","200098","HEO","33590","37480","Officer","<5","Policy","LONDON"
"Department for Environment Food & Rural Affairs","Department for Environment, Food and Rural Affairs","MARINE AND FISHERIES DIRECTORATE","200098","G6","65430","70690","Senior Manager","<5","Policy","LONDON"
"Department for Environment Food & Rural Affairs","Department for Environment, Food and Rural Affairs","EU RESET STRATEGY & LEGISLATION DIRECTORATE","200005","G7","54470","59900","Team Manager","<5","Policy","LONDON"
"Department for Environment Food & Rural Affairs","Department for Environment, Food and Rural Affairs","EU RESET STRATEGY & LEGISLATION DIRECTORATE","200005","SEO","41220","44500","Team Leader","<5","Policy","LONDON"
"Department for Environment Food & Rural Affairs","Department for Environment, Food and Rural Affairs","AGRI FOOD CHAIN DIRECTORATE","200332","G7","54470","59900","Team Manager","<5","Policy","LONDON"
"Department for Environment Food & Rural Affairs","Department for Environment, Food and Rural Affairs","AGRI FOOD CHAIN DIRECTORATE","200332","HEO","33590","37480","Officer","<5","Policy","LONDON"
"Department for Environment Food & Rural Affairs","Department for Environment, Food and Rural Affairs","AGRI FOOD CHAIN DIRECTORATE","200332","G6","65430","70690","Senior Manager","<5","Policy","LONDON"
"Department for Environment Food & Rural Affairs","Department for Environment, Food and Rural Affairs","AGRI FOOD CHAIN DIRECTORATE","200332","SEO","41220","44500","Team Leader","<5","Policy","LONDON"
"Department for Environment Food & Rural Affairs","Department for Environment, Food and Rural Affairs","WATER AND FLOOD MANAGEMENT DIRECTORATE","200211","G7","54470","59900","Team Manager","<5","Policy","LONDON"
"Department for Environment Food & Rural Affairs","Department for Environment, Food and Rural Affairs","WATER AND FLOOD MANAGEMENT DIRECTORATE","200211","G6","65430","70690","Senior Manager","<5","Policy","LONDON"
"Department for Environment Food & Rural Affairs","Department for Environment, Food and Rural Affairs","EU AND INTERNATIONAL TRADE DIRECTORATE","200211","HEO","33590","37480","Officer","<5","Policy","LONDON"
"Department for Environment Food & Rural Affairs","Department for Environment, Food and Rural Affairs","WATER AND FLOOD MANAGEMENT DIRECTORATE","200211","SEO","41220","44500","Team Leader","<5","Policy","LONDON"
"Department for Environment Food & Rural Affairs","Department for Environment, Food and Rural Affairs","WATER AND FLOOD MANAGEMENT DIRECTORATE","200008","HEO","33590","37480","Officer","<5","Policy","LONDON"
"Department for Environment Food & Rural Affairs","Department for Environment, Food and Rural Affairs","ENV QUALITY, INFRASTRUCTURE & PLANNING DIRECTORATE","200008","G6","65430","70690","Senior Manager","<5","Policy","LONDON"
"Department for Environment Food & Rural Affairs","Department for Environment, Food and Rural Affairs","WATER AND FLOOD MANAGEMENT DIRECTORATE","200008","SEO","41220","44500","Team Leader","<5","Policy","LONDON"
"Department for Environment Food & Rural Affairs","Department for Environment, Food and Rural Affairs","ANIMAL AND PLANT HEALTH DIRECTORATE","200089","G7","54470","59900","Team Manager","<5","Policy","LONDON"
"Department for Environment Food & Rural Affairs","Department for Environment, Food and Rural Affairs","ANIMAL AND PLANT HEALTH DIRECTORATE","200089","HEO","33590","37480","Officer","<5","Policy","LONDON"
"Department for Environment Food & Rural Affairs","Department for Environment, Food and Rural Affairs","ANIMAL AND PLANT HEALTH DIRECTORATE","200089","SEO","41220","44500","Team Leader","<5","Policy","LONDON"
"Department for Environment Food & Rural Affairs","Department for Environment, Food and Rural Affairs","WATER AND FLOOD MANAGEMENT DIRECTORATE","200144","G7","54470","59900","Team Manager","<5","Policy","LONDON"
"Department for Environment Food & Rural Affairs","Department for Environment, Food and Rural Affairs","WATER AND FLOOD MANAGEMENT DIRECTORATE","200144","G6","65430","70690","Senior Manager","<5","Policy","LONDON"
"Department for Environment Food & Rural Affairs","Department for Environment, Food and Rural Affairs","INTERNATIONAL BIODIVERSITY AND CLIMATE DIRECTORATE","200144","HEO","33590","37480","Officer","<5","Policy","LONDON"
"Department for Environment Food & Rural Affairs","Department for Environment, Food and Rural Affairs","WATER AND FLOOD MANAGEMENT DIRECTORATE","200144","HEO","33590","37480","Officer","<5","Policy","LONDON"
"Department for Environment Food & Rural Affairs","Department for Environment, Food and Rural Affairs","WATER AND FLOOD MANAGEMENT DIRECTORATE","200144","EO","28710","32220","Executive Officer","<5","Policy","LONDON"
"Department for Environment Food & Rural Affairs","Department for Environment, Food and Rural Affairs","ENV QUALITY, INFRASTRUCTURE & PLANNING DIRECTORATE","200109","G6","65430","70690","Senior Manager","<5","Policy","LONDON"
"Department for Environment Food & Rural Affairs","Department for Environment, Food and Rural Affairs","ENV QUALITY, INFRASTRUCTURE & PLANNING DIRECTORATE","200109","HEO","33590","37480","Officer","<5","Policy","LONDON"
"Department for Environment Food & Rural Affairs","Department for Environment, Food and Rural Affairs","ENV QUALITY, INFRASTRUCTURE & PLANNING DIRECTORATE","200109","SEO","41220","44500","Team Leader","<5","Policy","LONDON"
"Department for Environment Food & Rural Affairs","Department for Environment, Food and Rural Affairs","ANIMAL AND PLANT HEALTH DIRECTORATE","200083","AO","25070","28680","Executive Assistant","<5","Policy","LONDON"
"Department for Environment Food & Rural Affairs","Department for Environment, Food and Rural Affairs","ANIMAL AND PLANT HEALTH DIRECTORATE","200083","EO","28710","32220","Executive Officer","<5","Policy","LONDON"
"Department for Environment Food & Rural Affairs","Department for Environment, Food and Rural Affairs","TRADE DELIVERY DIRECTORATE","200012","G7","54470","59900","Team Manager","<5","Policy","LONDON"
"Department for Environment Food & Rural Affairs","Department for Environment, Food and Rural Affairs","TRADE DELIVERY DIRECTORATE","200012","HEO","33590","37480","Officer","<5","Policy","LONDON"
"Department for Environment Food & Rural Affairs","Department for Environment, Food and Rural Affairs","TRADE DELIVERY DIRECTORATE","200012","G6","65430","70690","Senior Manager","<5","Policy","LONDON"
"Department for Environment Food & Rural Affairs","Department for Environment, Food and Rural Affairs","TRADE DELIVERY DIRECTORATE","200012","SEO","41220","44500","Team Leader","<5","Policy","LONDON"
"Department for Environment Food & Rural Affairs","Department for Environment, Food and Rural Affairs","MINISTERIAL, GROWTH AND RESILIENCE DIRECTORATE","200194","G6","65430","70690","Senior Manager","<5","Policy","LONDON"
"Department for Environment Food & Rural Affairs","Department for Environment, Food and Rural Affairs","ENV QUALITY, INFRASTRUCTURE & PLANNING DIRECTORATE","200082","G7","54470","59900","Team Manager","<5","Policy","LONDON"
"Department for Environment Food & Rural Affairs","Department for Environment, Food and Rural Affairs","ENV QUALITY, INFRASTRUCTURE & PLANNING DIRECTORATE","200082","EO","28710","32220","Executive Officer","<5","Policy","LONDON"
"Department for Environment Food & Rural Affairs","Department for Environment, Food and Rural Affairs","ENV QUALITY, INFRASTRUCTURE & PLANNING DIRECTORATE","200082","HEO","33590","37480","Officer","<5","Policy","LONDON"
"Department for Environment Food & Rural Affairs","Department for Environment, Food and Rural Affairs","ENV QUALITY, INFRASTRUCTURE & PLANNING DIRECTORATE","200082","G6","65430","70690","Senior Manager","<5","Policy","LONDON"
"Department for Environment Food & Rural Affairs","Department for Environment, Food and Rural Affairs","ENV QUALITY, INFRASTRUCTURE & PLANNING DIRECTORATE","200082","SEO","41220","44500","Team Leader","<5","Policy","LONDON"
"Department for Environment Food & Rural Affairs","Department for Environment, Food and Rural Affairs","CIRCULAR ECONOMY DIRECTORATE","200147","G6","65430","70690","Senior Manager","<5","Policy","LONDON"
"Department for Environment Food & Rural Affairs","Department for Environment, Food and Rural Affairs","CIRCULAR ECONOMY DIRECTORATE","200147","HEO","33590","37480","Officer","<5","Policy","LONDON"
"Department for Environment Food & Rural Affairs","Department for Environment, Food and Rural Affairs","CIRCULAR ECONOMY DIRECTORATE","200147","SEO","41220","44500","Team Leader","<5","Policy","LONDON"
"Department for Environment Food & Rural Affairs","Department for Environment, Food and Rural Affairs","AGRI FOOD CHAIN DIRECTORATE","200137","HEO","33590","37480","Officer","<5","Policy","LONDON"
"Department for Environment Food & Rural Affairs","Department for Environment, Food and Rural Affairs","AGRI FOOD CHAIN DIRECTORATE","200137","EO","28710","32220","Executive Officer","<5","Policy","LONDON"
"Department for Environment Food & Rural Affairs","Department for Environment, Food and Rural Affairs","AGRI FOOD CHAIN DIRECTORATE","200137","G6","65430","70690","Senior Manager","<5","Policy","LONDON"
"Department for Environment Food & Rural Affairs","Department for Environment, Food and Rural Affairs","BIODIVERSITY, LAND USE & INVESTMENT DIRECTORATE","200132","G7","54470","59900","Team Manager","<5","Policy","LONDON"
"Department for Environment Food & Rural Affairs","Department for Environment, Food and Rural Affairs","BIODIVERSITY, LAND USE & INVESTMENT DIRECTORATE","200132","G6","65430","70690","Senior Manager","<5","Policy","LONDON"
"Department for Environment Food & Rural Affairs","Department for Environment, Food and Rural Affairs","BIODIVERSITY, LAND USE & INVESTMENT DIRECTORATE","200132","SEO","41220","44500","Team Leader","<5","Policy","LONDON"
"Department for Environment Food & Rural Affairs","Department for Environment, Food and Rural Affairs","FARMING DIRECTORATE - ADMIN COSTS","200017","G6","65430","70690","Senior Manager","<5","Policy","LONDON"
"Department for Environment Food & Rural Affairs","Department for Environment, Food and Rural Affairs","FARMING DIRECTORATE - ADMIN COSTS","200017","G7","54470","59900","Team Manager","<5","Policy","LONDON"
"Department for Environment Food & Rural Affairs","Department for Environment, Food and Rural Affairs","MARINE AND FISHERIES DIRECTORATE","200088","G7","54470","59900","Team Manager","<5","Policy","LONDON"
"Department for Environment Food & Rural Affairs","Department for Environment, Food and Rural Affairs","MARINE AND FISHERIES DIRECTORATE","200088","G6","65430","70690","Senior Manager","<5","Policy","LONDON"
"Department for Environment Food & Rural Affairs","Department for Environment, Food and Rural Affairs","MARINE AND FISHERIES DIRECTORATE","200088","SEO","41220","44500","Team Leader","<5","Policy","LONDON"
"Department for Environment Food & Rural Affairs","Department for Environment, Food and Rural Affairs","WATER AND FLOOD MANAGEMENT DIRECTORATE","200302","G7","54470","59900","Team Manager","<5","Policy","LONDON"
"Department for Environment Food & Rural Affairs","Department for Environment, Food and Rural Affairs","WATER AND FLOOD MANAGEMENT DIRECTORATE","200302","G6","65430","70690","Senior Manager","<5","Policy","LONDON"
"Department for Environment Food & Rural Affairs","Department for Environment, Food and Rural Affairs","FARMING DIRECTORATE - ADMIN COSTS","200126","G7","54470","59900","Team Manager","<5","Policy","LONDON"
"Department for Environment Food & Rural Affairs","Department for Environment, Food and Rural Affairs","GROUP STRATEGY DIRECTORATE","200058","HEO","33590","37480","Officer","<5","Policy","LONDON"
"Department for Environment Food & Rural Affairs","Department for Environment, Food and Rural Affairs","GROUP STRATEGY DIRECTORATE","200058","G6","65430","70690","Senior Manager","<5","Policy","LONDON"
"Department for Environment Food & Rural Affairs","Department for Environment, Food and Rural Affairs","EU AND INTERNATIONAL TRADE DIRECTORATE","200058","HEO","33590","37480","Officer","<5","Policy","LONDON"
"Department for Environment Food & Rural Affairs","Department for Environment, Food and Rural Affairs","MARINE AND FISHERIES DIRECTORATE","200272","G7","54470","59900","Team Manager","<5","Policy","LONDON"
"Department for Environment Food & Rural Affairs","Department for Environment, Food and Rural Affairs","MARINE AND FISHERIES DIRECTORATE","200272","HEO","33590","37480","Officer","<5","Policy","LONDON"
"Department for Environment Food & Rural Affairs","Department for Environment, Food and Rural Affairs","MARINE AND FISHERIES DIRECTORATE","200272","SEO","41220","44500","Team Leader","<5","Policy","LONDON"
"Department for Environment Food & Rural Affairs","Department for Environment, Food and Rural Affairs","CIRCULAR ECONOMY DIRECTORATE","200293","G7","54470","59900","Team Manager","<5","Policy","LONDON"
"Department for Environment Food & Rural Affairs","Department for Environment, Food and Rural Affairs","CIRCULAR ECONOMY DIRECTORATE","200293","G6","65430","70690","Senior Manager","<5","Policy","LONDON"
"Department for Environment Food & Rural Affairs","Department for Environment, Food and Rural Affairs","CIRCULAR ECONOMY DIRECTORATE","200293","HEO","33590","37480","Officer","<5","Policy","LONDON"
"Department for Environment Food & Rural Affairs","Department for Environment, Food and Rural Affairs","WATER AND FLOOD MANAGEMENT DIRECTORATE","200128","G7","54470","59900","Team Manager","<5","Policy","LONDON"
"Department for Environment Food & Rural Affairs","Department for Environment, Food and Rural Affairs","WATER AND FLOOD MANAGEMENT DIRECTORATE","200128","HEO","33590","37480","Officer","<5","Policy","LONDON"
"Department for Environment Food & Rural Affairs","Department for Environment, Food and Rural Affairs","WATER AND FLOOD MANAGEMENT DIRECTORATE","200128","G6","65430","70690","Senior Manager","<5","Policy","LONDON"
"Department for Environment Food & Rural Affairs","Department for Environment, Food and Rural Affairs","OFFICIAL DEVELOPMENT ASSISTANCE DIRECTORATE","200025","HEO","33590","37480","Officer","<5","Policy","LONDON"
"Department for Environment Food & Rural Affairs","Department for Environment, Food and Rural Affairs","EU AND INTERNATIONAL TRADE DIRECTORATE","200105","G7","54470","59900","Team Manager","<5","Policy","LONDON"
"Department for Environment Food & Rural Affairs","Department for Environment, Food and Rural Affairs","EU AND INTERNATIONAL TRADE DIRECTORATE","200105","HEO","33590","37480","Officer","<5","Policy","LONDON"
"Department for Environment Food & Rural Affairs","Department for Environment, Food and Rural Affairs","EU AND INTERNATIONAL TRADE DIRECTORATE","200105","SEO","41220","44500","Team Leader","<5","Policy","LONDON"
"Department for Environment Food & Rural Affairs","Department for Environment, Food and Rural Affairs","CIRCULAR ECONOMY DIRECTORATE","200026","G7","54470","59900","Team Manager","<5","Policy","LONDON"
"Department for Environment Food & Rural Affairs","Department for Environment, Food and Rural Affairs","CIRCULAR ECONOMY DIRECTORATE","200026","HEO","33590","37480","Officer","<5","Policy","LONDON"
"Department for Environment Food & Rural Affairs","Department for Environment, Food and Rural Affairs","CIRCULAR ECONOMY DIRECTORATE","200026","SEO","41220","44500","Team Leader","<5","Policy","LONDON"
"Department for Environment Food & Rural Affairs","Department for Environment, Food and Rural Affairs","STRATEGY AND WATER DG OFFICES DIRECTORATE","200239","G7","54470","59900","Team Manager","<5","Policy","LONDON"
"Department for Environment Food & Rural Affairs","Department for Environment, Food and Rural Affairs","MINISTERIAL, GROWTH AND RESILIENCE DIRECTORATE","200239","G7","54470","59900","Team Manager","<5","Policy","LONDON"
"Department for Environment Food & Rural Affairs","Department for Environment, Food and Rural Affairs","STRATEGY AND WATER DG OFFICES DIRECTORATE","200239","EO","28710","32220","Executive Officer","<5","Policy","LONDON"
"Department for Environment Food & Rural Affairs","Department for Environment, Food and Rural Affairs","STRATEGY AND WATER DG OFFICES DIRECTORATE","200239","HEO","33590","37480","Officer","<5","Policy","LONDON"
"Department for Environment Food & Rural Affairs","Department for Environment, Food and Rural Affairs","MINISTERIAL, GROWTH AND RESILIENCE DIRECTORATE","200239","HEO","33590","37480","Officer","<5","Policy","LONDON"
"Department for Environment Food & Rural Affairs","Department for Environment, Food and Rural Affairs","MINISTERIAL, GROWTH AND RESILIENCE DIRECTORATE","200239","SEO","41220","44500","Team Leader","<5","Policy","LONDON"
"Department for Environment Food & Rural Affairs","Department for Environment, Food and Rural Affairs","BIODIVERSITY, LAND USE & INVESTMENT DIRECTORATE","200040","G7","54470","59900","Team Manager","<5","Policy","LONDON"
"Department for Environment Food & Rural Affairs","Department for Environment, Food and Rural Affairs","BIODIVERSITY, LAND USE & INVESTMENT DIRECTORATE","200040","SEO","41220","44500","Team Leader","<5","Policy","LONDON"
"Department for Environment Food & Rural Affairs","Department for Environment, Food and Rural Affairs","INTERNATIONAL BIODIVERSITY AND CLIMATE DIRECTORATE","200287","G7","54470","59900","Team Manager","<5","Policy","LONDON"
"Department for Environment Food & Rural Affairs","Department for Environment, Food and Rural Affairs","INTERNATIONAL BIODIVERSITY AND CLIMATE DIRECTORATE","200287","HEO","33590","37480","Officer","<5","Policy","LONDON"
"Department for Environment Food & Rural Affairs","Department for Environment, Food and Rural Affairs","INTERNATIONAL BIODIVERSITY AND CLIMATE DIRECTORATE","200287","SEO","41220","44500","Team Leader","<5","Policy","LONDON"
"Department for Environment Food & Rural Affairs","Department for Environment, Food and Rural Affairs","MINISTERIAL, GROWTH AND RESILIENCE DIRECTORATE","200205","G7","54470","59900","Team Manager","<5","Policy","LONDON"
"Department for Environment Food & Rural Affairs","Department for Environment, Food and Rural Affairs","MINISTERIAL, GROWTH AND RESILIENCE DIRECTORATE","200205","G6","65430","70690","Senior Manager","<5","Policy","LONDON"
"Department for Environment Food & Rural Affairs","Department for Environment, Food and Rural Affairs","MINISTERIAL, GROWTH AND RESILIENCE DIRECTORATE","200205","EO","28710","32220","Executive Officer","<5","Policy","LONDON"
"Department for Environment Food & Rural Affairs","Department for Environment, Food and Rural Affairs","MINISTERIAL, GROWTH AND RESILIENCE DIRECTORATE","200205","SEO","41220","44500","Team Leader","<5","Policy","LONDON"
"Department for Environment Food & Rural Affairs","Department for Environment, Food and Rural Affairs","EU RESET STRATEGY & LEGISLATION DIRECTORATE","200205","SEO","41220","44500","Team Leader","<5","Policy","LONDON"
"Department for Environment Food & Rural Affairs","Department for Environment, Food and Rural Affairs","MINISTERIAL, GROWTH AND RESILIENCE DIRECTORATE","200241","SEO","41220","44500","Team Leader","<5","Policy","LONDON"
"Department for Environment Food & Rural Affairs","Department for Environment, Food and Rural Affairs","ENV QUALITY, INFRASTRUCTURE & PLANNING DIRECTORATE","200131","G7","54470","59900","Team Manager","<5","Policy","LONDON"
"Department for Environment Food & Rural Affairs","Department for Environment, Food and Rural Affairs","ENV QUALITY, INFRASTRUCTURE & PLANNING DIRECTORATE","200131","SEO","41220","44500","Team Leader","<5","Policy","LONDON"
"Department for Environment Food & Rural Affairs","Department for Environment, Food and Rural Affairs","DEFRA GROUP PROPERTY DIRECTORATE","200186","G7","54470","59900","Team Manager","<5","Policy","LONDON"
"Department for Environment Food & Rural Affairs","Department for Environment, Food and Rural Affairs","DEFRA GROUP PROPERTY DIRECTORATE","200186","SEO","41220","44500","Team Leader","<5","Policy","LONDON"
"Department for Environment Food & Rural Affairs","Department for Environment, Food and Rural Affairs","EU RESET STRATEGY & LEGISLATION DIRECTORATE","200335","G7","54470","59900","Team Manager","<5","Policy","LONDON"
"Department for Environment Food & Rural Affairs","Department for Environment, Food and Rural Affairs","TRADE DELIVERY DIRECTORATE","200335","G6","65430","70690","Senior Manager","<5","Policy","LONDON"
"Department for Environment Food & Rural Affairs","Department for Environment, Food and Rural Affairs","STRATEGY, GOVERNANCE & CLIMATE DIRECTORATE","200335","G7","54470","59900","Team Manager","<5","Policy","LONDON"
"Department for Environment Food & Rural Affairs","Department for Environment, Food and Rural Affairs","MARINE AND FISHERIES DIRECTORATE","200130","G7","54470","59900","Team Manager","<5","Policy","LONDON"
"Department for Environment Food & Rural Affairs","Department for Environment, Food and Rural Affairs","MARINE AND FISHERIES DIRECTORATE","200130","G6","65430","70690","Senior Manager","<5","Policy","LONDON"
"Department for Environment Food & Rural Affairs","Department for Environment, Food and Rural Affairs","MARINE AND FISHERIES DIRECTORATE","200130","HEO","33590","37480","Officer","<5","Policy","LONDON"
"Department for Environment Food & Rural Affairs","Department for Environment, Food and Rural Affairs","MARINE AND FISHERIES DIRECTORATE","200130","SEO","41220","44500","Team Leader","<5","Policy","LONDON"
"Department for Environment Food & Rural Affairs","Department for Environment, Food and Rural Affairs","MINISTERIAL, GROWTH AND RESILIENCE DIRECTORATE","200138","G7","54470","59900","Team Manager","<5","Policy","LONDON"
"Department for Environment Food & Rural Affairs","Department for Environment, Food and Rural Affairs","MINISTERIAL, GROWTH AND RESILIENCE DIRECTORATE","200138","EO","28710","32220","Executive Officer","<5","Policy","LONDON"
"Department for Environment Food & Rural Affairs","Department for Environment, Food and Rural Affairs","MINISTERIAL, GROWTH AND RESILIENCE DIRECTORATE","200138","G6","65430","70690","Senior Manager","<5","Policy","LONDON"
"Department for Environment Food & Rural Affairs","Department for Environment, Food and Rural Affairs","MINISTERIAL, GROWTH AND RESILIENCE DIRECTORATE","200138","SEO","41220","44500","Team Leader","<5","Policy","LONDON"
"Department for Environment Food & Rural Affairs","Department for Environment, Food and Rural Affairs","WATER AND FLOOD MANAGEMENT DIRECTORATE","200187","EO","28710","32220","Executive Officer","<5","Policy","LONDON"
"Department for Environment Food & Rural Affairs","Department for Environment, Food and Rural Affairs","WATER AND FLOOD MANAGEMENT DIRECTORATE","200187","HEO","33590","37480","Officer","<5","Policy","LONDON"
"Department for Environment Food & Rural Affairs","Department for Environment, Food and Rural Affairs","EU AND INTERNATIONAL TRADE DIRECTORATE","200322","G7","54470","59900","Team Manager","<5","Policy","LONDON"
"Department for Environment Food & Rural Affairs","Department for Environment, Food and Rural Affairs","EU AND INTERNATIONAL TRADE DIRECTORATE","200322","HEO","33590","37480","Officer","<5","Policy","LONDON"
"Department for Environment Food & Rural Affairs","Department for Environment, Food and Rural Affairs","EU AND INTERNATIONAL TRADE DIRECTORATE","200322","SEO","41220","44500","Team Leader","<5","Policy","LONDON"
"Department for Environment Food & Rural Affairs","Department for Environment, Food and Rural Affairs","DEFRA GROUP PROPERTY DIRECTORATE","200078","HEO","33590","37480","Officer","<5","Policy","LONDON"
"Department for Environment Food & Rural Affairs","Department for Environment, Food and Rural Affairs","FARMING DIRECTORATE - ADMIN COSTS","200046","G7","54470","59900","Team Manager","<5","Policy","LONDON"
"Department for Environment Food & Rural Affairs","Department for Environment, Food and Rural Affairs","FARMING DIRECTORATE - ADMIN COSTS","200046","G6","65430","70690","Senior Manager","<5","Policy","LONDON"
"Department for Environment Food & Rural Affairs","Department for Environment, Food and Rural Affairs","FARMING DIRECTORATE - ADMIN COSTS","200046","EO","28710","32220","Executive Officer","<5","Policy","LONDON"
"Department for Environment Food & Rural Affairs","Department for Environment, Food and Rural Affairs","FARMING DIRECTORATE - ADMIN COSTS","200046","SEO","41220","44500","Team Leader","<5","Policy","LONDON"
"Department for Environment Food & Rural Affairs","Department for Environment, Food and Rural Affairs","EU AND INTERNATIONAL TRADE DIRECTORATE","200047","HEO","33590","37480","Officer","<5","Policy","LONDON"
"Department for Environment Food & Rural Affairs","Department for Environment, Food and Rural Affairs","EU AND INTERNATIONAL TRADE DIRECTORATE","200047","SEO","41220","44500","Team Leader","<5","Policy","LONDON"
"Department for Environment Food & Rural Affairs","Department for Environment, Food and Rural Affairs","GROUP STRATEGY DIRECTORATE","200054","G7","54470","59900","Team Manager","<5","Policy","LONDON"
"Department for Environment Food & Rural Affairs","Department for Environment, Food and Rural Affairs","GROUP STRATEGY DIRECTORATE","200054","SEO","41220","44500","Team Leader","<5","Policy","LONDON"
"Department for Environment Food & Rural Affairs","Department for Environment, Food and Rural Affairs","ENVIRONMENT DG OFFICE DIRECTORATE","200206","G7","54470","59900","Team Manager","<5","Policy","LONDON"
"Department for Environment Food & Rural Affairs","Department for Environment, Food and Rural Affairs","ENVIRONMENT DG OFFICE DIRECTORATE","200206","SEO","41220","44500","Team Leader","<5","Policy","LONDON"
"Department for Environment Food & Rural Affairs","Department for Environment, Food and Rural Affairs","AGRI FOOD CHAIN DIRECTORATE","200077","G7","54470","59900","Team Manager","<5","Policy","LONDON"
"Department for Environment Food & Rural Affairs","Department for Environment, Food and Rural Affairs","ANIMAL AND PLANT HEALTH DIRECTORATE","200118","EO","28710","32220","Executive Officer","<5","Policy","LONDON"
"Department for Environment Food & Rural Affairs","Department for Environment, Food and Rural Affairs","ANIMAL AND PLANT HEALTH DIRECTORATE","200118","G7","54470","59900","Team Manager","<5","Policy","LONDON"
"Department for Environment Food & Rural Affairs","Department for Environment, Food and Rural Affairs","ANIMAL AND PLANT HEALTH DIRECTORATE","200118","HEO","33590","37480","Officer","<5","Policy","LONDON"
"Department for Environment Food & Rural Affairs","Department for Environment, Food and Rural Affairs","ANIMAL AND PLANT HEALTH DIRECTORATE","200118","SEO","41220","44500","Team Leader","<5","Policy","LONDON"
"Department for Environment Food & Rural Affairs","Department for Environment, Food and Rural Affairs","MARINE AND FISHERIES DIRECTORATE","200115","G7","54470","59900","Team Manager","<5","Policy","LONDON"
"Department for Environment Food & Rural Affairs","Department for Environment, Food and Rural Affairs","MARINE AND FISHERIES DIRECTORATE","200115","HEO","33590","37480","Officer","<5","Policy","LONDON"
"Department for Environment Food & Rural Affairs","Department for Environment, Food and Rural Affairs","MARINE AND FISHERIES DIRECTORATE","200115","SEO","41220","44500","Team Leader","<5","Policy","LONDON"
"Department for Environment Food & Rural Affairs","Department for Environment, Food and Rural Affairs","ENV QUALITY, INFRASTRUCTURE & PLANNING DIRECTORATE","200135","G7","54470","59900","Team Manager","<5","Policy","LONDON"
"Department for Environment Food & Rural Affairs","Department for Environment, Food and Rural Affairs","MARINE AND FISHERIES DIRECTORATE","200111","AO","25070","28680","Executive Assistant","<5","Policy","LONDON"
"Department for Environment Food & Rural Affairs","Department for Environment, Food and Rural Affairs","MARINE AND FISHERIES DIRECTORATE","200111","G7","54470","59900","Team Manager","<5","Policy","LONDON"
"Department for Environment Food & Rural Affairs","Department for Environment, Food and Rural Affairs","MARINE AND FISHERIES DIRECTORATE","200111","HEO","33590","37480","Officer","<5","Policy","LONDON"
"Department for Environment Food & Rural Affairs","Department for Environment, Food and Rural Affairs","MARINE AND FISHERIES DIRECTORATE","200111","SEO","41220","44500","Team Leader","<5","Policy","LONDON"
"Department for Environment Food & Rural Affairs","Department for Environment, Food and Rural Affairs","FARMING DIRECTORATE - ADMIN COSTS","200071","HEO","33590","37480","Officer","<5","Policy","LONDON"
"Department for Environment Food & Rural Affairs","Department for Environment, Food and Rural Affairs","ANIMAL AND PLANT HEALTH DIRECTORATE","200110","HEO","33590","37480","Officer","<5","Policy","LONDON"
"Department for Environment Food & Rural Affairs","Department for Environment, Food and Rural Affairs","DIGITAL, DATA, TECHNOLOGY AND SECURITY DIRECTORATE","200243","G7","54470","59900","Team Manager","<5","Policy","LONDON"
"Department for Environment Food & Rural Affairs","Department for Environment, Food and Rural Affairs","COOD DG OFFICE DIRECTORATE","200075","SEO","41220","44500","Team Leader","<5","Policy","LONDON"
"Department for Environment Food & Rural Affairs","Department for Environment, Food and Rural Affairs","INTERNATIONAL BIODIVERSITY AND CLIMATE DIRECTORATE","200212","HEO","33590","37480","Officer","<5","Policy","LONDON"
"Department for Environment Food & Rural Affairs","Department for Environment, Food and Rural Affairs","INTERNATIONAL BIODIVERSITY AND CLIMATE DIRECTORATE","200212","G6","65430","70690","Senior Manager","<5","Policy","LONDON"
"Department for Environment Food & Rural Affairs","Department for Environment, Food and Rural Affairs","STRATEGY, GOVERNANCE & CLIMATE DIRECTORATE","200212","G7","54470","59900","Team Manager","<5","Policy","LONDON"
"Department for Environment Food & Rural Affairs","Department for Environment, Food and Rural Affairs","INTERNATIONAL BIODIVERSITY AND CLIMATE DIRECTORATE","200212","SEO","41220","44500","Team Leader","<5","Policy","LONDON"
"Department for Environment Food & Rural Affairs","Department for Environment, Food and Rural Affairs","STRATEGY, GOVERNANCE & CLIMATE DIRECTORATE","200212","SEO","41220","44500","Team Leader","<5","Policy","LONDON"
"Department for Environment Food & Rural Affairs","Department for Environment, Food and Rural Affairs","WATER AND FLOOD MANAGEMENT DIRECTORATE","200085","SEO","41220","44500","Team Leader","<5","Policy","LONDON"
"Department for Environment Food & Rural Affairs","Department for Environment, Food and Rural Affairs","AGRI FOOD CHAIN DIRECTORATE","200107","G6","65430","70690","Senior Manager","<5","Policy","LONDON"
"Department for Environment Food & Rural Affairs","Department for Environment, Food and Rural Affairs","AGRI FOOD CHAIN DIRECTORATE","200107","EO","28710","32220","Executive Officer","<5","Policy","LONDON"
"Department for Environment Food & Rural Affairs","Department for Environment, Food and Rural Affairs","AGRI FOOD CHAIN DIRECTORATE","200107","G7","54470","59900","Team Manager","<5","Policy","LONDON"
"Department for Environment Food & Rural Affairs","Department for Environment, Food and Rural Affairs","AGRI FOOD CHAIN DIRECTORATE","200090","AO","25070","28680","Executive Assistant","<5","Policy","LONDON"
"Department for Environment Food & Rural Affairs","Department for Environment, Food and Rural Affairs","AGRI FOOD CHAIN DIRECTORATE","200090","HEO","33590","37480","Officer","<5","Policy","LONDON"
"Department for Environment Food & Rural Affairs","Department for Environment, Food and Rural Affairs","MARINE AND FISHERIES DIRECTORATE","200289","G6","65430","70690","Senior Manager","<5","Policy","LONDON"
"Department for Environment Food & Rural Affairs","Department for Environment, Food and Rural Affairs","STRATEGY, GOVERNANCE & CLIMATE DIRECTORATE","200095","G7","54470","59900","Team Manager","<5","Policy","LONDON"
"Department for Environment Food & Rural Affairs","Department for Environment, Food and Rural Affairs","STRATEGY, GOVERNANCE & CLIMATE DIRECTORATE","200095","EO","28710","32220","Executive Officer","<5","Policy","LONDON"
"Department for Environment Food & Rural Affairs","Department for Environment, Food and Rural Affairs","STRATEGY, GOVERNANCE & CLIMATE DIRECTORATE","200095","HEO","33590","37480","Officer","<5","Policy","LONDON"
"Department for Environment Food & Rural Affairs","Department for Environment, Food and Rural Affairs","OFFICIAL DEVELOPMENT ASSISTANCE DIRECTORATE","200095","HEO","33590","37480","Officer","<5","Policy","LONDON"
"Department for Environment Food & Rural Affairs","Department for Environment, Food and Rural Affairs","STRATEGY, GOVERNANCE & CLIMATE DIRECTORATE","200095","SEO","41220","44500","Team Leader","<5","Policy","LONDON"
"Department for Environment Food & Rural Affairs","Department for Environment, Food and Rural Affairs","WATER AND FLOOD MANAGEMENT DIRECTORATE","200096","G6","65430","70690","Senior Manager","<5","Policy","LONDON"
"Department for Environment Food & Rural Affairs","Department for Environment, Food and Rural Affairs","WATER AND FLOOD MANAGEMENT DIRECTORATE","200096","G7","54470","59900","Team Manager","<5","Policy","LONDON"
"Department for Environment Food & Rural Affairs","Department for Environment, Food and Rural Affairs","WATER AND FLOOD MANAGEMENT DIRECTORATE","200096","HEO","33590","37480","Officer","<5","Policy","LONDON"
"Department for Environment Food & Rural Affairs","Department for Environment, Food and Rural Affairs","STRATEGY, GOVERNANCE & CLIMATE DIRECTORATE","200154","HEO","33590","37480","Officer","<5","Policy","LONDON"
"Department for Environment Food & Rural Affairs","Department for Environment, Food and Rural Affairs","STRATEGY, GOVERNANCE & CLIMATE DIRECTORATE","200154","G7","54470","59900","Team Manager","<5","Policy","LONDON"
"Department for Environment Food & Rural Affairs","Department for Environment, Food and Rural Affairs","MINISTERIAL, GROWTH AND RESILIENCE DIRECTORATE","200154","EO","28710","32220","Executive Officer","<5","Policy","LONDON"
"Department for Environment Food & Rural Affairs","Department for Environment, Food and Rural Affairs","STRATEGY, GOVERNANCE & CLIMATE DIRECTORATE","200154","G6","65430","70690","Senior Manager","<5","Policy","LONDON"
"Department for Environment Food & Rural Affairs","Department for Environment, Food and Rural Affairs","STRATEGY, GOVERNANCE & CLIMATE DIRECTORATE","200154","EO","28710","32220","Executive Officer","<5","Policy","LONDON"
"Department for Environment Food & Rural Affairs","Department for Environment, Food and Rural Affairs","STRATEGY, GOVERNANCE & CLIMATE DIRECTORATE","200154","SEO","41220","44500","Team Leader","<5","Policy","LONDON"
"Department for Environment Food & Rural Affairs","Department for Environment, Food and Rural Affairs","FINANCE DIRECTORATE","200168","G7","54470","59900","Team Manager","<5","Policy","LONDON"
"Department for Environment Food & Rural Affairs","Department for Environment, Food and Rural Affairs","FINANCE DIRECTORATE","200168","SEO","41220","44500","Team Leader","<5","Policy","LONDON"
"Department for Environment Food & Rural Affairs","Department for Environment, Food and Rural Affairs","EU AND INTERNATIONAL TRADE DIRECTORATE","200108","G6","65430","70690","Senior Manager","<5","Policy","LONDON"
"Department for Environment Food & Rural Affairs","Department for Environment, Food and Rural Affairs","EU AND INTERNATIONAL TRADE DIRECTORATE","200108","HEO","33590","37480","Officer","<5","Policy","LONDON"
"Department for Environment Food & Rural Affairs","Department for Environment, Food and Rural Affairs","EU AND INTERNATIONAL TRADE DIRECTORATE","200108","SEO","41220","44500","Team Leader","<5","Policy","LONDON"
"Department for Environment Food & Rural Affairs","Department for Environment, Food and Rural Affairs","EU AND INTERNATIONAL TRADE DIRECTORATE","200328","G7","54470","59900","Team Manager","<5","Policy","LONDON"
"Department for Environment Food & Rural Affairs","Department for Environment, Food and Rural Affairs","EU AND INTERNATIONAL TRADE DIRECTORATE","200328","HEO","33590","37480","Officer","<5","Policy","LONDON"
"Department for Environment Food & Rural Affairs","Department for Environment, Food and Rural Affairs","BIODIVERSITY, LAND USE & INVESTMENT DIRECTORATE","200127","G7","54470","59900","Team Manager","<5","Policy","LONDON"
"Department for Environment Food & Rural Affairs","Department for Environment, Food and Rural Affairs","STRATEGY, GOVERNANCE & CLIMATE DIRECTORATE","200127","G7","54470","59900","Team Manager","<5","Policy","LONDON"
"Department for Environment Food & Rural Affairs","Department for Environment, Food and Rural Affairs","BIODIVERSITY, LAND USE & INVESTMENT DIRECTORATE","200127","SEO","41220","44500","Team Leader","<5","Policy","LONDON"
"Department for Environment Food & Rural Affairs","Department for Environment, Food and Rural Affairs","ENV QUALITY, INFRASTRUCTURE & PLANNING DIRECTORATE","200134","G6","65430","70690","Senior Manager","<5","Policy","LONDON"
"Department for Environment Food & Rural Affairs","Department for Environment, Food and Rural Affairs","ENV QUALITY, INFRASTRUCTURE & PLANNING DIRECTORATE","200134","HEO","33590","37480","Officer","<5","Policy","LONDON"
"Department for Environment Food & Rural Affairs","Department for Environment, Food and Rural Affairs","ENV QUALITY, INFRASTRUCTURE & PLANNING DIRECTORATE","200134","SEO","41220","44500","Team Leader","<5","Policy","LONDON"
"Department for Environment Food & Rural Affairs","Department for Environment, Food and Rural Affairs","FARMING DIRECTORATE - ADMIN COSTS","200119","AO","25070","28680","Executive Assistant","<5","Policy","LONDON"
"Department for Environment Food & Rural Affairs","Department for Environment, Food and Rural Affairs","FARMING DIRECTORATE - ADMIN COSTS","200119","EO","28710","32220","Executive Officer","<5","Policy","LONDON"
"Department for Environment Food & Rural Affairs","Department for Environment, Food and Rural Affairs","MARINE AND FISHERIES DIRECTORATE","200123","HEO","33590","37480","Officer","<5","Policy","LONDON"
"Department for Environment Food & Rural Affairs","Department for Environment, Food and Rural Affairs","STRATEGY, GOVERNANCE & CLIMATE DIRECTORATE","200123","G7","54470","59900","Team Manager","<5","Policy","LONDON"
"Department for Environment Food & Rural Affairs","Department for Environment, Food and Rural Affairs","OFFICIAL DEVELOPMENT ASSISTANCE DIRECTORATE","200263","HEO","33590","37480","Officer","<5","Policy","LONDON"
"Department for Environment Food & Rural Affairs","Department for Environment, Food and Rural Affairs","OFFICIAL DEVELOPMENT ASSISTANCE DIRECTORATE","200263","SEO","41220","44500","Team Leader","<5","Policy","LONDON"
"Department for Environment Food & Rural Affairs","Department for Environment, Food and Rural Affairs","STRATEGY, GOVERNANCE & CLIMATE DIRECTORATE","200298","HEO","33590","37480","Officer","<5","Policy","LONDON"
"Department for Environment Food & Rural Affairs","Department for Environment, Food and Rural Affairs","STRATEGY, GOVERNANCE & CLIMATE DIRECTORATE","200298","SEO","41220","44500","Team Leader","<5","Policy","LONDON"
"Department for Environment Food & Rural Affairs","Department for Environment, Food and Rural Affairs","WATER AND FLOOD MANAGEMENT DIRECTORATE","200145","G7","54470","59900","Team Manager","<5","Policy","LONDON"
"Department for Environment Food & Rural Affairs","Department for Environment, Food and Rural Affairs","WATER AND FLOOD MANAGEMENT DIRECTORATE","200145","HEO","33590","37480","Officer","<5","Policy","LONDON"
"Department for Environment Food & Rural Affairs","Department for Environment, Food and Rural Affairs","WATER AND FLOOD MANAGEMENT DIRECTORATE","200145","G6","65430","70690","Senior Manager","<5","Policy","LONDON"
"Department for Environment Food & Rural Affairs","Department for Environment, Food and Rural Affairs","WATER AND FLOOD MANAGEMENT DIRECTORATE","200145","SEO","41220","44500","Team Leader","<5","Policy","LONDON"
"Department for Environment Food & Rural Affairs","Department for Environment, Food and Rural Affairs","BIODIVERSITY, LAND USE & INVESTMENT DIRECTORATE","200269","HEO","33590","37480","Officer","<5","Policy","LONDON"
"Department for Environment Food & Rural Affairs","Department for Environment, Food and Rural Affairs","BIODIVERSITY, LAND USE & INVESTMENT DIRECTORATE","200269","G7","54470","59900","Team Manager","<5","Policy","LONDON"
"Department for Environment Food & Rural Affairs","Department for Environment, Food and Rural Affairs","BIODIVERSITY, LAND USE & INVESTMENT DIRECTORATE","200269","SEO","41220","44500","Team Leader","<5","Policy","LONDON"
"Department for Environment Food & Rural Affairs","Department for Environment, Food and Rural Affairs","OFFICIAL DEVELOPMENT ASSISTANCE DIRECTORATE","200236","G7","54470","59900","Team Manager","<5","Policy","LONDON"
"Department for Environment Food & Rural Affairs","Department for Environment, Food and Rural Affairs","OFFICIAL DEVELOPMENT ASSISTANCE DIRECTORATE","200236","SEO","41220","44500","Team Leader","<5","Policy","LONDON"
"Department for Environment Food & Rural Affairs","Department for Environment, Food and Rural Affairs","OFFICIAL DEVELOPMENT ASSISTANCE DIRECTORATE","200286","HEO","33590","37480","Officer","<5","Policy","LONDON"
"Department for Environment Food & Rural Affairs","Department for Environment, Food and Rural Affairs","INTERNATIONAL BIODIVERSITY AND CLIMATE DIRECTORATE","200286","G7","54470","59900","Team Manager","<5","Policy","LONDON"
"Department for Environment Food & Rural Affairs","Department for Environment, Food and Rural Affairs","OFFICIAL DEVELOPMENT ASSISTANCE DIRECTORATE","200286","G7","54470","59900","Team Manager","<5","Policy","LONDON"
"Department for Environment Food & Rural Affairs","Department for Environment, Food and Rural Affairs","INTERNATIONAL BIODIVERSITY AND CLIMATE DIRECTORATE","200286","HEO","33590","37480","Officer","<5","Policy","LONDON"
"Department for Environment Food & Rural Affairs","Department for Environment, Food and Rural Affairs","INTERNATIONAL BIODIVERSITY AND CLIMATE DIRECTORATE","200286","G6","65430","70690","Senior Manager","<5","Policy","LONDON"
"Department for Environment Food & Rural Affairs","Department for Environment, Food and Rural Affairs","OFFICIAL DEVELOPMENT ASSISTANCE DIRECTORATE","200286","SEO","41220","44500","Team Leader","<5","Policy","LONDON"
"Department for Environment Food & Rural Affairs","Department for Environment, Food and Rural Affairs","INTERNATIONAL BIODIVERSITY AND CLIMATE DIRECTORATE","200286","SEO","41220","44500","Team Leader","<5","Policy","LONDON"
"Department for Environment Food & Rural Affairs","Department for Environment, Food and Rural Affairs","PEPR DIRECTORATE","200329","HEO","33590","37480","Officer","<5","Policy","LONDON"
"Department for Environment Food & Rural Affairs","Department for Environment, Food and Rural Affairs","PEPR DIRECTORATE","200329","SEO","41220","44500","Team Leader","<5","Policy","LONDON"
"Department for Environment Food & Rural Affairs","Department for Environment, Food and Rural Affairs","TRADE DELIVERY DIRECTORATE","200219","HEO","33590","37480","Officer","<5","Policy","LONDON"
"Department for Environment Food & Rural Affairs","Department for Environment, Food and Rural Affairs","INTERNATIONAL BIODIVERSITY AND CLIMATE DIRECTORATE","200219","SEO","41220","44500","Team Leader","<5","Policy","LONDON"
"Department for Environment Food & Rural Affairs","Department for Environment, Food and Rural Affairs","ENV QUALITY, INFRASTRUCTURE & PLANNING DIRECTORATE","200217","G6","65430","70690","Senior Manager","<5","Policy","LONDON"
"Department for Environment Food & Rural Affairs","Department for Environment, Food and Rural Affairs","ENV QUALITY, INFRASTRUCTURE & PLANNING DIRECTORATE","200217","SEO","41220","44500","Team Leader","<5","Policy","LONDON"
"Department for Environment Food & Rural Affairs","Department for Environment, Food and Rural Affairs","AGRI FOOD CHAIN DIRECTORATE","200174","EO","28710","32220","Executive Officer","<5","Policy","LONDON"
"Department for Environment Food & Rural Affairs","Department for Environment, Food and Rural Affairs","AGRI FOOD CHAIN DIRECTORATE","200174","HEO","33590","37480","Officer","<5","Policy","LONDON"
"Department for Environment Food & Rural Affairs","Department for Environment, Food and Rural Affairs","AGRI FOOD CHAIN DIRECTORATE","200174","G6","65430","70690","Senior Manager","<5","Policy","LONDON"
"Department for Environment Food & Rural Affairs","Department for Environment, Food and Rural Affairs","AGRI FOOD CHAIN DIRECTORATE","200174","G7","54470","59900","Team Manager","<5","Policy","LONDON"
"Department for Environment Food & Rural Affairs","Department for Environment, Food and Rural Affairs","AGRI FOOD CHAIN DIRECTORATE","200174","SEO","41220","44500","Team Leader","<5","Policy","LONDON"
"Department for Environment Food & Rural Affairs","Department for Environment, Food and Rural Affairs","TRADE DELIVERY DIRECTORATE","200333","G7","54470","59900","Team Manager","<5","Policy","LONDON"
"Department for Environment Food & Rural Affairs","Department for Environment, Food and Rural Affairs","FOOD FARMING AND BIOSECURITY DG OFFICE DIRECTORATE","200268","G7","54470","59900","Team Manager","<5","Policy","LONDON"
"Department for Environment Food & Rural Affairs","Department for Environment, Food and Rural Affairs","FOOD FARMING AND BIOSECURITY DG OFFICE DIRECTORATE","200268","HEO","33590","37480","Officer","<5","Policy","LONDON"
"Department for Environment Food & Rural Affairs","Department for Environment, Food and Rural Affairs","FOOD FARMING AND BIOSECURITY DG OFFICE DIRECTORATE","200268","SEO","41220","44500","Team Leader","<5","Policy","LONDON"
"Department for Environment Food & Rural Affairs","Department for Environment, Food and Rural Affairs","PEPR DIRECTORATE","200238","G7","54470","59900","Team Manager","<5","Policy","LONDON"
"Department for Environment Food & Rural Affairs","Department for Environment, Food and Rural Affairs","GROUP STRATEGY DIRECTORATE","200337","G6","65430","70690","Senior Manager","<5","Policy","LONDON"
"Department for Environment Food & Rural Affairs","Department for Environment, Food and Rural Affairs","GROUP STRATEGY DIRECTORATE","200337","G7","54470","59900","Team Manager","<5","Policy","LONDON"
"Department for Environment Food & Rural Affairs","Department for Environment, Food and Rural Affairs","GROUP STRATEGY DIRECTORATE","200337","SEO","41220","44500","Team Leader","<5","Policy","LONDON"
"Department for Environment Food & Rural Affairs","Department for Environment, Food and Rural Affairs","TRADE DELIVERY DIRECTORATE","200185","SEO","41220","44500","Team Leader","<5","Policy","LONDON"
"Department for Environment Food & Rural Affairs","Department for Environment, Food and Rural Affairs","ANIMAL AND PLANT HEALTH DIRECTORATE","200246","AO","25070","28680","Executive Assistant","<5","Policy","LONDON"
"Department for Environment Food & Rural Affairs","Department for Environment, Food and Rural Affairs","ANIMAL AND PLANT HEALTH DIRECTORATE","200246","EO","28710","32220","Executive Officer","<5","Policy","LONDON"
"Department for Environment Food & Rural Affairs","Department for Environment, Food and Rural Affairs","ANIMAL AND PLANT HEALTH DIRECTORATE","200246","G7","54470","59900","Team Manager","<5","Policy","LONDON"
"Department for Environment Food & Rural Affairs","Department for Environment, Food and Rural Affairs","ANIMAL AND PLANT HEALTH DIRECTORATE","200246","SEO","41220","44500","Team Leader","<5","Policy","LONDON"
"Department for Environment Food & Rural Affairs","Department for Environment, Food and Rural Affairs","GROUP STRATEGY DIRECTORATE","200208","G6","65430","70690","Senior Manager","<5","Policy","LONDON"
"Department for Environment Food & Rural Affairs","Department for Environment, Food and Rural Affairs","GROUP STRATEGY DIRECTORATE","200208","G7","54470","59900","Team Manager","<5","Policy","LONDON"
"Department for Environment Food & Rural Affairs","Department for Environment, Food and Rural Affairs","GROUP STRATEGY DIRECTORATE","200208","HEO","33590","37480","Officer","<5","Policy","LONDON"
"Department for Environment Food & Rural Affairs","Department for Environment, Food and Rural Affairs","GROUP STRATEGY DIRECTORATE","200208","SEO","41220","44500","Team Leader","<5","Policy","LONDON"
"Department for Environment Food & Rural Affairs","Department for Environment, Food and Rural Affairs","STRATEGY, GOVERNANCE & CLIMATE DIRECTORATE","200199","G6","65430","70690","Senior Manager","<5","Policy","LONDON"
"Department for Environment Food & Rural Affairs","Department for Environment, Food and Rural Affairs","STRATEGY, GOVERNANCE & CLIMATE DIRECTORATE","200199","HEO","33590","37480","Officer","<5","Policy","LONDON"
"Department for Environment Food & Rural Affairs","Department for Environment, Food and Rural Affairs","STRATEGY, GOVERNANCE & CLIMATE DIRECTORATE","200199","G7","54470","59900","Team Manager","<5","Policy","LONDON"
"Department for Environment Food & Rural Affairs","Department for Environment, Food and Rural Affairs","CIRCULAR ECONOMY DIRECTORATE","200227","SEO","41220","44500","Team Leader","<5","Policy","LONDON"
"Department for Environment Food & Rural Affairs","Department for Environment, Food and Rural Affairs","OFFICE OF THE CHIEF DATA OFFICER DIRECTORATE","200259","SEO","41220","44500","Team Leader","<5","Policy","LONDON"
"Department for Environment Food & Rural Affairs","Department for Environment, Food and Rural Affairs","FARMING DIRECTORATE - ADMIN COSTS","200020","EO","28710","32220","Executive Officer","<5","Policy","LONDON"
"Department for Environment Food & Rural Affairs","Department for Environment, Food and Rural Affairs","BIODIVERSITY, LAND USE & INVESTMENT DIRECTORATE","200124","EO","28710","32220","Executive Officer","<5","Policy","LONDON"
"Department for Environment Food & Rural Affairs","Department for Environment, Food and Rural Affairs","ANIMAL AND PLANT HEALTH DIRECTORATE","200256","G6","65430","70690","Senior Manager","<5","Policy","LONDON"
"Department for Environment Food & Rural Affairs","Department for Environment, Food and Rural Affairs","MARINE AND FISHERIES DIRECTORATE","200115","G6","65430","70690","Senior Manager","<5","Policy","LONDON"
"Department for Environment Food & Rural Affairs","Department for Environment, Food and Rural Affairs","WATER AND FLOOD MANAGEMENT DIRECTORATE","200019","G6","65430","70690","Senior Manager","<5","Policy","LONDON"
"Department for Environment Food & Rural Affairs","Department for Environment, Food and Rural Affairs","ENV QUALITY, INFRASTRUCTURE & PLANNING DIRECTORATE","200135","SEO","41220","44500","Team Leader","<5","Policy","LONDON"
"Department for Environment Food & Rural Affairs","Department for Environment, Food and Rural Affairs","ENV QUALITY, INFRASTRUCTURE & PLANNING DIRECTORATE","200134","EO","28710","32220","Executive Officer","<5","Policy","LONDON"
"Department for Environment Food & Rural Affairs","Department for Environment, Food and Rural Affairs","FARMING DIRECTORATE - ADMIN COSTS","200126","G6","65430","70690","Senior Manager","<5","Policy","LONDON"
"Department for Environment Food & Rural Affairs","Department for Environment, Food and Rural Affairs","AGRI FOOD CHAIN DIRECTORATE","200126","HEO","33590","37480","Officer","<5","Policy","LONDON"
"Department for Environment Food & Rural Affairs","Department for Environment, Food and Rural Affairs","MARINE AND FISHERIES DIRECTORATE","200272","G6","65430","70690","Senior Manager","<5","Policy","LONDON"
"Department for Environment Food & Rural Affairs","Department for Environment, Food and Rural Affairs","STRATEGY, GOVERNANCE & CLIMATE DIRECTORATE","200123","G6","65430","70690","Senior Manager","<5","Policy","LONDON"
"Department for Environment Food & Rural Affairs","Department for Environment, Food and Rural Affairs","STRATEGY, GOVERNANCE & CLIMATE DIRECTORATE","200123","SEO","41220","44500","Team Leader","<5","Policy","LONDON"
"Department for Environment Food & Rural Affairs","Department for Environment, Food and Rural Affairs","OFFICIAL DEVELOPMENT ASSISTANCE DIRECTORATE","200263","G6","65430","70690","Senior Manager","<5","Policy","LONDON"
"Department for Environment Food & Rural Affairs","Department for Environment, Food and Rural Affairs","STRATEGY, GOVERNANCE & CLIMATE DIRECTORATE","200298","G7","54470","59900","Team Manager","<5","Policy","LONDON"
"Department for Environment Food & Rural Affairs","Department for Environment, Food and Rural Affairs","TRADE DELIVERY DIRECTORATE","200005","G7","54470","59900","Team Manager","<5","Policy","LONDON"
"Department for Environment Food & Rural Affairs","Department for Environment, Food and Rural Affairs","CIRCULAR ECONOMY DIRECTORATE","200026","G6","65430","70690","Senior Manager","<5","Policy","LONDON"
"Department for Environment Food & Rural Affairs","Department for Environment, Food and Rural Affairs","WATER AND FLOOD MANAGEMENT DIRECTORATE","200336","SEO","41220","44500","Team Leader","<5","Policy","LONDON"
"Department for Environment Food & Rural Affairs","Department for Environment, Food and Rural Affairs","ANIMAL AND PLANT HEALTH DIRECTORATE","200104","HEO","33590","37480","Officer","<5","Finance","LONDON"
"Department for Environment Food & Rural Affairs","Department for Environment, Food and Rural Affairs","ANIMAL AND PLANT HEALTH DIRECTORATE","200104","G7","54470","59900","Team Manager","<5","Science and Engineering","LONDON"
"Department for Environment Food & Rural Affairs","Department for Environment, Food and Rural Affairs","ANIMAL AND PLANT HEALTH DIRECTORATE","200104","G7","54470","59900","Team Manager","<5","Project Management Delivery","LONDON"
"Department for Environment Food & Rural Affairs","Department for Environment, Food and Rural Affairs","ANIMAL AND PLANT HEALTH DIRECTORATE","200104","HEO","33590","37480","Officer","<5","Other","LONDON"
"Department for Environment Food & Rural Affairs","Department for Environment, Food and Rural Affairs","DEFRA GROUP PROPERTY DIRECTORATE","200078","EO","28710","32220","Executive Officer","<5","Property","LONDON"
"Department for Environment Food & Rural Affairs","Department for Environment, Food and Rural Affairs","ANIMAL AND PLANT HEALTH DIRECTORATE","200120","G6","65430","70690","Senior Manager","<5","Science and Engineering","LONDON"
"Department for Environment Food & Rural Affairs","Department for Environment, Food and Rural Affairs","ANIMAL AND PLANT HEALTH DIRECTORATE","200120","AO","25070","28680","Executive Assistant","<5","Finance","LONDON"
"Department for Environment Food & Rural Affairs","Department for Environment, Food and Rural Affairs","ANIMAL AND PLANT HEALTH DIRECTORATE","200120","AO","25070","28680","Executive Assistant","<5","Operational Delivery","LONDON"
"Department for Environment Food & Rural Affairs","Department for Environment, Food and Rural Affairs","ANIMAL AND PLANT HEALTH DIRECTORATE","200120","G7","54470","59900","Team Manager","<5","Science and Engineering","LONDON"
"Department for Environment Food & Rural Affairs","Department for Environment, Food and Rural Affairs","ANIMAL AND PLANT HEALTH DIRECTORATE","200120","HEO","33590","37480","Officer","<5","Operational Delivery","LONDON"
"Department for Environment Food & Rural Affairs","Department for Environment, Food and Rural Affairs","WATER AND FLOOD MANAGEMENT DIRECTORATE","200311","G7","54470","59900","Team Manager","<5","Social Research","LONDON"
"Department for Environment Food & Rural Affairs","Department for Environment, Food and Rural Affairs","WATER AND FLOOD MANAGEMENT DIRECTORATE","200311","G7","54470","59900","Team Manager","<5","Science and Engineering","LONDON"
"Department for Environment Food & Rural Affairs","Department for Environment, Food and Rural Affairs","WATER AND FLOOD MANAGEMENT DIRECTORATE","200311","HEO","33590","37480","Officer","<5","Economic","LONDON"
"Department for Environment Food & Rural Affairs","Department for Environment, Food and Rural Affairs","ANALYSIS DIRECTORATE","200155","G6","65430","70690","Senior Manager","<5","Economic","LONDON"
"Department for Environment Food & Rural Affairs","Department for Environment, Food and Rural Affairs","ANALYSIS DIRECTORATE","200155","HEO","33590","37480","Officer","<5","Economic","LONDON"
"Department for Environment Food & Rural Affairs","Department for Environment, Food and Rural Affairs","GROUP STRATEGY DIRECTORATE","200155","G7","54470","59900","Team Manager","<5","Economic","LONDON"
"Department for Environment Food & Rural Affairs","Department for Environment, Food and Rural Affairs","BIODIVERSITY, LAND USE & INVESTMENT DIRECTORATE","200124","G6","65430","70690","Senior Manager","<5","Economic","LONDON"
"Department for Environment Food & Rural Affairs","Department for Environment, Food and Rural Affairs","BIODIVERSITY, LAND USE & INVESTMENT DIRECTORATE","200124","HEO","33590","37480","Officer","<5","Operational Delivery","LONDON"
"Department for Environment Food & Rural Affairs","Department for Environment, Food and Rural Affairs","BIODIVERSITY, LAND USE & INVESTMENT DIRECTORATE","200124","G7","54470","59900","Team Manager","<5","Economic","LONDON"
"Department for Environment Food & Rural Affairs","Department for Environment, Food and Rural Affairs","FARMING DIRECTORATE - ADMIN COSTS","200129","G7","54470","59900","Team Manager","<5","Science and Engineering","LONDON"
"Department for Environment Food & Rural Affairs","Department for Environment, Food and Rural Affairs","FARMING DIRECTORATE - ADMIN COSTS","200129","HEO","33590","37480","Officer","<5","Data Analysis","LONDON"
"Department for Environment Food & Rural Affairs","Department for Environment, Food and Rural Affairs","FARMING DIRECTORATE - ADMIN COSTS","200129","G6","65430","70690","Senior Manager","<5","Social Research","LONDON"
"Department for Environment Food & Rural Affairs","Department for Environment, Food and Rural Affairs","FARMING DIRECTORATE - ADMIN COSTS","200129","G7","54470","59900","Team Manager","<5","Data Analysis","LONDON"
"Department for Environment Food & Rural Affairs","Department for Environment, Food and Rural Affairs","CIRCULAR ECONOMY DIRECTORATE","200232","HEO","33590","37480","Officer","<5","Economic","LONDON"
"Department for Environment Food & Rural Affairs","Department for Environment, Food and Rural Affairs","CIRCULAR ECONOMY DIRECTORATE","200232","G6","65430","70690","Senior Manager","<5","Economic","LONDON"
"Department for Environment Food & Rural Affairs","Department for Environment, Food and Rural Affairs","CIRCULAR ECONOMY DIRECTORATE","200232","G6","65430","70690","Senior Manager","<5","Science and Engineering","LONDON"
"Department for Environment Food & Rural Affairs","Department for Environment, Food and Rural Affairs","CIRCULAR ECONOMY DIRECTORATE","200232","G7","54470","59900","Team Manager","<5","Operational Research","LONDON"
"Department for Environment Food & Rural Affairs","Department for Environment, Food and Rural Affairs","CIRCULAR ECONOMY DIRECTORATE","200232","HEO","33590","37480","Officer","<5","Statistics","LONDON"
"Department for Environment Food & Rural Affairs","Department for Environment, Food and Rural Affairs","CIRCULAR ECONOMY DIRECTORATE","200232","G6","65430","70690","Senior Manager","<5","Social Research","LONDON"
"Department for Environment Food & Rural Affairs","Department for Environment, Food and Rural Affairs","CIRCULAR ECONOMY DIRECTORATE","200232","G7","54470","59900","Team Manager","<5","Statistics","LONDON"
"Department for Environment Food & Rural Affairs","Department for Environment, Food and Rural Affairs","CIRCULAR ECONOMY DIRECTORATE","200232","G7","54470","59900","Team Manager","<5","Social Research","LONDON"
"Department for Environment Food & Rural Affairs","Department for Environment, Food and Rural Affairs","WATER AND FLOOD MANAGEMENT DIRECTORATE","200085","HEO","33590","37480","Officer","<5","Data Analysis","LONDON"
"Department for Environment Food & Rural Affairs","Department for Environment, Food and Rural Affairs","WATER AND FLOOD MANAGEMENT DIRECTORATE","200085","HEO","33590","37480","Officer","<5","Operational Delivery","LONDON"
"Department for Environment Food & Rural Affairs","Department for Environment, Food and Rural Affairs","WATER AND FLOOD MANAGEMENT DIRECTORATE","200085","G6","65430","70690","Senior Manager","<5","Operational Delivery","LONDON"
"Department for Environment Food & Rural Affairs","Department for Environment, Food and Rural Affairs","WATER AND FLOOD MANAGEMENT DIRECTORATE","200085","G7","54470","59900","Team Manager","<5","Other","LONDON"
"Department for Environment Food & Rural Affairs","Department for Environment, Food and Rural Affairs","WATER AND FLOOD MANAGEMENT DIRECTORATE","200085","G7","54470","59900","Team Manager","<5","Operational Delivery","LONDON"
"Department for Environment Food & Rural Affairs","Department for Environment, Food and Rural Affairs","EU AND INTERNATIONAL TRADE DIRECTORATE","200317","AO","25070","28680","Executive Assistant","<5","Operational Delivery","LONDON"
"Department for Environment Food & Rural Affairs","Department for Environment, Food and Rural Affairs","EU AND INTERNATIONAL TRADE DIRECTORATE","200317","HEO","33590","37480","Officer","<5","Statistics","LONDON"
"Department for Environment Food & Rural Affairs","Department for Environment, Food and Rural Affairs","EU AND INTERNATIONAL TRADE DIRECTORATE","200317","HEO","33590","37480","Officer","<5","Operational Delivery","LONDON"
"Department for Environment Food & Rural Affairs","Department for Environment, Food and Rural Affairs","EU AND INTERNATIONAL TRADE DIRECTORATE","200317","G7","54470","59900","Team Manager","<5","Statistics","LONDON"
"Department for Environment Food & Rural Affairs","Department for Environment, Food and Rural Affairs","EU AND INTERNATIONAL TRADE DIRECTORATE","200317","EO","28710","32220","Executive Officer","<5","Economic","LONDON"
"Department for Environment Food & Rural Affairs","Department for Environment, Food and Rural Affairs","EU AND INTERNATIONAL TRADE DIRECTORATE","200317","HEO","33590","37480","Officer","<5","Project Management Delivery","LONDON"
"Department for Environment Food & Rural Affairs","Department for Environment, Food and Rural Affairs","ANALYSIS DIRECTORATE","200070","G7","54470","59900","Team Manager","<5","Science and Engineering","LONDON"
"Department for Environment Food & Rural Affairs","Department for Environment, Food and Rural Affairs","ANALYSIS DIRECTORATE","200070","G6","65430","70690","Senior Manager","<5","Science and Engineering","LONDON"
"Department for Environment Food & Rural Affairs","Department for Environment, Food and Rural Affairs","ANALYSIS DIRECTORATE","200070","HEO","33590","37480","Officer","<5","Digital  Data and Technology","LONDON"
"Department for Environment Food & Rural Affairs","Department for Environment, Food and Rural Affairs","ANALYSIS DIRECTORATE","200070","HEO","33590","37480","Officer","<5","Science and Engineering","LONDON"
"Department for Environment Food & Rural Affairs","Department for Environment, Food and Rural Affairs","ENVIRONMENT DG OFFICE DIRECTORATE","200206","G6","65430","70690","Senior Manager","<5","Operational Delivery","LONDON"
"Department for Environment Food & Rural Affairs","Department for Environment, Food and Rural Affairs","ENVIRONMENT DG OFFICE DIRECTORATE","200206","HEO","33590","37480","Officer","<5","Project Management Delivery","LONDON"
"Department for Environment Food & Rural Affairs","Department for Environment, Food and Rural Affairs","DIGITAL, DATA, TECHNOLOGY AND SECURITY DIRECTORATE","200161","G6","65430","70690","Senior Manager","<5","Digital  Data and Technology","LONDON"
"Department for Environment Food & Rural Affairs","Department for Environment, Food and Rural Affairs","DIGITAL, DATA, TECHNOLOGY AND SECURITY DIRECTORATE","200161","G6","65430","70690","Senior Manager","<5","Project Management Delivery","LONDON"
"Department for Environment Food & Rural Affairs","Department for Environment, Food and Rural Affairs","DIGITAL, DATA, TECHNOLOGY AND SECURITY DIRECTORATE","200161","HEO","33590","37480","Officer","<5","Digital  Data and Technology","LONDON"
"Department for Environment Food & Rural Affairs","Department for Environment, Food and Rural Affairs","TRADE DELIVERY DIRECTORATE","200161","G7","54470","59900","Team Manager","<5","Knowledge and Information Management","LONDON"
"Department for Environment Food & Rural Affairs","Department for Environment, Food and Rural Affairs","AGRI FOOD CHAIN DIRECTORATE","200077","HEO","33590","37480","Officer","<5","Operational Delivery","LONDON"
"Department for Environment Food & Rural Affairs","Department for Environment, Food and Rural Affairs","ANIMAL AND PLANT HEALTH DIRECTORATE","200118","HEO","33590","37480","Officer","<5","Science and Engineering","LONDON"
"Department for Environment Food & Rural Affairs","Department for Environment, Food and Rural Affairs","ANIMAL AND PLANT HEALTH DIRECTORATE","200118","G7","54470","59900","Team Manager","<5","Social Research","LONDON"
"Department for Environment Food & Rural Affairs","Department for Environment, Food and Rural Affairs","HUMAN RESOURCES DIRECTORATE","200062","G7","54470","59900","Team Manager","<5","Human Resources","LONDON"
"Department for Environment Food & Rural Affairs","Department for Environment, Food and Rural Affairs","HUMAN RESOURCES DIRECTORATE","200062","HEO","33590","37480","Officer","<5","Human Resources","LONDON"
"Department for Environment Food & Rural Affairs","Department for Environment, Food and Rural Affairs","HUMAN RESOURCES DIRECTORATE","200062","G6","65430","70690","Senior Manager","<5","Human Resources","LONDON"
"Department for Environment Food & Rural Affairs","Department for Environment, Food and Rural Affairs","ANIMAL AND PLANT HEALTH DIRECTORATE","200062","HEO","33590","37480","Officer","<5","Operational Delivery","LONDON"
"Department for Environment Food & Rural Affairs","Department for Environment, Food and Rural Affairs","AGRI FOOD CHAIN DIRECTORATE","200332","HEO","33590","37480","Officer","<5","Project Management Delivery","LONDON"
"Department for Environment Food & Rural Affairs","Department for Environment, Food and Rural Affairs","AGRI FOOD CHAIN DIRECTORATE","200332","HEO","33590","37480","Officer","<5","Operational Delivery","LONDON"
"Department for Environment Food & Rural Affairs","Department for Environment, Food and Rural Affairs","AGRI FOOD CHAIN DIRECTORATE","200332","HEO","33590","37480","Officer","<5","Planning","LONDON"
"Department for Environment Food & Rural Affairs","Department for Environment, Food and Rural Affairs","AGRI FOOD CHAIN DIRECTORATE","200332","EO","28710","32220","Executive Officer","<5","Operational Delivery","LONDON"
"Department for Environment Food & Rural Affairs","Department for Environment, Food and Rural Affairs","CIRCULAR ECONOMY DIRECTORATE","200227","EO","28710","32220","Executive Officer","<5","Operational Delivery","LONDON"
"Department for Environment Food & Rural Affairs","Department for Environment, Food and Rural Affairs","CIRCULAR ECONOMY DIRECTORATE","200227","EO","28710","32220","Executive Officer","<5","Operational Research","LONDON"
"Department for Environment Food & Rural Affairs","Department for Environment, Food and Rural Affairs","CIRCULAR ECONOMY DIRECTORATE","200227","HEO","33590","37480","Officer","<5","Other","LONDON"
"Department for Environment Food & Rural Affairs","Department for Environment, Food and Rural Affairs","CIRCULAR ECONOMY DIRECTORATE","200227","G6","65430","70690","Senior Manager","<5","Project Management Delivery","LONDON"
"Department for Environment Food & Rural Affairs","Department for Environment, Food and Rural Affairs","CIRCULAR ECONOMY DIRECTORATE","200227","G7","54470","59900","Team Manager","<5","Project Management Delivery","LONDON"
"Department for Environment Food & Rural Affairs","Department for Environment, Food and Rural Affairs","CIRCULAR ECONOMY DIRECTORATE","200227","HEO","33590","37480","Officer","<5","Project Management Delivery","LONDON"
"Department for Environment Food & Rural Affairs","Department for Environment, Food and Rural Affairs","TRADE DELIVERY DIRECTORATE","200256","G7","54470","59900","Team Manager","<5","Project Management Delivery","LONDON"
"Department for Environment Food & Rural Affairs","Department for Environment, Food and Rural Affairs","FINANCE DIRECTORATE","200103","AO","25070","28680","Executive Assistant","<5","Finance","LONDON"
"Department for Environment Food & Rural Affairs","Department for Environment, Food and Rural Affairs","FINANCE DIRECTORATE","200103","HEO","33590","37480","Officer","<5","Human Resources","LONDON"
"Department for Environment Food & Rural Affairs","Department for Environment, Food and Rural Affairs","FINANCE DIRECTORATE","200103","G6","65430","70690","Senior Manager","<5","Finance","LONDON"
"Department for Environment Food & Rural Affairs","Department for Environment, Food and Rural Affairs","FINANCE DIRECTORATE","200103","EO","28710","32220","Executive Officer","<5","Finance","LONDON"
"Department for Environment Food & Rural Affairs","Department for Environment, Food and Rural Affairs","FINANCE DIRECTORATE","200103","HEO","33590","37480","Officer","<5","Finance","LONDON"
"Department for Environment Food & Rural Affairs","Department for Environment, Food and Rural Affairs","WATER AND FLOOD MANAGEMENT DIRECTORATE","200211","HEO","33590","37480","Officer","<5","Project Management Delivery","LONDON"
"Department for Environment Food & Rural Affairs","Department for Environment, Food and Rural Affairs","ENV QUALITY, INFRASTRUCTURE & PLANNING DIRECTORATE","200135","HEO","33590","37480","Officer","<5","Project Management Delivery","LONDON"
"Department for Environment Food & Rural Affairs","Department for Environment, Food and Rural Affairs","ENV QUALITY, INFRASTRUCTURE & PLANNING DIRECTORATE","200135","G7","54470","59900","Team Manager","<5","Finance","LONDON"
"Department for Environment Food & Rural Affairs","Department for Environment, Food and Rural Affairs","ENV QUALITY, INFRASTRUCTURE & PLANNING DIRECTORATE","200135","EO","28710","32220","Executive Officer","<5","Finance","LONDON"
"Department for Environment Food & Rural Affairs","Department for Environment, Food and Rural Affairs","ENV QUALITY, INFRASTRUCTURE & PLANNING DIRECTORATE","200135","EO","28710","32220","Executive Officer","<5","Operational Delivery","LONDON"
"Department for Environment Food & Rural Affairs","Department for Environment, Food and Rural Affairs","ENV QUALITY, INFRASTRUCTURE & PLANNING DIRECTORATE","200135","G7","54470","59900","Team Manager","<5","Science and Engineering","LONDON"
"Department for Environment Food & Rural Affairs","Department for Environment, Food and Rural Affairs","DEFRA GROUP PROPERTY DIRECTORATE","200313","AO","25070","28680","Executive Assistant","<5","Operational Delivery","LONDON"
"Department for Environment Food & Rural Affairs","Department for Environment, Food and Rural Affairs","DEFRA GROUP PROPERTY DIRECTORATE","200313","EO","28710","32220","Executive Officer","<5","Operational Delivery","LONDON"
"Department for Environment Food & Rural Affairs","Department for Environment, Food and Rural Affairs","OFFICE OF THE CHIEF DATA OFFICER DIRECTORATE","200259","G6","65430","70690","Senior Manager","<5","Digital  Data and Technology","LONDON"
"Department for Environment Food & Rural Affairs","Department for Environment, Food and Rural Affairs","MARINE AND FISHERIES DIRECTORATE","200111","HEO","33590","37480","Officer","<5","Finance","LONDON"
"Department for Environment Food & Rural Affairs","Department for Environment, Food and Rural Affairs","MARINE AND FISHERIES DIRECTORATE","200111","HEO","33590","37480","Officer","<5","Project Management Delivery","LONDON"
"Department for Environment Food & Rural Affairs","Department for Environment, Food and Rural Affairs","MARINE AND FISHERIES DIRECTORATE","200111","EO","28710","32220","Executive Officer","<5","Other","LONDON"
"Department for Environment Food & Rural Affairs","Department for Environment, Food and Rural Affairs","MARINE AND FISHERIES DIRECTORATE","200111","G6","65430","70690","Senior Manager","<5","Science and Engineering","LONDON"
"Department for Environment Food & Rural Affairs","Department for Environment, Food and Rural Affairs","DIGITAL, DATA, TECHNOLOGY AND SECURITY DIRECTORATE","200243","G6","65430","70690","Senior Manager","<5","Digital  Data and Technology","LONDON"
"Department for Environment Food & Rural Affairs","Department for Environment, Food and Rural Affairs","DIGITAL, DATA, TECHNOLOGY AND SECURITY DIRECTORATE","200036","G7","54470","59900","Team Manager","<5","Human Resources","LONDON"
"Department for Environment Food & Rural Affairs","Department for Environment, Food and Rural Affairs","DIGITAL, DATA, TECHNOLOGY AND SECURITY DIRECTORATE","200036","G6","65430","70690","Senior Manager","<5","Digital  Data and Technology","LONDON"
"Department for Environment Food & Rural Affairs","Department for Environment, Food and Rural Affairs","DIGITAL, DATA, TECHNOLOGY AND SECURITY DIRECTORATE","200036","EO","28710","32220","Executive Officer","<5","Operational Delivery","LONDON"
"Department for Environment Food & Rural Affairs","Department for Environment, Food and Rural Affairs","DIGITAL, DATA, TECHNOLOGY AND SECURITY DIRECTORATE","200036","G7","54470","59900","Team Manager","<5","Digital  Data and Technology","LONDON"
"Department for Environment Food & Rural Affairs","Department for Environment, Food and Rural Affairs","HUMAN RESOURCES DIRECTORATE","200173","HEO","33590","37480","Officer","<5","Human Resources","LONDON"
"Department for Environment Food & Rural Affairs","Department for Environment, Food and Rural Affairs","HUMAN RESOURCES DIRECTORATE","200173","G7","54470","59900","Team Manager","<5","Human Resources","LONDON"
"Department for Environment Food & Rural Affairs","Department for Environment, Food and Rural Affairs","HUMAN RESOURCES DIRECTORATE","200173","G6","65430","70690","Senior Manager","<5","Human Resources","LONDON"
"Department for Environment Food & Rural Affairs","Department for Environment, Food and Rural Affairs","WATER AND FLOOD MANAGEMENT DIRECTORATE","200144","HEO","33590","37480","Officer","<5","Project Management Delivery","LONDON"
"Department for Environment Food & Rural Affairs","Department for Environment, Food and Rural Affairs","WATER AND FLOOD MANAGEMENT DIRECTORATE","200144","G7","54470","59900","Team Manager","<5","Project Management Delivery","LONDON"
"Department for Environment Food & Rural Affairs","Department for Environment, Food and Rural Affairs","ENV QUALITY, INFRASTRUCTURE & PLANNING DIRECTORATE","200109","EO","28710","32220","Executive Officer","<5","Knowledge and Information Management","LONDON"
"Department for Environment Food & Rural Affairs","Department for Environment, Food and Rural Affairs","ENV QUALITY, INFRASTRUCTURE & PLANNING DIRECTORATE","200109","G7","54470","59900","Team Manager","<5","Economic","LONDON"
"Department for Environment Food & Rural Affairs","Department for Environment, Food and Rural Affairs","ENV QUALITY, INFRASTRUCTURE & PLANNING DIRECTORATE","200109","G7","54470","59900","Team Manager","<5","Statistics","LONDON"
"Department for Environment Food & Rural Affairs","Department for Environment, Food and Rural Affairs","ENV QUALITY, INFRASTRUCTURE & PLANNING DIRECTORATE","200109","HEO","33590","37480","Officer","<5","Statistics","LONDON"
"Department for Environment Food & Rural Affairs","Department for Environment, Food and Rural Affairs","DEFRA GROUP PROPERTY DIRECTORATE","200300","EO","28710","32220","Executive Officer","<5","Operational Delivery","LONDON"
"Department for Environment Food & Rural Affairs","Department for Environment, Food and Rural Affairs","DEFRA GROUP PROPERTY DIRECTORATE","200300","HEO","33590","37480","Officer","<5","Property","LONDON"
"Department for Environment Food & Rural Affairs","Department for Environment, Food and Rural Affairs","DEFRA GROUP PROPERTY DIRECTORATE","200300","AO","25070","28680","Executive Assistant","<5","Property","LONDON"
"Department for Environment Food & Rural Affairs","Department for Environment, Food and Rural Affairs","DEFRA GROUP PROPERTY DIRECTORATE","200300","AO","25070","28680","Executive Assistant","<5","Operational Delivery","LONDON"
"Department for Environment Food & Rural Affairs","Department for Environment, Food and Rural Affairs","ANIMAL AND PLANT HEALTH DIRECTORATE","200083","G7","54470","59900","Team Manager","<5","Operational Delivery","LONDON"
"Department for Environment Food & Rural Affairs","Department for Environment, Food and Rural Affairs","INTERNATIONAL BIODIVERSITY AND CLIMATE DIRECTORATE","200212","HEO","33590","37480","Officer","<5","International Trade and Negotiation","LONDON"
"Department for Environment Food & Rural Affairs","Department for Environment, Food and Rural Affairs","AGRI FOOD CHAIN DIRECTORATE","200107","HEO","33590","37480","Officer","<5","Operational Delivery","LONDON"
"Department for Environment Food & Rural Affairs","Department for Environment, Food and Rural Affairs","MARINE AND FISHERIES DIRECTORATE","200289","G7","54470","59900","Team Manager","<5","Economic","LONDON"
"Department for Environment Food & Rural Affairs","Department for Environment, Food and Rural Affairs","MARINE AND FISHERIES DIRECTORATE","200289","HEO","33590","37480","Officer","<5","Economic","LONDON"
"Department for Environment Food & Rural Affairs","Department for Environment, Food and Rural Affairs","MARINE AND FISHERIES DIRECTORATE","200289","G7","54470","59900","Team Manager","<5","Science and Engineering","LONDON"
"Department for Environment Food & Rural Affairs","Department for Environment, Food and Rural Affairs","MARINE AND FISHERIES DIRECTORATE","200289","G7","54470","59900","Team Manager","<5","Social Research","LONDON"
"Department for Environment Food & Rural Affairs","Department for Environment, Food and Rural Affairs","ENV QUALITY, INFRASTRUCTURE & PLANNING DIRECTORATE","200082","G7","54470","59900","Team Manager","<5","Science and Engineering","LONDON"
"Department for Environment Food & Rural Affairs","Department for Environment, Food and Rural Affairs","ENV QUALITY, INFRASTRUCTURE & PLANNING DIRECTORATE","200082","G6","65430","70690","Senior Manager","<5","Science and Engineering","LONDON"
"Department for Environment Food & Rural Affairs","Department for Environment, Food and Rural Affairs","ENV QUALITY, INFRASTRUCTURE & PLANNING DIRECTORATE","200082","G7","54470","59900","Team Manager","<5","Economic","LONDON"
"Department for Environment Food & Rural Affairs","Department for Environment, Food and Rural Affairs","ENV QUALITY, INFRASTRUCTURE & PLANNING DIRECTORATE","200082","HEO","33590","37480","Officer","<5","Economic","LONDON"
"Department for Environment Food & Rural Affairs","Department for Environment, Food and Rural Affairs","CIRCULAR ECONOMY DIRECTORATE","200147","HEO","33590","37480","Officer","<5","Communications","LONDON"
"Department for Environment Food & Rural Affairs","Department for Environment, Food and Rural Affairs","ANALYSIS DIRECTORATE","200060","HEO","33590","37480","Officer","<5","Project Management Delivery","LONDON"
"Department for Environment Food & Rural Affairs","Department for Environment, Food and Rural Affairs","ANALYSIS DIRECTORATE","200060","G6","65430","70690","Senior Manager","<5","Project Management Delivery","LONDON"
"Department for Environment Food & Rural Affairs","Department for Environment, Food and Rural Affairs","ANALYSIS DIRECTORATE","200060","HEO","33590","37480","Officer","<5","Science and Engineering","LONDON"
"Department for Environment Food & Rural Affairs","Department for Environment, Food and Rural Affairs","ANALYSIS DIRECTORATE","200060","G7","54470","59900","Team Manager","<5","Science and Engineering","LONDON"
"Department for Environment Food & Rural Affairs","Department for Environment, Food and Rural Affairs","FARMING DIRECTORATE - ADMIN COSTS","200195","G6","65430","70690","Senior Manager","<5","Project Management Delivery","LONDON"
"Department for Environment Food & Rural Affairs","Department for Environment, Food and Rural Affairs","FARMING DIRECTORATE - ADMIN COSTS","200195","HEO","33590","37480","Officer","<5","Project Management Delivery","LONDON"
"Department for Environment Food & Rural Affairs","Department for Environment, Food and Rural Affairs","FARMING DIRECTORATE - ADMIN COSTS","200195","EO","28710","32220","Executive Officer","<5","Project Management Delivery","LONDON"
"Department for Environment Food & Rural Affairs","Department for Environment, Food and Rural Affairs","FARMING DIRECTORATE - ADMIN COSTS","200195","G7","54470","59900","Team Manager","<5","Other","LONDON"
"Department for Environment Food & Rural Affairs","Department for Environment, Food and Rural Affairs","ANIMAL AND PLANT HEALTH DIRECTORATE","200004","G7","54470","59900","Team Manager","<5","Operational Research","LONDON"
"Department for Environment Food & Rural Affairs","Department for Environment, Food and Rural Affairs","ANIMAL AND PLANT HEALTH DIRECTORATE","200004","G6","65430","70690","Senior Manager","<5","Economic","LONDON"
"Department for Environment Food & Rural Affairs","Department for Environment, Food and Rural Affairs","ANIMAL AND PLANT HEALTH DIRECTORATE","200004","HEO","33590","37480","Officer","<5","Economic","LONDON"
"Department for Environment Food & Rural Affairs","Department for Environment, Food and Rural Affairs","BIODIVERSITY, LAND USE & INVESTMENT DIRECTORATE","200154","G7","54470","59900","Team Manager","<5","Economic","LONDON"
"Department for Environment Food & Rural Affairs","Department for Environment, Food and Rural Affairs","DIGITAL, DATA, TECHNOLOGY AND SECURITY DIRECTORATE","200073","HEO","33590","37480","Officer","<5","Security","LONDON"
"Department for Environment Food & Rural Affairs","Department for Environment, Food and Rural Affairs","DIGITAL, DATA, TECHNOLOGY AND SECURITY DIRECTORATE","200073","G6","65430","70690","Senior Manager","<5","Digital  Data and Technology","LONDON"
"Department for Environment Food & Rural Affairs","Department for Environment, Food and Rural Affairs","DIGITAL, DATA, TECHNOLOGY AND SECURITY DIRECTORATE","200073","G6","65430","70690","Senior Manager","<5","Security","LONDON"
"Department for Environment Food & Rural Affairs","Department for Environment, Food and Rural Affairs","DIGITAL, DATA, TECHNOLOGY AND SECURITY DIRECTORATE","200073","G7","54470","59900","Team Manager","<5","Security","LONDON"
"Department for Environment Food & Rural Affairs","Department for Environment, Food and Rural Affairs","FINANCE DIRECTORATE","200168","HEO","33590","37480","Officer","<5","Science and Engineering","LONDON"
"Department for Environment Food & Rural Affairs","Department for Environment, Food and Rural Affairs","DIGITAL, DATA, TECHNOLOGY AND SECURITY DIRECTORATE","200181","EO","28710","32220","Executive Officer","<5","Digital  Data and Technology","LONDON"
"Department for Environment Food & Rural Affairs","Department for Environment, Food and Rural Affairs","DIGITAL, DATA, TECHNOLOGY AND SECURITY DIRECTORATE","200181","HEO","33590","37480","Officer","<5","Digital  Data and Technology","LONDON"
"Department for Environment Food & Rural Affairs","Department for Environment, Food and Rural Affairs","TRADE DELIVERY DIRECTORATE","200185","HEO","33590","37480","Officer","<5","Project Management Delivery","LONDON"
"Department for Environment Food & Rural Affairs","Department for Environment, Food and Rural Affairs","TRADE DELIVERY DIRECTORATE","200185","G7","54470","59900","Team Manager","<5","Operational Delivery","LONDON"
"Department for Environment Food & Rural Affairs","Department for Environment, Food and Rural Affairs","TRADE DELIVERY DIRECTORATE","200185","EO","28710","32220","Executive Officer","<5","Finance","LONDON"
"Department for Environment Food & Rural Affairs","Department for Environment, Food and Rural Affairs","TRADE DELIVERY DIRECTORATE","200185","G7","54470","59900","Team Manager","<5","Project Management Delivery","LONDON"
"Department for Environment Food & Rural Affairs","Department for Environment, Food and Rural Affairs","TRADE DELIVERY DIRECTORATE","200185","HEO","33590","37480","Officer","<5","Corporate Finance","LONDON"
"Department for Environment Food & Rural Affairs","Department for Environment, Food and Rural Affairs","EU AND INTERNATIONAL TRADE DIRECTORATE","200047","EO","28710","32220","Executive Officer","<5","Operational Delivery","LONDON"
"Department for Environment Food & Rural Affairs","Department for Environment, Food and Rural Affairs","EU AND INTERNATIONAL TRADE DIRECTORATE","200047","HEO","33590","37480","Officer","<5","International Trade and Negotiation","LONDON"
"Department for Environment Food & Rural Affairs","Department for Environment, Food and Rural Affairs","EU AND INTERNATIONAL TRADE DIRECTORATE","200047","G6","65430","70690","Senior Manager","<5","International Trade and Negotiation","LONDON"
"Department for Environment Food & Rural Affairs","Department for Environment, Food and Rural Affairs","EU AND INTERNATIONAL TRADE DIRECTORATE","200047","G7","54470","59900","Team Manager","<5","International Trade and Negotiation","LONDON"
"Department for Environment Food & Rural Affairs","Department for Environment, Food and Rural Affairs","EU AND INTERNATIONAL TRADE DIRECTORATE","200047","HEO","33590","37480","Officer","<5","Operational Delivery","LONDON"
"Department for Environment Food & Rural Affairs","Department for Environment, Food and Rural Affairs","NATIONAL BIOSECURITY CENTRE DIRECTORATE","200029","EO","28710","32220","Executive Officer","<5","Property","LONDON"
"Department for Environment Food & Rural Affairs","Department for Environment, Food and Rural Affairs","AGRI FOOD CHAIN DIRECTORATE","200137","AO","25070","28680","Executive Assistant","<5","Operational Delivery","LONDON"
"Department for Environment Food & Rural Affairs","Department for Environment, Food and Rural Affairs","BIODIVERSITY, LAND USE & INVESTMENT DIRECTORATE","200132","HEO","33590","37480","Officer","<5","Economic","LONDON"
"Department for Environment Food & Rural Affairs","Department for Environment, Food and Rural Affairs","BIODIVERSITY, LAND USE & INVESTMENT DIRECTORATE","200132","G7","54470","59900","Team Manager","<5","Economic","LONDON"
"Department for Environment Food & Rural Affairs","Department for Environment, Food and Rural Affairs","DIGITAL, DATA, TECHNOLOGY AND SECURITY DIRECTORATE","200334","EO","28710","32220","Executive Officer","<5","Digital  Data and Technology","LONDON"
"Department for Environment Food & Rural Affairs","Department for Environment, Food and Rural Affairs","GCS STRATEGY, PARTNERSHIPS AND OPERATIONS DIRECTORATE","200306","G7","54470","59900","Team Manager","<5","Knowledge and Information Management","LONDON"
"Department for Environment Food & Rural Affairs","Department for Environment, Food and Rural Affairs","GCS STRATEGY, PARTNERSHIPS AND OPERATIONS DIRECTORATE","200306","HEO","33590","37480","Officer","<5","Data Analysis","LONDON"
"Department for Environment Food & Rural Affairs","Department for Environment, Food and Rural Affairs","EU AND INTERNATIONAL TRADE DIRECTORATE","200328","G7","54470","59900","Team Manager","<5","International Trade and Negotiation","LONDON"
"Department for Environment Food & Rural Affairs","Department for Environment, Food and Rural Affairs","EU AND INTERNATIONAL TRADE DIRECTORATE","200328","G6","65430","70690","Senior Manager","<5","International Trade and Negotiation","LONDON"
"Department for Environment Food & Rural Affairs","Department for Environment, Food and Rural Affairs","EU AND INTERNATIONAL TRADE DIRECTORATE","200328","EO","28710","32220","Executive Officer","<5","International Trade and Negotiation","LONDON"
"Department for Environment Food & Rural Affairs","Department for Environment, Food and Rural Affairs","EU AND INTERNATIONAL TRADE DIRECTORATE","200328","HEO","33590","37480","Officer","<5","International Trade and Negotiation","LONDON"
"Department for Environment Food & Rural Affairs","Department for Environment, Food and Rural Affairs","STRATEGY, GOVERNANCE & CLIMATE DIRECTORATE","200014","G6","65430","70690","Senior Manager","<5","Geography","LONDON"
"Department for Environment Food & Rural Affairs","Department for Environment, Food and Rural Affairs","STRATEGY, GOVERNANCE & CLIMATE DIRECTORATE","200014","HEO","33590","37480","Officer","<5","Project Management Delivery","LONDON"
"Department for Environment Food & Rural Affairs","Department for Environment, Food and Rural Affairs","STRATEGY, GOVERNANCE & CLIMATE DIRECTORATE","200014","G7","54470","59900","Team Manager","<5","Economic","LONDON"
"Department for Environment Food & Rural Affairs","Department for Environment, Food and Rural Affairs","STRATEGY, GOVERNANCE & CLIMATE DIRECTORATE","200014","G7","54470","59900","Team Manager","<5","Social Research","LONDON"
"Department for Environment Food & Rural Affairs","Department for Environment, Food and Rural Affairs","STRATEGY, GOVERNANCE & CLIMATE DIRECTORATE","200014","G6","65430","70690","Senior Manager","<5","Social Research","LONDON"
"Department for Environment Food & Rural Affairs","Department for Environment, Food and Rural Affairs","STRATEGY, GOVERNANCE & CLIMATE DIRECTORATE","200014","EO","28710","32220","Executive Officer","<5","Operational Delivery","LONDON"
"Department for Environment Food & Rural Affairs","Department for Environment, Food and Rural Affairs","STRATEGY, GOVERNANCE & CLIMATE DIRECTORATE","200014","G6","65430","70690","Senior Manager","<5","Science and Engineering","LONDON"
"Department for Environment Food & Rural Affairs","Department for Environment, Food and Rural Affairs","STRATEGY, GOVERNANCE & CLIMATE DIRECTORATE","200014","HEO","33590","37480","Officer","<5","Economic","LONDON"
"Department for Environment Food & Rural Affairs","Department for Environment, Food and Rural Affairs","STRATEGY, GOVERNANCE & CLIMATE DIRECTORATE","200014","G7","54470","59900","Team Manager","<5","Statistics","LONDON"
"Department for Environment Food & Rural Affairs","Department for Environment, Food and Rural Affairs","SCIENCE DIRECTORATE","200014","HEO","33590","37480","Officer","<5","Project Management Delivery","LONDON"
"Department for Environment Food & Rural Affairs","Department for Environment, Food and Rural Affairs","STRATEGY, GOVERNANCE & CLIMATE DIRECTORATE","200014","EO","28710","32220","Executive Officer","<5","Economic","LONDON"
"Department for Environment Food & Rural Affairs","Department for Environment, Food and Rural Affairs","BIODIVERSITY, LAND USE & INVESTMENT DIRECTORATE","200127","HEO","33590","37480","Officer","<5","Operational Delivery","LONDON"
"Department for Environment Food & Rural Affairs","Department for Environment, Food and Rural Affairs","BIODIVERSITY, LAND USE & INVESTMENT DIRECTORATE","200127","HEO","33590","37480","Officer","<5","Communications","LONDON"
"Department for Environment Food & Rural Affairs","Department for Environment, Food and Rural Affairs","ENV QUALITY, INFRASTRUCTURE & PLANNING DIRECTORATE","200134","EO","28710","32220","Executive Officer","<5","Operational Delivery","LONDON"
"Department for Environment Food & Rural Affairs","Department for Environment, Food and Rural Affairs","SCIENCE, DATA AND ANALYSIS DG OFFICE DIRECTORATE","200297","EO","28710","32220","Executive Officer","<5","Other","LONDON"
"Department for Environment Food & Rural Affairs","Department for Environment, Food and Rural Affairs","SCIENCE, DATA AND ANALYSIS DG OFFICE DIRECTORATE","200297","G7","54470","59900","Team Manager","<5","Science and Engineering","LONDON"
"Department for Environment Food & Rural Affairs","Department for Environment, Food and Rural Affairs","GROUP STRATEGY DIRECTORATE","200058","HEO","33590","37480","Officer","<5","Operational Delivery","LONDON"
"Department for Environment Food & Rural Affairs","Department for Environment, Food and Rural Affairs","MARINE AND FISHERIES DIRECTORATE","200272","G6","65430","70690","Senior Manager","<5","International Trade and Negotiation","LONDON"
"Department for Environment Food & Rural Affairs","Department for Environment, Food and Rural Affairs","FINANCE DIRECTORATE","200320","G7","54470","59900","Team Manager","<5","Finance","LONDON"
"Department for Environment Food & Rural Affairs","Department for Environment, Food and Rural Affairs","MINISTERIAL, GROWTH AND RESILIENCE DIRECTORATE","200237","HEO","33590","37480","Officer","<5","Operational Delivery","LONDON"
"Department for Environment Food & Rural Affairs","Department for Environment, Food and Rural Affairs","FINANCE DIRECTORATE","200046","G6","65430","70690","Senior Manager","<5","Finance","LONDON"
"Department for Environment Food & Rural Affairs","Department for Environment, Food and Rural Affairs","FINANCE DIRECTORATE","200050","G6","65430","70690","Senior Manager","<5","Finance","LONDON"
"Department for Environment Food & Rural Affairs","Department for Environment, Food and Rural Affairs","FARMING DIRECTORATE - ADMIN COSTS","200128","HEO","33590","37480","Officer","<5","Project Management Delivery","LONDON"
"Department for Environment Food & Rural Affairs","Department for Environment, Food and Rural Affairs","FINANCE DIRECTORATE","200167","G6","65430","70690","Senior Manager","<5","Finance","LONDON"
"Department for Environment Food & Rural Affairs","Department for Environment, Food and Rural Affairs","FINANCE DIRECTORATE","200167","HEO","33590","37480","Officer","<5","Finance","LONDON"
"Department for Environment Food & Rural Affairs","Department for Environment, Food and Rural Affairs","FINANCE DIRECTORATE","200167","G7","54470","59900","Team Manager","<5","Finance","LONDON"
"Department for Environment Food & Rural Affairs","Department for Environment, Food and Rural Affairs","FINANCE DIRECTORATE","200167","HEO","33590","37480","Officer","<5","Corporate Finance","LONDON"
"Department for Environment Food & Rural Affairs","Department for Environment, Food and Rural Affairs","TRADE DELIVERY DIRECTORATE","200214","G7","54470","59900","Team Manager","<5","Economic","LONDON"
"Department for Environment Food & Rural Affairs","Department for Environment, Food and Rural Affairs","TRADE DELIVERY DIRECTORATE","200214","G7","54470","59900","Team Manager","<5","Social Research","LONDON"
"Department for Environment Food & Rural Affairs","Department for Environment, Food and Rural Affairs","TRADE DELIVERY DIRECTORATE","200214","G7","54470","59900","Team Manager","<5","Operational Research","LONDON"
"Department for Environment Food & Rural Affairs","Department for Environment, Food and Rural Affairs","EU RESET STRATEGY & LEGISLATION DIRECTORATE","200214","G7","54470","59900","Team Manager","<5","Statistics","LONDON"
"Department for Environment Food & Rural Affairs","Department for Environment, Food and Rural Affairs","TRADE DELIVERY DIRECTORATE","200214","HEO","33590","37480","Officer","<5","Social Research","LONDON"
"Department for Environment Food & Rural Affairs","Department for Environment, Food and Rural Affairs","EU RESET STRATEGY & LEGISLATION DIRECTORATE","200214","HEO","33590","37480","Officer","<5","Economic","LONDON"
"Department for Environment Food & Rural Affairs","Department for Environment, Food and Rural Affairs","TRADE DELIVERY DIRECTORATE","200214","HEO","33590","37480","Officer","<5","Economic","LONDON"
"Department for Environment Food & Rural Affairs","Department for Environment, Food and Rural Affairs","TRADE DELIVERY DIRECTORATE","200214","EO","28710","32220","Executive Officer","<5","Economic","LONDON"
"Department for Environment Food & Rural Affairs","Department for Environment, Food and Rural Affairs","AGRI FOOD CHAIN DIRECTORATE","200090","AO","25070","28680","Executive Assistant","<5","Other","LONDON"
"Department for Environment Food & Rural Affairs","Department for Environment, Food and Rural Affairs","AGRI FOOD CHAIN DIRECTORATE","200090","G7","54470","59900","Team Manager","<5","Statistics","LONDON"
"Department for Environment Food & Rural Affairs","Department for Environment, Food and Rural Affairs","AGRI FOOD CHAIN DIRECTORATE","200090","EO","28710","32220","Executive Officer","<5","Finance","LONDON"
"Department for Environment Food & Rural Affairs","Department for Environment, Food and Rural Affairs","AGRI FOOD CHAIN DIRECTORATE","200090","EO","28710","32220","Executive Officer","<5","Data Analysis","LONDON"
"Department for Environment Food & Rural Affairs","Department for Environment, Food and Rural Affairs","AGRI FOOD CHAIN DIRECTORATE","200090","G6","65430","70690","Senior Manager","<5","Science and Engineering","LONDON"
"Department for Environment Food & Rural Affairs","Department for Environment, Food and Rural Affairs","AGRI FOOD CHAIN DIRECTORATE","200090","HEO","33590","37480","Officer","<5","Operational Research","LONDON"
"Department for Environment Food & Rural Affairs","Department for Environment, Food and Rural Affairs","AGRI FOOD CHAIN DIRECTORATE","200090","HEO","33590","37480","Officer","<5","Statistics","LONDON"
"Department for Environment Food & Rural Affairs","Department for Environment, Food and Rural Affairs","AGRI FOOD CHAIN DIRECTORATE","200090","G6","65430","70690","Senior Manager","<5","Statistics","LONDON"
"Department for Environment Food & Rural Affairs","Department for Environment, Food and Rural Affairs","AGRI FOOD CHAIN DIRECTORATE","200090","G7","54470","59900","Team Manager","<5","Economic","LONDON"
"Department for Environment Food & Rural Affairs","Department for Environment, Food and Rural Affairs","AGRI FOOD CHAIN DIRECTORATE","200090","G7","54470","59900","Team Manager","<5","Science and Engineering","LONDON"
"Department for Environment Food & Rural Affairs","Department for Environment, Food and Rural Affairs","AGRI FOOD CHAIN DIRECTORATE","200090","HEO","33590","37480","Officer","<5","Science and Engineering","LONDON"
"Department for Environment Food & Rural Affairs","Department for Environment, Food and Rural Affairs","AGRI FOOD CHAIN DIRECTORATE","200090","HEO","33590","37480","Officer","<5","Social Research","LONDON"
"Department for Environment Food & Rural Affairs","Department for Environment, Food and Rural Affairs","WATER AND FLOOD MANAGEMENT DIRECTORATE","200090","HEO","33590","37480","Officer","<5","Economic","LONDON"
"Department for Environment Food & Rural Affairs","Department for Environment, Food and Rural Affairs","AGRI FOOD CHAIN DIRECTORATE","200090","HEO","33590","37480","Officer","<5","Economic","LONDON"
"Department for Environment Food & Rural Affairs","Department for Environment, Food and Rural Affairs","DIGITAL, DATA, TECHNOLOGY AND SECURITY DIRECTORATE","200159","EO","28710","32220","Executive Officer","<5","Other","LONDON"
"Department for Environment Food & Rural Affairs","Department for Environment, Food and Rural Affairs","DIGITAL, DATA, TECHNOLOGY AND SECURITY DIRECTORATE","200159","G7","54470","59900","Team Manager","<5","Operational Delivery","LONDON"
"Department for Environment Food & Rural Affairs","Department for Environment, Food and Rural Affairs","DIGITAL, DATA, TECHNOLOGY AND SECURITY DIRECTORATE","200159","EO","28710","32220","Executive Officer","<5","Human Resources","LONDON"
"Department for Environment Food & Rural Affairs","Department for Environment, Food and Rural Affairs","COMMUNICATIONS DIRECTORATE","200288","EO","28710","32220","Executive Officer","<5","Communications","LONDON"
"Department for Environment Food & Rural Affairs","Department for Environment, Food and Rural Affairs","COMMUNICATIONS DIRECTORATE","200288","G7","54470","59900","Team Manager","<5","Communications","LONDON"
"Department for Environment Food & Rural Affairs","Department for Environment, Food and Rural Affairs","COMMUNICATIONS DIRECTORATE","200288","HEO","33590","37480","Officer","<5","Communications","LONDON"
"Department for Environment Food & Rural Affairs","Department for Environment, Food and Rural Affairs","COMMUNICATIONS DIRECTORATE","200288","G6","65430","70690","Senior Manager","<5","Communications","LONDON"
"Department for Environment Food & Rural Affairs","Department for Environment, Food and Rural Affairs","OFFICIAL DEVELOPMENT ASSISTANCE DIRECTORATE","200263","HEO","33590","37480","Officer","<5","Project Management Delivery","LONDON"
"Department for Environment Food & Rural Affairs","Department for Environment, Food and Rural Affairs","OFFICIAL DEVELOPMENT ASSISTANCE DIRECTORATE","200263","HEO","33590","37480","Officer","<5","Economic","LONDON"
"Department for Environment Food & Rural Affairs","Department for Environment, Food and Rural Affairs","OFFICIAL DEVELOPMENT ASSISTANCE DIRECTORATE","200263","HEO","33590","37480","Officer","<5","Operational Delivery","LONDON"
"Department for Environment Food & Rural Affairs","Department for Environment, Food and Rural Affairs","DEFRA GROUP PROPERTY DIRECTORATE","200277","AO","25070","28680","Executive Assistant","<5","Property","LONDON"
"Department for Environment Food & Rural Affairs","Department for Environment, Food and Rural Affairs","WATER AND FLOOD MANAGEMENT DIRECTORATE","200008","G6","65430","70690","Senior Manager","<5","International Trade and Negotiation","LONDON"
"Department for Environment Food & Rural Affairs","Department for Environment, Food and Rural Affairs","EU AND INTERNATIONAL TRADE DIRECTORATE","200105","G7","54470","59900","Team Manager","<5","International Trade and Negotiation","LONDON"
"Department for Environment Food & Rural Affairs","Department for Environment, Food and Rural Affairs","EU AND INTERNATIONAL TRADE DIRECTORATE","200105","EO","28710","32220","Executive Officer","<5","International Trade and Negotiation","LONDON"
"Department for Environment Food & Rural Affairs","Department for Environment, Food and Rural Affairs","EU AND INTERNATIONAL TRADE DIRECTORATE","200105","G6","65430","70690","Senior Manager","<5","International Trade and Negotiation","LONDON"
"Department for Environment Food & Rural Affairs","Department for Environment, Food and Rural Affairs","EU AND INTERNATIONAL TRADE DIRECTORATE","200105","HEO","33590","37480","Officer","<5","International Trade and Negotiation","LONDON"
"Department for Environment Food & Rural Affairs","Department for Environment, Food and Rural Affairs","STRATEGY AND WATER DG OFFICES DIRECTORATE","200239","EO","28710","32220","Executive Officer","<5","Operational Delivery","LONDON"
"Department for Environment Food & Rural Affairs","Department for Environment, Food and Rural Affairs","STRATEGY AND WATER DG OFFICES DIRECTORATE","200239","HEO","33590","37480","Officer","<5","Science and Engineering","LONDON"
"Department for Environment Food & Rural Affairs","Department for Environment, Food and Rural Affairs","STRATEGY AND WATER DG OFFICES DIRECTORATE","200239","EO","28710","32220","Executive Officer","<5","Other","LONDON"
"Department for Environment Food & Rural Affairs","Department for Environment, Food and Rural Affairs","STRATEGY AND WATER DG OFFICES DIRECTORATE","200239","EO","28710","32220","Executive Officer","<5","Knowledge and Information Management","LONDON"
"Department for Environment Food & Rural Affairs","Department for Environment, Food and Rural Affairs","STRATEGY AND WATER DG OFFICES DIRECTORATE","200239","HEO","33590","37480","Officer","<5","Project Management Delivery","LONDON"
"Department for Environment Food & Rural Affairs","Department for Environment, Food and Rural Affairs","STRATEGY, GOVERNANCE & CLIMATE DIRECTORATE","200298","HEO","33590","37480","Officer","<5","Communications","LONDON"
"Department for Environment Food & Rural Affairs","Department for Environment, Food and Rural Affairs","INTERNATIONAL BIODIVERSITY AND CLIMATE DIRECTORATE","200287","EO","28710","32220","Executive Officer","<5","Corporate Finance","LONDON"
"Department for Environment Food & Rural Affairs","Department for Environment, Food and Rural Affairs","INTERNATIONAL BIODIVERSITY AND CLIMATE DIRECTORATE","200287","HEO","33590","37480","Officer","<5","Finance","LONDON"
"Department for Environment Food & Rural Affairs","Department for Environment, Food and Rural Affairs","PORTFOLIO DIRECTORATE","200220","G7","54470","59900","Team Manager","<5","Data Analysis","LONDON"
"Department for Environment Food & Rural Affairs","Department for Environment, Food and Rural Affairs","DIGITAL, DATA, TECHNOLOGY AND SECURITY DIRECTORATE","200069","G6","65430","70690","Senior Manager","<5","Digital  Data and Technology","LONDON"
"Department for Environment Food & Rural Affairs","Department for Environment, Food and Rural Affairs","DIGITAL, DATA, TECHNOLOGY AND SECURITY DIRECTORATE","200069","HEO","33590","37480","Officer","<5","Digital  Data and Technology","LONDON"
"Department for Environment Food & Rural Affairs","Department for Environment, Food and Rural Affairs","DIGITAL, DATA, TECHNOLOGY AND SECURITY DIRECTORATE","200069","G7","54470","59900","Team Manager","<5","Digital  Data and Technology","LONDON"
"Department for Environment Food & Rural Affairs","Department for Environment, Food and Rural Affairs","EU RESET STRATEGY & LEGISLATION DIRECTORATE","200205","G7","54470","59900","Team Manager","<5","Communications","LONDON"
"Department for Environment Food & Rural Affairs","Department for Environment, Food and Rural Affairs","MINISTERIAL, GROWTH AND RESILIENCE DIRECTORATE","200205","G7","54470","59900","Team Manager","<5","International Trade and Negotiation","LONDON"
"Department for Environment Food & Rural Affairs","Department for Environment, Food and Rural Affairs","TRADE DELIVERY DIRECTORATE","200205","G7","54470","59900","Team Manager","<5","International Trade and Negotiation","LONDON"
"Department for Environment Food & Rural Affairs","Department for Environment, Food and Rural Affairs","MINISTERIAL, GROWTH AND RESILIENCE DIRECTORATE","200205","HEO","33590","37480","Officer","<5","Human Resources","LONDON"
"Department for Environment Food & Rural Affairs","Department for Environment, Food and Rural Affairs","GCS STRATEGY, PARTNERSHIPS AND OPERATIONS DIRECTORATE","200253","G7","54470","59900","Team Manager","<5","Communications","LONDON"
"Department for Environment Food & Rural Affairs","Department for Environment, Food and Rural Affairs","GCS STRATEGY, PARTNERSHIPS AND OPERATIONS DIRECTORATE","200253","EO","28710","32220","Executive Officer","<5","Project Management Delivery","LONDON"
"Department for Environment Food & Rural Affairs","Department for Environment, Food and Rural Affairs","GCS STRATEGY, PARTNERSHIPS AND OPERATIONS DIRECTORATE","200253","G7","54470","59900","Team Manager","<5","Project Management Delivery","LONDON"
"Department for Environment Food & Rural Affairs","Department for Environment, Food and Rural Affairs","BIODIVERSITY, LAND USE & INVESTMENT DIRECTORATE","200269","HEO","33590","37480","Officer","<5","Project Management Delivery","LONDON"
"Department for Environment Food & Rural Affairs","Department for Environment, Food and Rural Affairs","SCIENCE DIRECTORATE","200269","HEO","33590","37480","Officer","<5","Economic","LONDON"
"Department for Environment Food & Rural Affairs","Department for Environment, Food and Rural Affairs","STRATEGY, GOVERNANCE & CLIMATE DIRECTORATE","200207","HEO","33590","37480","Officer","<5","Knowledge and Information Management","LONDON"
"Department for Environment Food & Rural Affairs","Department for Environment, Food and Rural Affairs","STRATEGY, GOVERNANCE & CLIMATE DIRECTORATE","200207","EO","28710","32220","Executive Officer","<5","Operational Delivery","LONDON"
"Department for Environment Food & Rural Affairs","Department for Environment, Food and Rural Affairs","MINISTERIAL, GROWTH AND RESILIENCE DIRECTORATE","200241","HEO","33590","37480","Officer","<5","Operational Delivery","LONDON"
"Department for Environment Food & Rural Affairs","Department for Environment, Food and Rural Affairs","DIGITAL, DATA, TECHNOLOGY AND SECURITY DIRECTORATE","200304","HEO","33590","37480","Officer","<5","Digital  Data and Technology","LONDON"
"Department for Environment Food & Rural Affairs","Department for Environment, Food and Rural Affairs","DEFRA GROUP PROPERTY DIRECTORATE","200049","HEO","33590","37480","Officer","<5","Project Management Delivery","LONDON"
"Department for Environment Food & Rural Affairs","Department for Environment, Food and Rural Affairs","HUMAN RESOURCES DIRECTORATE","200010","G7","54470","59900","Team Manager","<5","Human Resources","LONDON"
"Department for Environment Food & Rural Affairs","Department for Environment, Food and Rural Affairs","ENV QUALITY, INFRASTRUCTURE & PLANNING DIRECTORATE","200131","G7","54470","59900","Team Manager","<5","Social Research","LONDON"
"Department for Environment Food & Rural Affairs","Department for Environment, Food and Rural Affairs","PORTFOLIO DIRECTORATE","200338","HEO","33590","37480","Officer","<5","Project Management Delivery","LONDON"
"Department for Environment Food & Rural Affairs","Department for Environment, Food and Rural Affairs","PORTFOLIO DIRECTORATE","200338","G7","54470","59900","Team Manager","<5","Project Management Delivery","LONDON"
"Department for Environment Food & Rural Affairs","Department for Environment, Food and Rural Affairs","FINANCE DIRECTORATE","200170","G6","65430","70690","Senior Manager","<5","Finance","LONDON"
"Department for Environment Food & Rural Affairs","Department for Environment, Food and Rural Affairs","FINANCE DIRECTORATE","200170","G6","65430","70690","Senior Manager","<5","Corporate Finance","LONDON"
"Department for Environment Food & Rural Affairs","Department for Environment, Food and Rural Affairs","TRADE DELIVERY DIRECTORATE","200012","G6","65430","70690","Senior Manager","<5","Project Management Delivery","LONDON"
"Department for Environment Food & Rural Affairs","Department for Environment, Food and Rural Affairs","TRADE DELIVERY DIRECTORATE","200012","G7","54470","59900","Team Manager","<5","International Trade and Negotiation","LONDON"
"Department for Environment Food & Rural Affairs","Department for Environment, Food and Rural Affairs","TRADE DELIVERY DIRECTORATE","200012","HEO","33590","37480","Officer","<5","Operational Delivery","LONDON"
"Department for Environment Food & Rural Affairs","Department for Environment, Food and Rural Affairs","CHANGE DELIVERY DIRECTORATE","200204","HEO","33590","37480","Officer","<5","Project Management Delivery","LONDON"
"Department for Environment Food & Rural Affairs","Department for Environment, Food and Rural Affairs","CHANGE DELIVERY DIRECTORATE","200204","EO","28710","32220","Executive Officer","<5","Operational Delivery","LONDON"
"Department for Environment Food & Rural Affairs","Department for Environment, Food and Rural Affairs","DEFRA GROUP PROPERTY DIRECTORATE","200186","HEO","33590","37480","Officer","<5","Project Management Delivery","LONDON"
"Department for Environment Food & Rural Affairs","Department for Environment, Food and Rural Affairs","WATER AND FLOOD MANAGEMENT DIRECTORATE","200145","G6","65430","70690","Senior Manager","<5","Operational Delivery","LONDON"
"Department for Environment Food & Rural Affairs","Department for Environment, Food and Rural Affairs","WATER AND FLOOD MANAGEMENT DIRECTORATE","200145","EO","28710","32220","Executive Officer","<5","Operational Delivery","LONDON"
"Department for Environment Food & Rural Affairs","Department for Environment, Food and Rural Affairs","HUMAN RESOURCES DIRECTORATE","200324","G7","54470","59900","Team Manager","<5","Human Resources","LONDON"
"Department for Environment Food & Rural Affairs","Department for Environment, Food and Rural Affairs","DIGITAL, DATA, TECHNOLOGY AND SECURITY DIRECTORATE","200305","G7","54470","59900","Team Manager","<5","Digital  Data and Technology","LONDON"
"Department for Environment Food & Rural Affairs","Department for Environment, Food and Rural Affairs","DIGITAL, DATA, TECHNOLOGY AND SECURITY DIRECTORATE","200305","G6","65430","70690","Senior Manager","<5","Digital  Data and Technology","LONDON"
"Department for Environment Food & Rural Affairs","Department for Environment, Food and Rural Affairs","FINANCE DIRECTORATE","200166","EO","28710","32220","Executive Officer","<5","Finance","LONDON"
"Department for Environment Food & Rural Affairs","Department for Environment, Food and Rural Affairs","FINANCE DIRECTORATE","200166","HEO","33590","37480","Officer","<5","Finance","LONDON"
"Department for Environment Food & Rural Affairs","Department for Environment, Food and Rural Affairs","FINANCE DIRECTORATE","200166","HEO","33590","37480","Officer","<5","Corporate Finance","LONDON"
"Department for Environment Food & Rural Affairs","Department for Environment, Food and Rural Affairs","OFFICIAL DEVELOPMENT ASSISTANCE DIRECTORATE","200236","HEO","33590","37480","Officer","<5","Economic","LONDON"
"Department for Environment Food & Rural Affairs","Department for Environment, Food and Rural Affairs","INTERNATIONAL BIODIVERSITY AND CLIMATE DIRECTORATE","200236","G6","65430","70690","Senior Manager","<5","Economic","LONDON"
"Department for Environment Food & Rural Affairs","Department for Environment, Food and Rural Affairs","OFFICIAL DEVELOPMENT ASSISTANCE DIRECTORATE","200236","HEO","33590","37480","Officer","<5","Project Management Delivery","LONDON"
"Department for Environment Food & Rural Affairs","Department for Environment, Food and Rural Affairs","INTERNATIONAL BIODIVERSITY AND CLIMATE DIRECTORATE","200236","HEO","33590","37480","Officer","<5","Science and Engineering","LONDON"
"Department for Environment Food & Rural Affairs","Department for Environment, Food and Rural Affairs","CIRCULAR ECONOMY DIRECTORATE","200329","G7","54470","59900","Team Manager","<5","Economic","LONDON"
"Department for Environment Food & Rural Affairs","Department for Environment, Food and Rural Affairs","PEPR DIRECTORATE","200329","HEO","33590","37480","Officer","<5","Communications","LONDON"
"Department for Environment Food & Rural Affairs","Department for Environment, Food and Rural Affairs","PEPR DIRECTORATE","200329","G7","54470","59900","Team Manager","<5","Communications","LONDON"
"Department for Environment Food & Rural Affairs","Department for Environment, Food and Rural Affairs","PEPR DIRECTORATE","200329","G6","65430","70690","Senior Manager","<5","Economic","LONDON"
"Department for Environment Food & Rural Affairs","Department for Environment, Food and Rural Affairs","EU AND INTERNATIONAL TRADE DIRECTORATE","200005","G7","54470","59900","Team Manager","<5","International Trade and Negotiation","LONDON"
"Department for Environment Food & Rural Affairs","Department for Environment, Food and Rural Affairs","TRADE DELIVERY DIRECTORATE","200005","HEO","33590","37480","Officer","<5","Project Management Delivery","LONDON"
"Department for Environment Food & Rural Affairs","Department for Environment, Food and Rural Affairs","DEFRA GROUP PROPERTY DIRECTORATE","200189","G7","54470","59900","Team Manager","<5","Science and Engineering","LONDON"
"Department for Environment Food & Rural Affairs","Department for Environment, Food and Rural Affairs","ANALYSIS DIRECTORATE","200282","G7","54470","59900","Team Manager","<5","Economic","LONDON"
"Department for Environment Food & Rural Affairs","Department for Environment, Food and Rural Affairs","DIGITAL, DATA, TECHNOLOGY AND SECURITY DIRECTORATE","200282","G7","54470","59900","Team Manager","<5","Economic","LONDON"
"Department for Environment Food & Rural Affairs","Department for Environment, Food and Rural Affairs","ANALYSIS DIRECTORATE","200282","HEO","33590","37480","Officer","<5","Economic","LONDON"
"Department for Environment Food & Rural Affairs","Department for Environment, Food and Rural Affairs","FINANCE DIRECTORATE","200285","G6","65430","70690","Senior Manager","<5","Finance","LONDON"
"Department for Environment Food & Rural Affairs","Department for Environment, Food and Rural Affairs","FARMING DIRECTORATE - ADMIN COSTS","200017","G7","54470","59900","Team Manager","<5","Human Resources","LONDON"
"Department for Environment Food & Rural Affairs","Department for Environment, Food and Rural Affairs","FARMING DIRECTORATE - ADMIN COSTS","200017","HEO","33590","37480","Officer","<5","Knowledge and Information Management","LONDON"
"Department for Environment Food & Rural Affairs","Department for Environment, Food and Rural Affairs","FARMING DIRECTORATE - ADMIN COSTS","200017","EO","28710","32220","Executive Officer","<5","Operational Delivery","LONDON"
"Department for Environment Food & Rural Affairs","Department for Environment, Food and Rural Affairs","NATIONAL BIOSECURITY CENTRE DIRECTORATE","200280","G6","65430","70690","Senior Manager","<5","Security","LONDON"
"Department for Environment Food & Rural Affairs","Department for Environment, Food and Rural Affairs","HUMAN RESOURCES DIRECTORATE","200149","EO","28710","32220","Executive Officer","<5","Human Resources","LONDON"
"Department for Environment Food & Rural Affairs","Department for Environment, Food and Rural Affairs","HUMAN RESOURCES DIRECTORATE","200149","G6","65430","70690","Senior Manager","<5","Human Resources","LONDON"
"Department for Environment Food & Rural Affairs","Department for Environment, Food and Rural Affairs","HUMAN RESOURCES DIRECTORATE","200149","HEO","33590","37480","Officer","<5","Human Resources","LONDON"
"Department for Environment Food & Rural Affairs","Department for Environment, Food and Rural Affairs","OFFICIAL DEVELOPMENT ASSISTANCE DIRECTORATE","200025","G6","65430","70690","Senior Manager","<5","Social Research","LONDON"
"Department for Environment Food & Rural Affairs","Department for Environment, Food and Rural Affairs","OFFICIAL DEVELOPMENT ASSISTANCE DIRECTORATE","200025","AO","25070","28680","Executive Assistant","<5","Finance","LONDON"
"Department for Environment Food & Rural Affairs","Department for Environment, Food and Rural Affairs","OFFICIAL DEVELOPMENT ASSISTANCE DIRECTORATE","200025","G7","54470","59900","Team Manager","<5","Science and Engineering","LONDON"
"Department for Environment Food & Rural Affairs","Department for Environment, Food and Rural Affairs","OFFICIAL DEVELOPMENT ASSISTANCE DIRECTORATE","200025","G6","65430","70690","Senior Manager","<5","Other","LONDON"
"Department for Environment Food & Rural Affairs","Department for Environment, Food and Rural Affairs","DIGITAL, DATA, TECHNOLOGY AND SECURITY DIRECTORATE","200059","G7","54470","59900","Team Manager","<5","Digital  Data and Technology","LONDON"
"Department for Environment Food & Rural Affairs","Department for Environment, Food and Rural Affairs","ANALYSIS DIRECTORATE","200281","G7","54470","59900","Team Manager","<5","Social Research","LONDON"
"Department for Environment Food & Rural Affairs","Department for Environment, Food and Rural Affairs","ANALYSIS DIRECTORATE","200281","G6","65430","70690","Senior Manager","<5","Operational Research","LONDON"
"Department for Environment Food & Rural Affairs","Department for Environment, Food and Rural Affairs","ANALYSIS DIRECTORATE","200281","HEO","33590","37480","Officer","<5","Economic","LONDON"
"Department for Environment Food & Rural Affairs","Department for Environment, Food and Rural Affairs","ANALYSIS DIRECTORATE","200281","G7","54470","59900","Team Manager","<5","Operational Research","LONDON"
"Department for Environment Food & Rural Affairs","Department for Environment, Food and Rural Affairs","ANALYSIS DIRECTORATE","200281","G7","54470","59900","Team Manager","<5","Economic","LONDON"
"Department for Environment Food & Rural Affairs","Department for Environment, Food and Rural Affairs","TRADE DELIVERY DIRECTORATE","200308","G6","65430","70690","Senior Manager","<5","Project Management Delivery","LONDON"
"Department for Environment Food & Rural Affairs","Department for Environment, Food and Rural Affairs","TRADE DELIVERY DIRECTORATE","200308","G7","54470","59900","Team Manager","<5","Project Management Delivery","LONDON"
"Department for Environment Food & Rural Affairs","Department for Environment, Food and Rural Affairs","TRADE DELIVERY DIRECTORATE","200308","HEO","33590","37480","Officer","<5","Project Management Delivery","LONDON"
"Department for Environment Food & Rural Affairs","Department for Environment, Food and Rural Affairs","EU AND INTERNATIONAL TRADE DIRECTORATE","200108","G6","65430","70690","Senior Manager","<5","International Trade and Negotiation","LONDON"
"Department for Environment Food & Rural Affairs","Department for Environment, Food and Rural Affairs","EU AND INTERNATIONAL TRADE DIRECTORATE","200108","HEO","33590","37480","Officer","<5","International Trade and Negotiation","LONDON"
"Department for Environment Food & Rural Affairs","Department for Environment, Food and Rural Affairs","EU AND INTERNATIONAL TRADE DIRECTORATE","200108","HEO","33590","37480","Officer","<5","Project Management Delivery","LONDON"
"Department for Environment Food & Rural Affairs","Department for Environment, Food and Rural Affairs","CIRCULAR ECONOMY DIRECTORATE","200268","EO","28710","32220","Executive Officer","<5","Operational Delivery","LONDON"
"Department for Environment Food & Rural Affairs","Department for Environment, Food and Rural Affairs","FOOD FARMING AND BIOSECURITY DG OFFICE DIRECTORATE","200268","HEO","33590","37480","Officer","<5","Other","LONDON"
"Department for Environment Food & Rural Affairs","Department for Environment, Food and Rural Affairs","HUMAN RESOURCES DIRECTORATE","200296","G7","54470","59900","Team Manager","<5","Other","LONDON"
"Department for Environment Food & Rural Affairs","Department for Environment, Food and Rural Affairs","HUMAN RESOURCES DIRECTORATE","200296","G7","54470","59900","Team Manager","<5","Operational Research","LONDON"
"Department for Environment Food & Rural Affairs","Department for Environment, Food and Rural Affairs","FINANCE DIRECTORATE","200247","G7","54470","59900","Team Manager","<5","Statistics","LONDON"
"Department for Environment Food & Rural Affairs","Department for Environment, Food and Rural Affairs","TRADE DELIVERY DIRECTORATE","200106","G7","54470","59900","Team Manager","<5","Operational Delivery","LONDON"
"Department for Environment Food & Rural Affairs","Department for Environment, Food and Rural Affairs","FINANCE DIRECTORATE","200150","G6","65430","70690","Senior Manager","<5","Finance","LONDON"
"Department for Environment Food & Rural Affairs","Department for Environment, Food and Rural Affairs","FINANCE DIRECTORATE","200150","G7","54470","59900","Team Manager","<5","Finance","LONDON"
"Department for Environment Food & Rural Affairs","Department for Environment, Food and Rural Affairs","PEPR DIRECTORATE","200238","G6","65430","70690","Senior Manager","<5","Digital  Data and Technology","LONDON"
"Department for Environment Food & Rural Affairs","Department for Environment, Food and Rural Affairs","TRADE DELIVERY DIRECTORATE","200191","EO","28710","32220","Executive Officer","<5","Operational Delivery","LONDON"
"Department for Environment Food & Rural Affairs","Department for Environment, Food and Rural Affairs","HUMAN RESOURCES DIRECTORATE","200018","G6","65430","70690","Senior Manager","<5","Human Resources","LONDON"
"Department for Environment Food & Rural Affairs","Department for Environment, Food and Rural Affairs","GCS STRATEGY, PARTNERSHIPS AND OPERATIONS DIRECTORATE","200071","HEO","33590","37480","Officer","<5","Project Management Delivery","LONDON"
"Department for Environment Food & Rural Affairs","Department for Environment, Food and Rural Affairs","GCS STRATEGY, PARTNERSHIPS AND OPERATIONS DIRECTORATE","200071","G7","54470","59900","Team Manager","<5","Project Management Delivery","LONDON"
"Department for Environment Food & Rural Affairs","Department for Environment, Food and Rural Affairs","COMMUNICATIONS DIRECTORATE","200231","G6","65430","70690","Senior Manager","<5","Other","LONDON"
"Department for Environment Food & Rural Affairs","Department for Environment, Food and Rural Affairs","FINANCE DIRECTORATE","200265","G6","65430","70690","Senior Manager","<5","Finance","LONDON"
"Department for Environment Food & Rural Affairs","Department for Environment, Food and Rural Affairs","HUMAN RESOURCES DIRECTORATE","200312","G6","65430","70690","Senior Manager","<5","Human Resources","LONDON"
"Department for Environment Food & Rural Affairs","Department for Environment, Food and Rural Affairs","DIGITAL, DATA, TECHNOLOGY AND SECURITY DIRECTORATE","200234","G7","54470","59900","Team Manager","<5","Digital  Data and Technology","LONDON"
"Department for Environment Food & Rural Affairs","Department for Environment, Food and Rural Affairs","DIGITAL, DATA, TECHNOLOGY AND SECURITY DIRECTORATE","200234","EO","28710","32220","Executive Officer","<5","Other","LONDON"
"Department for Environment Food & Rural Affairs","Department for Environment, Food and Rural Affairs","TRADE DELIVERY DIRECTORATE","200335","G7","54470","59900","Team Manager","<5","Project Management Delivery","LONDON"
"Department for Environment Food & Rural Affairs","Department for Environment, Food and Rural Affairs","HUMAN RESOURCES DIRECTORATE","200283","G7","54470","59900","Team Manager","<5","Human Resources","LONDON"
"Department for Environment Food & Rural Affairs","Department for Environment, Food and Rural Affairs","FINANCE DIRECTORATE","200114","G7","54470","59900","Team Manager","<5","Grants","LONDON"
"Department for Environment Food & Rural Affairs","Department for Environment, Food and Rural Affairs","FINANCE DIRECTORATE","200114","G6","65430","70690","Senior Manager","<5","Counter Fraud","LONDON"
"Department for Environment Food & Rural Affairs","Department for Environment, Food and Rural Affairs","FINANCE DIRECTORATE","200114","G7","54470","59900","Team Manager","<5","Statistics","LONDON"
"Department for Environment Food & Rural Affairs","Department for Environment, Food and Rural Affairs","MINISTERIAL, GROWTH AND RESILIENCE DIRECTORATE","200075","HEO","33590","37480","Officer","<5","Operational Delivery","LONDON"
"Department for Environment Food & Rural Affairs","Department for Environment, Food and Rural Affairs","COMMUNICATIONS DIRECTORATE","200252","G6","65430","70690","Senior Manager","<5","Communications","LONDON"
"Department for Environment Food & Rural Affairs","Department for Environment, Food and Rural Affairs","COMMUNICATIONS DIRECTORATE","200252","HEO","33590","37480","Officer","<5","Communications","LONDON"
"Department for Environment Food & Rural Affairs","Department for Environment, Food and Rural Affairs","COMMUNICATIONS DIRECTORATE","200252","G7","54470","59900","Team Manager","<5","Communications","LONDON"
"Department for Environment Food & Rural Affairs","Department for Environment, Food and Rural Affairs","MARINE AND FISHERIES DIRECTORATE","200130","EO","28710","32220","Executive Officer","<5","Knowledge and Information Management","LONDON"
"Department for Environment Food & Rural Affairs","Department for Environment, Food and Rural Affairs","AGRI FOOD CHAIN DIRECTORATE","200174","EO","28710","32220","Executive Officer","<5","Operational Delivery","LONDON"
"Department for Environment Food & Rural Affairs","Department for Environment, Food and Rural Affairs","ANIMAL AND PLANT HEALTH DIRECTORATE","200246","EO","28710","32220","Executive Officer","<5","Other","LONDON"
"Department for Environment Food & Rural Affairs","Department for Environment, Food and Rural Affairs","ANIMAL AND PLANT HEALTH DIRECTORATE","200246","EO","28710","32220","Executive Officer","<5","Operational Delivery","LONDON"
"Department for Environment Food & Rural Affairs","Department for Environment, Food and Rural Affairs","OFFICIAL DEVELOPMENT ASSISTANCE DIRECTORATE","200246","HEO","33590","37480","Officer","<5","Project Management Delivery","LONDON"
"Department for Environment Food & Rural Affairs","Department for Environment, Food and Rural Affairs","ANIMAL AND PLANT HEALTH DIRECTORATE","200246","G6","65430","70690","Senior Manager","<5","Veterinary","LONDON"
"Department for Environment Food & Rural Affairs","Department for Environment, Food and Rural Affairs","ANIMAL AND PLANT HEALTH DIRECTORATE","200246","EO","28710","32220","Executive Officer","<5","Project Management Delivery","LONDON"
"Department for Environment Food & Rural Affairs","Department for Environment, Food and Rural Affairs","EU AND INTERNATIONAL TRADE DIRECTORATE","200318","G7","54470","59900","Team Manager","<5","Economic","LONDON"
"Department for Environment Food & Rural Affairs","Department for Environment, Food and Rural Affairs","EU AND INTERNATIONAL TRADE DIRECTORATE","200318","G6","65430","70690","Senior Manager","<5","Economic","LONDON"
"Department for Environment Food & Rural Affairs","Department for Environment, Food and Rural Affairs","EU AND INTERNATIONAL TRADE DIRECTORATE","200318","HEO","33590","37480","Officer","<5","Economic","LONDON"
"Department for Environment Food & Rural Affairs","Department for Environment, Food and Rural Affairs","EU AND INTERNATIONAL TRADE DIRECTORATE","200318","EO","28710","32220","Executive Officer","<5","Economic","LONDON"
"Department for Environment Food & Rural Affairs","Department for Environment, Food and Rural Affairs","MINISTERIAL, GROWTH AND RESILIENCE DIRECTORATE","200138","AO","25070","28680","Executive Assistant","<5","Operational Delivery","LONDON"
"Department for Environment Food & Rural Affairs","Department for Environment, Food and Rural Affairs","MINISTERIAL, GROWTH AND RESILIENCE DIRECTORATE","200138","HEO","33590","37480","Officer","<5","Operational Delivery","LONDON"
"Department for Environment Food & Rural Affairs","Department for Environment, Food and Rural Affairs","MINISTERIAL, GROWTH AND RESILIENCE DIRECTORATE","200138","HEO","33590","37480","Officer","<5","Knowledge and Information Management","LONDON"
"Department for Environment Food & Rural Affairs","Department for Environment, Food and Rural Affairs","MINISTERIAL, GROWTH AND RESILIENCE DIRECTORATE","200138","EO","28710","32220","Executive Officer","<5","Other","LONDON"
"Department for Environment Food & Rural Affairs","Department for Environment, Food and Rural Affairs","MINISTERIAL, GROWTH AND RESILIENCE DIRECTORATE","200138","EO","28710","32220","Executive Officer","<5","Digital  Data and Technology","LONDON"
"Department for Environment Food & Rural Affairs","Department for Environment, Food and Rural Affairs","MINISTERIAL, GROWTH AND RESILIENCE DIRECTORATE","200138","EO","28710","32220","Executive Officer","<5","Communications","LONDON"
"Department for Environment Food & Rural Affairs","Department for Environment, Food and Rural Affairs","GROUP STRATEGY DIRECTORATE","200208","G7","54470","59900","Team Manager","<5","Project Management Delivery","LONDON"
"Department for Environment Food & Rural Affairs","Department for Environment, Food and Rural Affairs","STRATEGY, GOVERNANCE & CLIMATE DIRECTORATE","200199","G6","65430","70690","Senior Manager","<5","Economic","LONDON"
"Department for Environment Food & Rural Affairs","Department for Environment, Food and Rural Affairs","COMMUNICATIONS DIRECTORATE","200200","EO","28710","32220","Executive Officer","<5","Communications","LONDON"
"Department for Environment Food & Rural Affairs","Department for Environment, Food and Rural Affairs","COMMUNICATIONS DIRECTORATE","200200","G7","54470","59900","Team Manager","<5","Communications","LONDON"
"Department for Environment Food & Rural Affairs","Department for Environment, Food and Rural Affairs","COMMUNICATIONS DIRECTORATE","200200","HEO","33590","37480","Officer","<5","Communications","LONDON"
"Department for Environment Food & Rural Affairs","Department for Environment, Food and Rural Affairs","EU AND INTERNATIONAL TRADE DIRECTORATE","200322","G6","65430","70690","Senior Manager","<5","International Trade and Negotiation","LONDON"
"Department for Environment Food & Rural Affairs","Department for Environment, Food and Rural Affairs","EU AND INTERNATIONAL TRADE DIRECTORATE","200322","HEO","33590","37480","Officer","<5","Social Research","LONDON"
"Department for Environment Food & Rural Affairs","Department for Environment, Food and Rural Affairs","SCIENCE DIRECTORATE","200112","EO","28710","32220","Executive Officer","<5","Project Management Delivery","LONDON"
"Department for Environment Food & Rural Affairs","Department for Environment, Food and Rural Affairs","SCIENCE DIRECTORATE","200112","G7","54470","59900","Team Manager","<5","Science and Engineering","LONDON"
"Department for Environment Food & Rural Affairs","Department for Environment, Food and Rural Affairs","SCIENCE DIRECTORATE","200112","EO","28710","32220","Executive Officer","<5","Science and Engineering","LONDON"
"Department for Environment Food & Rural Affairs","Department for Environment, Food and Rural Affairs","FARMING DIRECTORATE - ADMIN COSTS","200119","EO","28710","32220","Executive Officer","<5","Other","LONDON"
"Department for Environment Food & Rural Affairs","Department for Environment, Food and Rural Affairs","COMMUNICATIONS DIRECTORATE","200119","G6","65430","70690","Senior Manager","<5","Communications","LONDON"
"Department for Environment Food & Rural Affairs","Department for Environment, Food and Rural Affairs","FARMING DIRECTORATE - ADMIN COSTS","200119","HEO","33590","37480","Officer","<5","Communications","LONDON"
"Department for Environment Food & Rural Affairs","Department for Environment, Food and Rural Affairs","FARMING DIRECTORATE - ADMIN COSTS","200119","G7","54470","59900","Team Manager","<5","Communications","LONDON"
"Department for Environment Food & Rural Affairs","Department for Environment, Food and Rural Affairs","NATIONAL BIOSECURITY CENTRE DIRECTORATE","200119","G6","65430","70690","Senior Manager","<5","Communications","LONDON"
"Department for Environment Food & Rural Affairs","Department for Environment, Food and Rural Affairs","COMMUNICATIONS DIRECTORATE","200119","G7","54470","59900","Team Manager","<5","Communications","LONDON"
"Department for Environment Food & Rural Affairs","Department for Environment, Food and Rural Affairs","FARMING DIRECTORATE - ADMIN COSTS","200119","G6","65430","70690","Senior Manager","<5","Communications","LONDON"
"Department for Environment Food & Rural Affairs","Department for Environment, Food and Rural Affairs","ANIMAL AND PLANT HEALTH DIRECTORATE","200104","SEO","41220","44500","Team Leader","<5","Science and Engineering","LONDON"
"Department for Environment Food & Rural Affairs","Department for Environment, Food and Rural Affairs","DEFRA GROUP PROPERTY DIRECTORATE","200078","SEO","41220","44500","Team Leader","<5","Property","LONDON"
"Department for Environment Food & Rural Affairs","Department for Environment, Food and Rural Affairs","ANIMAL AND PLANT HEALTH DIRECTORATE","200120","SEO","41220","44500","Team Leader","<5","Finance","LONDON"
"Department for Environment Food & Rural Affairs","Department for Environment, Food and Rural Affairs","ANIMAL AND PLANT HEALTH DIRECTORATE","200120","SEO","41220","44500","Team Leader","<5","Science and Engineering","LONDON"
"Department for Environment Food & Rural Affairs","Department for Environment, Food and Rural Affairs","WATER AND FLOOD MANAGEMENT DIRECTORATE","200311","SEO","41220","44500","Team Leader","<5","Social Research","LONDON"
"Department for Environment Food & Rural Affairs","Department for Environment, Food and Rural Affairs","ANALYSIS DIRECTORATE","200311","SEO","41220","44500","Team Leader","<5","Economic","LONDON"
"Department for Environment Food & Rural Affairs","Department for Environment, Food and Rural Affairs","ANALYSIS DIRECTORATE","200155","SEO","41220","44500","Team Leader","<5","Social Research","LONDON"
"Department for Environment Food & Rural Affairs","Department for Environment, Food and Rural Affairs","BIODIVERSITY, LAND USE & INVESTMENT DIRECTORATE","200124","SEO","41220","44500","Team Leader","<5","Economic","LONDON"
"Department for Environment Food & Rural Affairs","Department for Environment, Food and Rural Affairs","FARMING DIRECTORATE - ADMIN COSTS","200129","SEO","41220","44500","Team Leader","<5","Economic","LONDON"
"Department for Environment Food & Rural Affairs","Department for Environment, Food and Rural Affairs","FARMING DIRECTORATE - ADMIN COSTS","200129","SEO","41220","44500","Team Leader","<5","Science and Engineering","LONDON"
"Department for Environment Food & Rural Affairs","Department for Environment, Food and Rural Affairs","CIRCULAR ECONOMY DIRECTORATE","200232","SEO","41220","44500","Team Leader","<5","Social Research","LONDON"
"Department for Environment Food & Rural Affairs","Department for Environment, Food and Rural Affairs","CIRCULAR ECONOMY DIRECTORATE","200232","SEO","41220","44500","Team Leader","<5","Economic","LONDON"
"Department for Environment Food & Rural Affairs","Department for Environment, Food and Rural Affairs","CIRCULAR ECONOMY DIRECTORATE","200232","SEO","41220","44500","Team Leader","<5","Operational Research","LONDON"
"Department for Environment Food & Rural Affairs","Department for Environment, Food and Rural Affairs","WATER AND FLOOD MANAGEMENT DIRECTORATE","200085","SEO","41220","44500","Team Leader","<5","Science and Engineering","LONDON"
"Department for Environment Food & Rural Affairs","Department for Environment, Food and Rural Affairs","WATER AND FLOOD MANAGEMENT DIRECTORATE","200085","SEO","41220","44500","Team Leader","<5","Data Analysis","LONDON"
"Department for Environment Food & Rural Affairs","Department for Environment, Food and Rural Affairs","WATER AND FLOOD MANAGEMENT DIRECTORATE","200085","SEO","41220","44500","Team Leader","<5","Digital  Data and Technology","LONDON"
"Department for Environment Food & Rural Affairs","Department for Environment, Food and Rural Affairs","EU AND INTERNATIONAL TRADE DIRECTORATE","200317","SEO","41220","44500","Team Leader","<5","Project Management Delivery","LONDON"
"Department for Environment Food & Rural Affairs","Department for Environment, Food and Rural Affairs","EU AND INTERNATIONAL TRADE DIRECTORATE","200317","SEO","41220","44500","Team Leader","<5","Economic","LONDON"
"Department for Environment Food & Rural Affairs","Department for Environment, Food and Rural Affairs","ANALYSIS DIRECTORATE","200070","SEO","41220","44500","Team Leader","<5","Geography","LONDON"
"Department for Environment Food & Rural Affairs","Department for Environment, Food and Rural Affairs","ANALYSIS DIRECTORATE","200070","SEO","41220","44500","Team Leader","<5","Science and Engineering","LONDON"
"Department for Environment Food & Rural Affairs","Department for Environment, Food and Rural Affairs","DIGITAL, DATA, TECHNOLOGY AND SECURITY DIRECTORATE","200161","SEO","41220","44500","Team Leader","<5","Digital  Data and Technology","LONDON"
"Department for Environment Food & Rural Affairs","Department for Environment, Food and Rural Affairs","ANIMAL AND PLANT HEALTH DIRECTORATE","200118","SEO","41220","44500","Team Leader","<5","Science and Engineering","LONDON"
"Department for Environment Food & Rural Affairs","Department for Environment, Food and Rural Affairs","HUMAN RESOURCES DIRECTORATE","200062","SEO","41220","44500","Team Leader","<5","Data Analysis","LONDON"
"Department for Environment Food & Rural Affairs","Department for Environment, Food and Rural Affairs","HUMAN RESOURCES DIRECTORATE","200062","SEO","41220","44500","Team Leader","<5","Human Resources","LONDON"
"Department for Environment Food & Rural Affairs","Department for Environment, Food and Rural Affairs","CIRCULAR ECONOMY DIRECTORATE","200227","SEO","41220","44500","Team Leader","<5","Project Management Delivery","LONDON"
"Department for Environment Food & Rural Affairs","Department for Environment, Food and Rural Affairs","CIRCULAR ECONOMY DIRECTORATE","200227","SEO","41220","44500","Team Leader","<5","Communications","LONDON"
"Department for Environment Food & Rural Affairs","Department for Environment, Food and Rural Affairs","TRADE DELIVERY DIRECTORATE","200215","SEO","41220","44500","Team Leader","<5","Project Management Delivery","LONDON"
"Department for Environment Food & Rural Affairs","Department for Environment, Food and Rural Affairs","WATER AND FLOOD MANAGEMENT DIRECTORATE","200211","SEO","41220","44500","Team Leader","<5","Operational Delivery","LONDON"
"Department for Environment Food & Rural Affairs","Department for Environment, Food and Rural Affairs","ENV QUALITY, INFRASTRUCTURE & PLANNING DIRECTORATE","200135","SEO","41220","44500","Team Leader","<5","Finance","LONDON"
"Department for Environment Food & Rural Affairs","Department for Environment, Food and Rural Affairs","ENV QUALITY, INFRASTRUCTURE & PLANNING DIRECTORATE","200135","SEO","41220","44500","Team Leader","<5","Project Management Delivery","LONDON"
"Department for Environment Food & Rural Affairs","Department for Environment, Food and Rural Affairs","ENV QUALITY, INFRASTRUCTURE & PLANNING DIRECTORATE","200135","SEO","41220","44500","Team Leader","<5","Science and Engineering","LONDON"
"Department for Environment Food & Rural Affairs","Department for Environment, Food and Rural Affairs","OFFICIAL DEVELOPMENT ASSISTANCE DIRECTORATE","200313","SEO","41220","44500","Team Leader","<5","Project Management Delivery","LONDON"
"Department for Environment Food & Rural Affairs","Department for Environment, Food and Rural Affairs","ANIMAL AND PLANT HEALTH DIRECTORATE","200089","SEO","41220","44500","Team Leader","<5","Operational Delivery","LONDON"
"Department for Environment Food & Rural Affairs","Department for Environment, Food and Rural Affairs","MARINE AND FISHERIES DIRECTORATE","200111","SEO","41220","44500","Team Leader","<5","Project Management Delivery","LONDON"
"Department for Environment Food & Rural Affairs","Department for Environment, Food and Rural Affairs","DIGITAL, DATA, TECHNOLOGY AND SECURITY DIRECTORATE","200243","SEO","41220","44500","Team Leader","<5","Project Management Delivery","LONDON"
"Department for Environment Food & Rural Affairs","Department for Environment, Food and Rural Affairs","DIGITAL, DATA, TECHNOLOGY AND SECURITY DIRECTORATE","200036","SEO","41220","44500","Team Leader","<5","Digital  Data and Technology","LONDON"
"Department for Environment Food & Rural Affairs","Department for Environment, Food and Rural Affairs","DIGITAL, DATA, TECHNOLOGY AND SECURITY DIRECTORATE","200036","SEO","41220","44500","Team Leader","<5","Communications","LONDON"
"Department for Environment Food & Rural Affairs","Department for Environment, Food and Rural Affairs","HUMAN RESOURCES DIRECTORATE","200173","SEO","41220","44500","Team Leader","<5","Human Resources","LONDON"
"Department for Environment Food & Rural Affairs","Department for Environment, Food and Rural Affairs","HUMAN RESOURCES DIRECTORATE","200173","SEO","41220","44500","Team Leader","<5","Data Analysis","LONDON"
"Department for Environment Food & Rural Affairs","Department for Environment, Food and Rural Affairs","WATER AND FLOOD MANAGEMENT DIRECTORATE","200144","SEO","41220","44500","Team Leader","<5","Project Management Delivery","LONDON"
"Department for Environment Food & Rural Affairs","Department for Environment, Food and Rural Affairs","WATER AND FLOOD MANAGEMENT DIRECTORATE","200144","SEO","41220","44500","Team Leader","<5","Operational Delivery","LONDON"
"Department for Environment Food & Rural Affairs","Department for Environment, Food and Rural Affairs","ENV QUALITY, INFRASTRUCTURE & PLANNING DIRECTORATE","200109","SEO","41220","44500","Team Leader","<5","Science and Engineering","LONDON"
"Department for Environment Food & Rural Affairs","Department for Environment, Food and Rural Affairs","ENV QUALITY, INFRASTRUCTURE & PLANNING DIRECTORATE","200109","SEO","41220","44500","Team Leader","<5","Social Research","LONDON"
"Department for Environment Food & Rural Affairs","Department for Environment, Food and Rural Affairs","DEFRA GROUP PROPERTY DIRECTORATE","200300","SEO","41220","44500","Team Leader","<5","Property","LONDON"
"Department for Environment Food & Rural Affairs","Department for Environment, Food and Rural Affairs","ANIMAL AND PLANT HEALTH DIRECTORATE","200083","SEO","41220","44500","Team Leader","<5","Project Management Delivery","LONDON"
"Department for Environment Food & Rural Affairs","Department for Environment, Food and Rural Affairs","AGRI FOOD CHAIN DIRECTORATE","200107","SEO","41220","44500","Team Leader","<5","Project Management Delivery","LONDON"
"Department for Environment Food & Rural Affairs","Department for Environment, Food and Rural Affairs","AGRI FOOD CHAIN DIRECTORATE","200107","SEO","41220","44500","Team Leader","<5","Science and Engineering","LONDON"
"Department for Environment Food & Rural Affairs","Department for Environment, Food and Rural Affairs","AGRI FOOD CHAIN DIRECTORATE","200107","SEO","41220","44500","Team Leader","<5","International Trade and Negotiation","LONDON"
"Department for Environment Food & Rural Affairs","Department for Environment, Food and Rural Affairs","MARINE AND FISHERIES DIRECTORATE","200289","SEO","41220","44500","Team Leader","<5","Project Management Delivery","LONDON"
"Department for Environment Food & Rural Affairs","Department for Environment, Food and Rural Affairs","MARINE AND FISHERIES DIRECTORATE","200289","SEO","41220","44500","Team Leader","<5","Science and Engineering","LONDON"
"Department for Environment Food & Rural Affairs","Department for Environment, Food and Rural Affairs","ENV QUALITY, INFRASTRUCTURE & PLANNING DIRECTORATE","200082","SEO","41220","44500","Team Leader","<5","Science and Engineering","LONDON"
"Department for Environment Food & Rural Affairs","Department for Environment, Food and Rural Affairs","CIRCULAR ECONOMY DIRECTORATE","200147","SEO","41220","44500","Team Leader","<5","Communications","LONDON"
"Department for Environment Food & Rural Affairs","Department for Environment, Food and Rural Affairs","ANALYSIS DIRECTORATE","200060","SEO","41220","44500","Team Leader","<5","Operational Delivery","LONDON"
"Department for Environment Food & Rural Affairs","Department for Environment, Food and Rural Affairs","DIGITAL, DATA, TECHNOLOGY AND SECURITY DIRECTORATE","200146","SEO","41220","44500","Team Leader","<5","Project Management Delivery","LONDON"
"Department for Environment Food & Rural Affairs","Department for Environment, Food and Rural Affairs","DIGITAL, DATA, TECHNOLOGY AND SECURITY DIRECTORATE","200146","SEO","41220","44500","Team Leader","<5","Digital  Data and Technology","LONDON"
"Department for Environment Food & Rural Affairs","Department for Environment, Food and Rural Affairs","FARMING DIRECTORATE - ADMIN COSTS","200195","SEO","41220","44500","Team Leader","<5","Other","LONDON"
"Department for Environment Food & Rural Affairs","Department for Environment, Food and Rural Affairs","FARMING DIRECTORATE - ADMIN COSTS","200195","SEO","41220","44500","Team Leader","<5","Operational Delivery","LONDON"
"Department for Environment Food & Rural Affairs","Department for Environment, Food and Rural Affairs","BIODIVERSITY, LAND USE & INVESTMENT DIRECTORATE","200154","SEO","41220","44500","Team Leader","<5","Economic","LONDON"
"Department for Environment Food & Rural Affairs","Department for Environment, Food and Rural Affairs","DIGITAL, DATA, TECHNOLOGY AND SECURITY DIRECTORATE","200181","SEO","41220","44500","Team Leader","<5","Digital  Data and Technology","LONDON"
"Department for Environment Food & Rural Affairs","Department for Environment, Food and Rural Affairs","TRADE DELIVERY DIRECTORATE","200185","SEO","41220","44500","Team Leader","<5","Operational Delivery","LONDON"
"Department for Environment Food & Rural Affairs","Department for Environment, Food and Rural Affairs","EU AND INTERNATIONAL TRADE DIRECTORATE","200047","SEO","41220","44500","Team Leader","<5","International Trade and Negotiation","LONDON"
"Department for Environment Food & Rural Affairs","Department for Environment, Food and Rural Affairs","DIGITAL, DATA, TECHNOLOGY AND SECURITY DIRECTORATE","200334","SEO","41220","44500","Team Leader","<5","Digital  Data and Technology","LONDON"
"Department for Environment Food & Rural Affairs","Department for Environment, Food and Rural Affairs","DIGITAL, DATA, TECHNOLOGY AND SECURITY DIRECTORATE","200334","SEO","41220","44500","Team Leader","<5","Security","LONDON"
"Department for Environment Food & Rural Affairs","Department for Environment, Food and Rural Affairs","GCS STRATEGY, PARTNERSHIPS AND OPERATIONS DIRECTORATE","200306","SEO","41220","44500","Team Leader","<5","Digital  Data and Technology","LONDON"
"Department for Environment Food & Rural Affairs","Department for Environment, Food and Rural Affairs","STRATEGY, GOVERNANCE & CLIMATE DIRECTORATE","200014","SEO","41220","44500","Team Leader","<5","Geography","LONDON"
"Department for Environment Food & Rural Affairs","Department for Environment, Food and Rural Affairs","SCIENCE DIRECTORATE","200014","SEO","41220","44500","Team Leader","<5","Statistics","LONDON"
"Department for Environment Food & Rural Affairs","Department for Environment, Food and Rural Affairs","BIODIVERSITY, LAND USE & INVESTMENT DIRECTORATE","200127","SEO","41220","44500","Team Leader","<5","Science and Engineering","LONDON"
"Department for Environment Food & Rural Affairs","Department for Environment, Food and Rural Affairs","OFFICIAL DEVELOPMENT ASSISTANCE DIRECTORATE","200134","SEO","41220","44500","Team Leader","<5","Project Management Delivery","LONDON"
"Department for Environment Food & Rural Affairs","Department for Environment, Food and Rural Affairs","GROUP STRATEGY DIRECTORATE","200058","SEO","41220","44500","Team Leader","<5","Other","LONDON"
"Department for Environment Food & Rural Affairs","Department for Environment, Food and Rural Affairs","MARINE AND FISHERIES DIRECTORATE","200272","SEO","41220","44500","Team Leader","<5","International Trade and Negotiation","LONDON"
"Department for Environment Food & Rural Affairs","Department for Environment, Food and Rural Affairs","FINANCE DIRECTORATE","200050","SEO","41220","44500","Team Leader","<5","Finance","LONDON"
"Department for Environment Food & Rural Affairs","Department for Environment, Food and Rural Affairs","FINANCE DIRECTORATE","200167","SEO","41220","44500","Team Leader","<5","Finance","LONDON"
"Department for Environment Food & Rural Affairs","Department for Environment, Food and Rural Affairs","EU RESET STRATEGY & LEGISLATION DIRECTORATE","200214","SEO","41220","44500","Team Leader","<5","Social Research","LONDON"
"Department for Environment Food & Rural Affairs","Department for Environment, Food and Rural Affairs","TRADE DELIVERY DIRECTORATE","200214","SEO","41220","44500","Team Leader","<5","Economic","LONDON"
"Department for Environment Food & Rural Affairs","Department for Environment, Food and Rural Affairs","TRADE DELIVERY DIRECTORATE","200214","SEO","41220","44500","Team Leader","<5","Statistics","LONDON"
"Department for Environment Food & Rural Affairs","Department for Environment, Food and Rural Affairs","EU RESET STRATEGY & LEGISLATION DIRECTORATE","200214","SEO","41220","44500","Team Leader","<5","Economic","LONDON"
"Department for Environment Food & Rural Affairs","Department for Environment, Food and Rural Affairs","TRADE DELIVERY DIRECTORATE","200214","SEO","41220","44500","Team Leader","<5","Social Research","LONDON"
"Department for Environment Food & Rural Affairs","Department for Environment, Food and Rural Affairs","AGRI FOOD CHAIN DIRECTORATE","200090","SEO","41220","44500","Team Leader","<5","Science and Engineering","LONDON"
"Department for Environment Food & Rural Affairs","Department for Environment, Food and Rural Affairs","AGRI FOOD CHAIN DIRECTORATE","200090","SEO","41220","44500","Team Leader","<5","Social Research","LONDON"
"Department for Environment Food & Rural Affairs","Department for Environment, Food and Rural Affairs","CIRCULAR ECONOMY DIRECTORATE","200090","SEO","41220","44500","Team Leader","<5","Economic","LONDON"
"Department for Environment Food & Rural Affairs","Department for Environment, Food and Rural Affairs","DIGITAL, DATA, TECHNOLOGY AND SECURITY DIRECTORATE","200159","SEO","41220","44500","Team Leader","<5","Digital  Data and Technology","LONDON"
"Department for Environment Food & Rural Affairs","Department for Environment, Food and Rural Affairs","DIGITAL, DATA, TECHNOLOGY AND SECURITY DIRECTORATE","200159","SEO","41220","44500","Team Leader","<5","Project Management Delivery","LONDON"
"Department for Environment Food & Rural Affairs","Department for Environment, Food and Rural Affairs","COMMUNICATIONS DIRECTORATE","200288","SEO","41220","44500","Team Leader","<5","Communications","LONDON"
"Department for Environment Food & Rural Affairs","Department for Environment, Food and Rural Affairs","OFFICIAL DEVELOPMENT ASSISTANCE DIRECTORATE","200263","SEO","41220","44500","Team Leader","<5","Project Management Delivery","LONDON"
"Department for Environment Food & Rural Affairs","Department for Environment, Food and Rural Affairs","DEFRA GROUP PROPERTY DIRECTORATE","200277","SEO","41220","44500","Team Leader","<5","Property","LONDON"
"Department for Environment Food & Rural Affairs","Department for Environment, Food and Rural Affairs","EU AND INTERNATIONAL TRADE DIRECTORATE","200105","SEO","41220","44500","Team Leader","<5","International Trade and Negotiation","LONDON"
"Department for Environment Food & Rural Affairs","Department for Environment, Food and Rural Affairs","WATER AND FLOOD MANAGEMENT DIRECTORATE","200239","SEO","41220","44500","Team Leader","<5","Operational Delivery","LONDON"
"Department for Environment Food & Rural Affairs","Department for Environment, Food and Rural Affairs","STRATEGY AND WATER DG OFFICES DIRECTORATE","200239","SEO","41220","44500","Team Leader","<5","Other","LONDON"
"Department for Environment Food & Rural Affairs","Department for Environment, Food and Rural Affairs","INTERNATIONAL BIODIVERSITY AND CLIMATE DIRECTORATE","200287","SEO","41220","44500","Team Leader","<5","Other","LONDON"
"Department for Environment Food & Rural Affairs","Department for Environment, Food and Rural Affairs","DIGITAL, DATA, TECHNOLOGY AND SECURITY DIRECTORATE","200069","SEO","41220","44500","Team Leader","<5","Digital  Data and Technology","LONDON"
"Department for Environment Food & Rural Affairs","Department for Environment, Food and Rural Affairs","STRATEGY, GOVERNANCE & CLIMATE DIRECTORATE","200095","SEO","41220","44500","Team Leader","<5","Science and Engineering","LONDON"
"Department for Environment Food & Rural Affairs","Department for Environment, Food and Rural Affairs","COMMUNICATIONS DIRECTORATE","200205","SEO","41220","44500","Team Leader","<5","Communications","LONDON"
"Department for Environment Food & Rural Affairs","Department for Environment, Food and Rural Affairs","MINISTERIAL, GROWTH AND RESILIENCE DIRECTORATE","200205","SEO","41220","44500","Team Leader","<5","International Trade and Negotiation","LONDON"
"Department for Environment Food & Rural Affairs","Department for Environment, Food and Rural Affairs","GCS STRATEGY, PARTNERSHIPS AND OPERATIONS DIRECTORATE","200253","SEO","41220","44500","Team Leader","<5","Project Management Delivery","LONDON"
"Department for Environment Food & Rural Affairs","Department for Environment, Food and Rural Affairs","BIODIVERSITY, LAND USE & INVESTMENT DIRECTORATE","200269","SEO","41220","44500","Team Leader","<5","Social Research","LONDON"
"Department for Environment Food & Rural Affairs","Department for Environment, Food and Rural Affairs","BIODIVERSITY, LAND USE & INVESTMENT DIRECTORATE","200269","SEO","41220","44500","Team Leader","<5","Economic","LONDON"
"Department for Environment Food & Rural Affairs","Department for Environment, Food and Rural Affairs","SCIENCE DIRECTORATE","200269","SEO","41220","44500","Team Leader","<5","Geography","LONDON"
"Department for Environment Food & Rural Affairs","Department for Environment, Food and Rural Affairs","BIODIVERSITY, LAND USE & INVESTMENT DIRECTORATE","200269","SEO","41220","44500","Team Leader","<5","Project Management Delivery","LONDON"
"Department for Environment Food & Rural Affairs","Department for Environment, Food and Rural Affairs","SCIENCE DIRECTORATE","200269","SEO","41220","44500","Team Leader","<5","Social Research","LONDON"
"Department for Environment Food & Rural Affairs","Department for Environment, Food and Rural Affairs","DEFRA GROUP PROPERTY DIRECTORATE","200186","SEO","41220","44500","Team Leader","<5","Project Management Delivery","LONDON"
"Department for Environment Food & Rural Affairs","Department for Environment, Food and Rural Affairs","WATER AND FLOOD MANAGEMENT DIRECTORATE","200145","SEO","41220","44500","Team Leader","<5","Science and Engineering","LONDON"
"Department for Environment Food & Rural Affairs","Department for Environment, Food and Rural Affairs","WATER AND FLOOD MANAGEMENT DIRECTORATE","200145","SEO","41220","44500","Team Leader","<5","Operational Delivery","LONDON"
"Department for Environment Food & Rural Affairs","Department for Environment, Food and Rural Affairs","HUMAN RESOURCES DIRECTORATE","200324","SEO","41220","44500","Team Leader","<5","Human Resources","LONDON"
"Department for Environment Food & Rural Affairs","Department for Environment, Food and Rural Affairs","FINANCE DIRECTORATE","200166","SEO","41220","44500","Team Leader","<5","Finance","LONDON"
"Department for Environment Food & Rural Affairs","Department for Environment, Food and Rural Affairs","INTERNATIONAL BIODIVERSITY AND CLIMATE DIRECTORATE","200236","SEO","41220","44500","Team Leader","<5","Science and Engineering","LONDON"
"Department for Environment Food & Rural Affairs","Department for Environment, Food and Rural Affairs","INTERNATIONAL BIODIVERSITY AND CLIMATE DIRECTORATE","200236","SEO","41220","44500","Team Leader","<5","Economic","LONDON"
"Department for Environment Food & Rural Affairs","Department for Environment, Food and Rural Affairs","SCIENCE DIRECTORATE","200236","SEO","41220","44500","Team Leader","<5","Science and Engineering","LONDON"
"Department for Environment Food & Rural Affairs","Department for Environment, Food and Rural Affairs","PEPR DIRECTORATE","200329","SEO","41220","44500","Team Leader","<5","Communications","LONDON"
"Department for Environment Food & Rural Affairs","Department for Environment, Food and Rural Affairs","DEFRA GROUP PROPERTY DIRECTORATE","200189","SEO","41220","44500","Team Leader","<5","Operational Delivery","LONDON"
"Department for Environment Food & Rural Affairs","Department for Environment, Food and Rural Affairs","HUMAN RESOURCES DIRECTORATE","200235","SEO","41220","44500","Team Leader","<5","Human Resources","LONDON"
"Department for Environment Food & Rural Affairs","Department for Environment, Food and Rural Affairs","HUMAN RESOURCES DIRECTORATE","200323","SEO","41220","44500","Team Leader","<5","Human Resources","LONDON"
"Department for Environment Food & Rural Affairs","Department for Environment, Food and Rural Affairs","OFFICIAL DEVELOPMENT ASSISTANCE DIRECTORATE","200025","SEO","41220","44500","Team Leader","<5","Finance","LONDON"
"Department for Environment Food & Rural Affairs","Department for Environment, Food and Rural Affairs","DIGITAL, DATA, TECHNOLOGY AND SECURITY DIRECTORATE","200059","SEO","41220","44500","Team Leader","<5","Human Resources","LONDON"
"Department for Environment Food & Rural Affairs","Department for Environment, Food and Rural Affairs","ANALYSIS DIRECTORATE","200281","SEO","41220","44500","Team Leader","<5","Operational Research","LONDON"
"Department for Environment Food & Rural Affairs","Department for Environment, Food and Rural Affairs","ANALYSIS DIRECTORATE","200281","SEO","41220","44500","Team Leader","<5","Economic","LONDON"
"Department for Environment Food & Rural Affairs","Department for Environment, Food and Rural Affairs","EU AND INTERNATIONAL TRADE DIRECTORATE","200108","SEO","41220","44500","Team Leader","<5","International Trade and Negotiation","LONDON"
"Department for Environment Food & Rural Affairs","Department for Environment, Food and Rural Affairs","CIRCULAR ECONOMY DIRECTORATE","200268","SEO","41220","44500","Team Leader","<5","Operational Delivery","LONDON"
"Department for Environment Food & Rural Affairs","Department for Environment, Food and Rural Affairs","HUMAN RESOURCES DIRECTORATE","200296","SEO","41220","44500","Team Leader","<5","Human Resources","LONDON"
"Department for Environment Food & Rural Affairs","Department for Environment, Food and Rural Affairs","HUMAN RESOURCES DIRECTORATE","200296","SEO","41220","44500","Team Leader","<5","Data Analysis","LONDON"
"Department for Environment Food & Rural Affairs","Department for Environment, Food and Rural Affairs","FINANCE DIRECTORATE","200247","SEO","41220","44500","Team Leader","<5","Finance","LONDON"
"Department for Environment Food & Rural Affairs","Department for Environment, Food and Rural Affairs","PEPR DIRECTORATE","200238","SEO","41220","44500","Team Leader","<5","Finance","LONDON"
"Department for Environment Food & Rural Affairs","Department for Environment, Food and Rural Affairs","CHANGE DELIVERY DIRECTORATE","200048","SEO","41220","44500","Team Leader","<5","Operational Delivery","LONDON"
"Department for Environment Food & Rural Affairs","Department for Environment, Food and Rural Affairs","FINANCE DIRECTORATE","200265","SEO","41220","44500","Team Leader","<5","Finance","LONDON"
"Department for Environment Food & Rural Affairs","Department for Environment, Food and Rural Affairs","COOD DG OFFICE DIRECTORATE","200075","SEO","41220","44500","Team Leader","<5","Project Management Delivery","LONDON"
"Department for Environment Food & Rural Affairs","Department for Environment, Food and Rural Affairs","TRADE DELIVERY DIRECTORATE","200116","SEO","41220","44500","Team Leader","<5","Project Management Delivery","LONDON"
"Department for Environment Food & Rural Affairs","Department for Environment, Food and Rural Affairs","ANIMAL AND PLANT HEALTH DIRECTORATE","200246","SEO","41220","44500","Team Leader","<5","Data Analysis","LONDON"
"Department for Environment Food & Rural Affairs","Department for Environment, Food and Rural Affairs","EU AND INTERNATIONAL TRADE DIRECTORATE","200318","SEO","41220","44500","Team Leader","<5","Economic","LONDON"
"Department for Environment Food & Rural Affairs","Department for Environment, Food and Rural Affairs","MINISTERIAL, GROWTH AND RESILIENCE DIRECTORATE","200138","SEO","41220","44500","Team Leader","<5","Operational Delivery","LONDON"
"Department for Environment Food & Rural Affairs","Department for Environment, Food and Rural Affairs","COMMUNICATIONS DIRECTORATE","200200","SEO","41220","44500","Team Leader","<5","Communications","LONDON"
"Department for Environment Food & Rural Affairs","Department for Environment, Food and Rural Affairs","EU AND INTERNATIONAL TRADE DIRECTORATE","200322","SEO","41220","44500","Team Leader","<5","International Trade and Negotiation","LONDON"
"Department for Environment Food & Rural Affairs","Department for Environment, Food and Rural Affairs","SCIENCE DIRECTORATE","200112","SEO","41220","44500","Team Leader","<5","Data Analysis","LONDON"
"Department for Environment Food & Rural Affairs","Department for Environment, Food and Rural Affairs","FARMING DIRECTORATE - ADMIN COSTS","200119","SEO","41220","44500","Team Leader","<5","Communications","LONDON"
"Department for Environment Food & Rural Affairs","Department for Environment, Food and Rural Affairs","COMMUNICATIONS DIRECTORATE","200119","SEO","41220","44500","Team Leader","<5","Communications","LONDON"
"Department for Environment Food & Rural Affairs","Department for Environment, Food and Rural Affairs","ANALYSIS DIRECTORATE","200155","G7","54470","59900","Team Manager","<5","Operational Research","LONDON"
"Department for Environment Food & Rural Affairs","Department for Environment, Food and Rural Affairs","EU AND INTERNATIONAL TRADE DIRECTORATE","200317","G7","54470","59900","Team Manager","<5","Economic","LONDON"
"Department for Environment Food & Rural Affairs","Department for Environment, Food and Rural Affairs","ENV QUALITY, INFRASTRUCTURE & PLANNING DIRECTORATE","200135","G7","54470","59900","Team Manager","<5","Project Management Delivery","LONDON"
"Department for Environment Food & Rural Affairs","Department for Environment, Food and Rural Affairs","ANIMAL AND PLANT HEALTH DIRECTORATE","200089","G7","54470","59900","Team Manager","<5","Veterinary","LONDON"
"Department for Environment Food & Rural Affairs","Department for Environment, Food and Rural Affairs","DIGITAL, DATA, TECHNOLOGY AND SECURITY DIRECTORATE","200243","G7","54470","59900","Team Manager","<5","Digital  Data and Technology","LONDON"
"Department for Environment Food & Rural Affairs","Department for Environment, Food and Rural Affairs","DIGITAL, DATA, TECHNOLOGY AND SECURITY DIRECTORATE","200036","G7","54470","59900","Team Manager","<5","Communications","LONDON"
"Department for Environment Food & Rural Affairs","Department for Environment, Food and Rural Affairs","DEFRA GROUP PROPERTY DIRECTORATE","200300","G7","54470","59900","Team Manager","<5","Property","LONDON"
"Department for Environment Food & Rural Affairs","Department for Environment, Food and Rural Affairs","INTERNATIONAL BIODIVERSITY AND CLIMATE DIRECTORATE","200212","G7","54470","59900","Team Manager","<5","International Trade and Negotiation","LONDON"
"Department for Environment Food & Rural Affairs","Department for Environment, Food and Rural Affairs","MINISTERIAL, GROWTH AND RESILIENCE DIRECTORATE","200194","G7","54470","59900","Team Manager","<5","Operational Delivery","LONDON"
"Department for Environment Food & Rural Affairs","Department for Environment, Food and Rural Affairs","ENV QUALITY, INFRASTRUCTURE & PLANNING DIRECTORATE","200082","G7","54470","59900","Team Manager","<5","Statistics","LONDON"
"Department for Environment Food & Rural Affairs","Department for Environment, Food and Rural Affairs","FINANCE DIRECTORATE","200168","G7","54470","59900","Team Manager","<5","Counter Fraud","LONDON"
"Department for Environment Food & Rural Affairs","Department for Environment, Food and Rural Affairs","TRADE DELIVERY DIRECTORATE","200185","G7","54470","59900","Team Manager","<5","Corporate Finance","LONDON"
"Department for Environment Food & Rural Affairs","Department for Environment, Food and Rural Affairs","DIGITAL, DATA, TECHNOLOGY AND SECURITY DIRECTORATE","200334","G7","54470","59900","Team Manager","<5","Digital  Data and Technology","LONDON"
"Department for Environment Food & Rural Affairs","Department for Environment, Food and Rural Affairs","STRATEGY, GOVERNANCE & CLIMATE DIRECTORATE","200014","G7","54470","59900","Team Manager","<5","Operational Delivery","LONDON"
"Department for Environment Food & Rural Affairs","Department for Environment, Food and Rural Affairs","ENV QUALITY, INFRASTRUCTURE & PLANNING DIRECTORATE","200134","G7","54470","59900","Team Manager","<5","Operational Delivery","LONDON"
"Department for Environment Food & Rural Affairs","Department for Environment, Food and Rural Affairs","FINANCE DIRECTORATE","200046","G7","54470","59900","Team Manager","<5","Finance","LONDON"
"Department for Environment Food & Rural Affairs","Department for Environment, Food and Rural Affairs","INTERNATIONAL BIODIVERSITY AND CLIMATE DIRECTORATE","200214","G7","54470","59900","Team Manager","<5","Economic","LONDON"
"Department for Environment Food & Rural Affairs","Department for Environment, Food and Rural Affairs","DIGITAL, DATA, TECHNOLOGY AND SECURITY DIRECTORATE","200159","G7","54470","59900","Team Manager","<5","Digital  Data and Technology","LONDON"
"Department for Environment Food & Rural Affairs","Department for Environment, Food and Rural Affairs","DIGITAL, DATA, TECHNOLOGY AND SECURITY DIRECTORATE","200159","G7","54470","59900","Team Manager","<5","Project Management Delivery","LONDON"
"Department for Environment Food & Rural Affairs","Department for Environment, Food and Rural Affairs","BIODIVERSITY, LAND USE & INVESTMENT DIRECTORATE","200040","G7","54470","59900","Team Manager","<5","Operational Delivery","LONDON"
"Department for Environment Food & Rural Affairs","Department for Environment, Food and Rural Affairs","STRATEGY, GOVERNANCE & CLIMATE DIRECTORATE","200298","G7","54470","59900","Team Manager","<5","Communications","LONDON"
"Department for Environment Food & Rural Affairs","Department for Environment, Food and Rural Affairs","PORTFOLIO DIRECTORATE","200220","G7","54470","59900","Team Manager","<5","Digital  Data and Technology","LONDON"
"Department for Environment Food & Rural Affairs","Department for Environment, Food and Rural Affairs","PORTFOLIO DIRECTORATE","200220","G7","54470","59900","Team Manager","<5","Project Management Delivery","LONDON"
"Department for Environment Food & Rural Affairs","Department for Environment, Food and Rural Affairs","WATER AND FLOOD MANAGEMENT DIRECTORATE","200145","G7","54470","59900","Team Manager","<5","Science and Engineering","LONDON"
"Department for Environment Food & Rural Affairs","Department for Environment, Food and Rural Affairs","OFFICIAL DEVELOPMENT ASSISTANCE DIRECTORATE","200236","G7","54470","59900","Team Manager","<5","Economic","LONDON"
"Department for Environment Food & Rural Affairs","Department for Environment, Food and Rural Affairs","INTERNATIONAL BIODIVERSITY AND CLIMATE DIRECTORATE","200236","G7","54470","59900","Team Manager","<5","Science and Engineering","LONDON"
"Department for Environment Food & Rural Affairs","Department for Environment, Food and Rural Affairs","DEFRA GROUP PROPERTY DIRECTORATE","200189","G7","54470","59900","Team Manager","<5","Project Management Delivery","LONDON"
"Department for Environment Food & Rural Affairs","Department for Environment, Food and Rural Affairs","HUMAN RESOURCES DIRECTORATE","200235","G7","54470","59900","Team Manager","<5","Project Management Delivery","LONDON"
"Department for Environment Food & Rural Affairs","Department for Environment, Food and Rural Affairs","EU AND INTERNATIONAL TRADE DIRECTORATE","200108","G7","54470","59900","Team Manager","<5","International Trade and Negotiation","LONDON"
"Department for Environment Food & Rural Affairs","Department for Environment, Food and Rural Affairs","HUMAN RESOURCES DIRECTORATE","200296","G7","54470","59900","Team Manager","<5","Statistics","LONDON"
"Department for Environment Food & Rural Affairs","Department for Environment, Food and Rural Affairs","HUMAN RESOURCES DIRECTORATE","200296","G7","54470","59900","Team Manager","<5","Human Resources","LONDON"
"Department for Environment Food & Rural Affairs","Department for Environment, Food and Rural Affairs","FINANCE DIRECTORATE","200265","G7","54470","59900","Team Manager","<5","Finance","LONDON"
"Department for Environment Food & Rural Affairs","Department for Environment, Food and Rural Affairs","OFFICIAL DEVELOPMENT ASSISTANCE DIRECTORATE","200246","G7","54470","59900","Team Manager","<5","Other","LONDON"
"Department for Environment Food & Rural Affairs","Department for Environment, Food and Rural Affairs","ANIMAL AND PLANT HEALTH DIRECTORATE","200246","G7","54470","59900","Team Manager","<5","Operational Delivery","LONDON"
"Department for Environment Food & Rural Affairs","Department for Environment, Food and Rural Affairs","ANIMAL AND PLANT HEALTH DIRECTORATE","200104","G6","65430","70690","Senior Manager","<5","Operational Delivery","LONDON"
"Department for Environment Food & Rural Affairs","Department for Environment, Food and Rural Affairs","WATER AND FLOOD MANAGEMENT DIRECTORATE","200311","G6","65430","70690","Senior Manager","<5","Economic","LONDON"
"Department for Environment Food & Rural Affairs","Department for Environment, Food and Rural Affairs","WATER AND FLOOD MANAGEMENT DIRECTORATE","200311","G6","65430","70690","Senior Manager","<5","Social Research","LONDON"
"Department for Environment Food & Rural Affairs","Department for Environment, Food and Rural Affairs","FARMING DIRECTORATE - ADMIN COSTS","200129","HEO","33590","37480","Officer","<5","Social Research","LONDON"
"Department for Environment Food & Rural Affairs","Department for Environment, Food and Rural Affairs","FARMING DIRECTORATE - ADMIN COSTS","200129","EO","28710","32220","Executive Officer","<5","Data Analysis","LONDON"
"Department for Environment Food & Rural Affairs","Department for Environment, Food and Rural Affairs","WATER AND FLOOD MANAGEMENT DIRECTORATE","200085","HEO","33590","37480","Officer","<5","Science and Engineering","LONDON"
"Department for Environment Food & Rural Affairs","Department for Environment, Food and Rural Affairs","OFFICE OF THE CHIEF DATA OFFICER DIRECTORATE","200259","G6","65430","70690","Senior Manager","<5","Knowledge and Information Management","LONDON"
"Department for Environment Food & Rural Affairs","Department for Environment, Food and Rural Affairs","DIGITAL, DATA, TECHNOLOGY AND SECURITY DIRECTORATE","200243","EO","28710","32220","Executive Officer","<5","Other","LONDON"
"Department for Environment Food & Rural Affairs","Department for Environment, Food and Rural Affairs","MINISTERIAL, GROWTH AND RESILIENCE DIRECTORATE","200194","HEO","33590","37480","Officer","<5","Operational Delivery","LONDON"
"Department for Environment Food & Rural Affairs","Department for Environment, Food and Rural Affairs","MARINE AND FISHERIES DIRECTORATE","200289","HEO","33590","37480","Officer","<5","Finance","LONDON"
"Department for Environment Food & Rural Affairs","Department for Environment, Food and Rural Affairs","MARINE AND FISHERIES DIRECTORATE","200289","G6","65430","70690","Senior Manager","<5","Economic","LONDON"
"Department for Environment Food & Rural Affairs","Department for Environment, Food and Rural Affairs","STRATEGY, GOVERNANCE & CLIMATE DIRECTORATE","200154","G6","65430","70690","Senior Manager","<5","Economic","LONDON"
"Department for Environment Food & Rural Affairs","Department for Environment, Food and Rural Affairs","STRATEGY, GOVERNANCE & CLIMATE DIRECTORATE","200014","G6","65430","70690","Senior Manager","<5","Economic","LONDON"
"Department for Environment Food & Rural Affairs","Department for Environment, Food and Rural Affairs","STRATEGY, GOVERNANCE & CLIMATE DIRECTORATE","200014","G6","65430","70690","Senior Manager","<5","Statistics","LONDON"
"Department for Environment Food & Rural Affairs","Department for Environment, Food and Rural Affairs","BIODIVERSITY, LAND USE & INVESTMENT DIRECTORATE","200127","EO","28710","32220","Executive Officer","<5","Operational Delivery","LONDON"
"Department for Environment Food & Rural Affairs","Department for Environment, Food and Rural Affairs","WATER AND FLOOD MANAGEMENT DIRECTORATE","200302","G6","65430","70690","Senior Manager","<5","Geography","LONDON"
"Department for Environment Food & Rural Affairs","Department for Environment, Food and Rural Affairs","GROUP STRATEGY DIRECTORATE","200058","EO","28710","32220","Executive Officer","<5","Project Management Delivery","LONDON"
"Department for Environment Food & Rural Affairs","Department for Environment, Food and Rural Affairs","EU RESET STRATEGY & LEGISLATION DIRECTORATE","200214","G6","65430","70690","Senior Manager","<5","Economic","LONDON"
"Department for Environment Food & Rural Affairs","Department for Environment, Food and Rural Affairs","FINANCE DIRECTORATE","200325","G6","65430","70690","Senior Manager","<5","Project Management Delivery","LONDON"
"Department for Environment Food & Rural Affairs","Department for Environment, Food and Rural Affairs","HUMAN RESOURCES DIRECTORATE","200172","G6","65430","70690","Senior Manager","<5","Human Resources","LONDON"
"Department for Environment Food & Rural Affairs","Department for Environment, Food and Rural Affairs","ANALYSIS DIRECTORATE","200281","HEO","33590","37480","Officer","<5","Operational Research","LONDON"
"Department for Environment Food & Rural Affairs","Department for Environment, Food and Rural Affairs","HUMAN RESOURCES DIRECTORATE","200296","G6","65430","70690","Senior Manager","<5","Human Resources","LONDON"
"Department for Environment Food & Rural Affairs","Department for Environment, Food and Rural Affairs","HUMAN RESOURCES DIRECTORATE","200244","HEO","33590","37480","Officer","<5","Human Resources","LONDON"
"Department for Environment Food & Rural Affairs","Department for Environment, Food and Rural Affairs","SCIENCE DIRECTORATE","200112","HEO","33590","37480","Officer","<5","Science and Engineering","LONDON"
"Department for Environment Food & Rural Affairs","Department for Environment, Food and Rural Affairs","ANIMAL AND PLANT HEALTH DIRECTORATE","200118","SEO","41220","44500","Team Leader","<5","Project Management Delivery","LONDON"
"Department for Environment Food & Rural Affairs","Department for Environment, Food and Rural Affairs","WATER AND FLOOD MANAGEMENT DIRECTORATE","200144","SEO","41220","44500","Team Leader","<5","Other","LONDON"
"Department for Environment Food & Rural Affairs","Department for Environment, Food and Rural Affairs","ENV QUALITY, INFRASTRUCTURE & PLANNING DIRECTORATE","200082","SEO","41220","44500","Team Leader","<5","Operational Research","LONDON"
"Department for Environment Food & Rural Affairs","Department for Environment, Food and Rural Affairs","DIGITAL, DATA, TECHNOLOGY AND SECURITY DIRECTORATE","200069","SEO","41220","44500","Team Leader","<5","Knowledge and Information Management","LONDON"
"Department for Environment Food & Rural Affairs","Department for Environment, Food and Rural Affairs","TRADE DELIVERY DIRECTORATE","200012","SEO","41220","44500","Team Leader","<5","Operational Delivery","LONDON"
"Department for Environment Food & Rural Affairs","Department for Environment, Food and Rural Affairs","TRADE DELIVERY DIRECTORATE","200308","SEO","41220","44500","Team Leader","<5","Project Management Delivery","LONDON"
"Department for Environment Food & Rural Affairs","Department for Environment, Food and Rural Affairs","DEFRA GROUP PROPERTY DIRECTORATE","200313","G7","54470","59900","Team Manager","<5","Project Management Delivery","LONDON"
"Department for Environment Food & Rural Affairs","Department for Environment, Food and Rural Affairs","OFFICE OF THE CHIEF DATA OFFICER DIRECTORATE","200259","G7","54470","59900","Team Manager","<5","Knowledge and Information Management","LONDON"
"Department for Environment Food & Rural Affairs","Department for Environment, Food and Rural Affairs","ENV QUALITY, INFRASTRUCTURE & PLANNING DIRECTORATE","200109","G7","54470","59900","Team Manager","<5","Science and Engineering","LONDON"
"Department for Environment Food & Rural Affairs","Department for Environment, Food and Rural Affairs","STRATEGY, GOVERNANCE & CLIMATE DIRECTORATE","200014","G7","54470","59900","Team Manager","<5","Data Analysis","LONDON"
"Department for Environment Food & Rural Affairs","Department for Environment, Food and Rural Affairs","AGRI FOOD CHAIN DIRECTORATE","200090","G7","54470","59900","Team Manager","<5","Social Research","LONDON"
"Department for Environment Food & Rural Affairs","Department for Environment, Food and Rural Affairs","CHANGE DELIVERY DIRECTORATE","200204","G7","54470","59900","Team Manager","<5","Communications","LONDON"
"Department for Environment Food & Rural Affairs","Department for Environment, Food and Rural Affairs","OFFICIAL DEVELOPMENT ASSISTANCE DIRECTORATE","200236","G7","54470","59900","Team Manager","<5","Science and Engineering","LONDON"
"Department for Environment Food & Rural Affairs","Department for Environment, Food and Rural Affairs","HUMAN RESOURCES DIRECTORATE","200172","G7","54470","59900","Team Manager","<5","Human Resources","LONDON"
"Department for Environment Food & Rural Affairs","Department for Environment, Food and Rural Affairs","ANIMAL AND PLANT HEALTH DIRECTORATE","200268","G7","54470","59900","Team Manager","<5","Project Management Delivery","LONDON"
"Department for Environment Food & Rural Affairs","Department for Environment, Food and Rural Affairs","CHANGE DELIVERY DIRECTORATE","200048","G7","54470","59900","Team Manager","<5","Project Management Delivery","LONDON"
"Department for Environment Food & Rural Affairs","Department for Environment, Food and Rural Affairs","EU AND INTERNATIONAL TRADE DIRECTORATE","200318","G7","54470","59900","Team Manager","<5","Operational Research","LONDON"
"Department for Environment Food & Rural Affairs","Department for Environment, Food and Rural Affairs","COMMERCIAL DIRECTORATE","200270","HEO","33590","37480","Officer","<5","Commercial and Procurement","LONDON"
"Department for Environment Food & Rural Affairs","Department for Environment, Food and Rural Affairs","WATER AND FLOOD MANAGEMENT DIRECTORATE","200008","G7","54470","59900","Team Manager","<5","Other","LONDON"
"Department for Environment Food & Rural Affairs","Department for Environment, Food and Rural Affairs","WATER AND FLOOD MANAGEMENT DIRECTORATE","200336","G7","54470","59900","Team Manager","<5","Other","LONDON"
"Department for Environment Food & Rural Affairs","Department for Environment, Food and Rural Affairs","DEFRA GROUP PROPERTY DIRECTORATE","200203","G7","54470","59900","Team Manager","<5","Project Management Delivery","LONDON"
"Department for Environment Food & Rural Affairs","Department for Environment, Food and Rural Affairs","COMMERCIAL DIRECTORATE","200270","EO","28710","32220","Executive Officer","<5","Commercial and Procurement","LONDON"
"Department for Environment Food & Rural Affairs","Department for Environment, Food and Rural Affairs","COMMERCIAL DIRECTORATE","200270","EO","28710","32220","Executive Officer","<5","Grants","LONDON"
"Department for Environment Food & Rural Affairs","Department for Environment, Food and Rural Affairs","GCS STRATEGY, PARTNERSHIPS AND OPERATIONS DIRECTORATE","200071","SEO","41220","44500","Team Leader","<5","Project Management Delivery","LONDON"
"Department for Environment Food & Rural Affairs","Department for Environment, Food and Rural Affairs","BIODIVERSITY, LAND USE & INVESTMENT DIRECTORATE","200140","SEO","41220","44500","Team Leader","<5","Project Management Delivery","LONDON"
"Department for Environment Food & Rural Affairs","Department for Environment, Food and Rural Affairs","DEFRA GROUP PROPERTY DIRECTORATE","200313","HEO","33590","37480","Officer","<5","Operational Delivery","Unknown"
"Department for Environment Food & Rural Affairs","Department for Environment, Food and Rural Affairs","OFFICE OF THE CHIEF DATA OFFICER DIRECTORATE","200259","HEO","33590","37480","Officer","<5","Knowledge and Information Management","NORTH EAST"
"Department for Environment Food & Rural Affairs","Department for Environment, Food and Rural Affairs","OFFICE OF THE CHIEF DATA OFFICER DIRECTORATE","200259","HEO","33590","37480","Officer","<5","Knowledge and Information Management","Unknown"
"Department for Environment Food & Rural Affairs","Department for Environment, Food and Rural Affairs","DEFRA GROUP PROPERTY DIRECTORATE","200300","HEO","33590","37480","Officer","<5","Property","SOUTH EAST"
"Department for Environment Food & Rural Affairs","Department for Environment, Food and Rural Affairs","DEFRA GROUP PROPERTY DIRECTORATE","200300","HEO","33590","37480","Officer","<5","Property","EAST OF ENGLAND"
"Department for Environment Food & Rural Affairs","Department for Environment, Food and Rural Affairs","DEFRA GROUP PROPERTY DIRECTORATE","200300","HEO","33590","37480","Officer","<5","Operational Delivery","EAST OF ENGLAND"
"Department for Environment Food & Rural Affairs","Department for Environment, Food and Rural Affairs","DEFRA GROUP PROPERTY DIRECTORATE","200300","HEO","33590","37480","Officer","<5","Property","SOUTH WEST"
"Department for Environment Food & Rural Affairs","Department for Environment, Food and Rural Affairs","FARMING DIRECTORATE - ADMIN COSTS","200195","HEO","33590","37480","Officer","<5","Project Management Delivery","NORTH EAST"
"Department for Environment Food & Rural Affairs","Department for Environment, Food and Rural Affairs","FARMING DIRECTORATE - ADMIN COSTS","200195","HEO","33590","37480","Officer","<5","Project Management Delivery","NORTH WEST"
"Department for Environment Food & Rural Affairs","Department for Environment, Food and Rural Affairs","TRADE DELIVERY DIRECTORATE","200185","HEO","33590","37480","Officer","<5","Project Management Delivery","Unknown"
"Department for Environment Food & Rural Affairs","Department for Environment, Food and Rural Affairs","AGRI FOOD CHAIN DIRECTORATE","200090","HEO","33590","37480","Officer","<5","Science and Engineering","NORTH EAST"
"Department for Environment Food & Rural Affairs","Department for Environment, Food and Rural Affairs","COMMUNICATIONS DIRECTORATE","200288","HEO","33590","37480","Officer","<5","Communications","SOUTH EAST"
"Department for Environment Food & Rural Affairs","Department for Environment, Food and Rural Affairs","DEFRA GROUP PROPERTY DIRECTORATE","200049","HEO","33590","37480","Officer","<5","Project Management Delivery","EAST OF ENGLAND"
"Department for Environment Food & Rural Affairs","Department for Environment, Food and Rural Affairs","HUMAN RESOURCES DIRECTORATE","200323","HEO","33590","37480","Officer","<5","Human Resources","SOUTH WEST"
"Department for Environment Food & Rural Affairs","Department for Environment, Food and Rural Affairs","HUMAN RESOURCES DIRECTORATE","200244","HEO","33590","37480","Officer","<5","Human Resources","Unknown"
"Department for Environment Food & Rural Affairs","Department for Environment, Food and Rural Affairs","HUMAN RESOURCES DIRECTORATE","200244","HEO","33590","37480","Officer","<5","Human Resources","NORTH WEST"
"Department for Environment Food & Rural Affairs","Department for Environment, Food and Rural Affairs","COMMUNICATIONS DIRECTORATE","200252","HEO","33590","37480","Officer","<5","Communications","WEST MIDLANDS"
"Department for Environment Food & Rural Affairs","Department for Environment, Food and Rural Affairs","COMMUNICATIONS DIRECTORATE","200200","HEO","33590","37480","Officer","<5","Communications","Unknown"
"Department for Environment Food & Rural Affairs","Department for Environment, Food and Rural Affairs","COMMUNICATIONS DIRECTORATE","200200","HEO","33590","37480","Officer","<5","Communications","NORTH EAST"
"Department for Environment Food & Rural Affairs","Department for Environment, Food and Rural Affairs","HUMAN RESOURCES DIRECTORATE","200062","HEO","33590","37480","Officer","<5","Human Resources","NORTH EAST"
"Department for Environment Food & Rural Affairs","Department for Environment, Food and Rural Affairs","HUMAN RESOURCES DIRECTORATE","200062","HEO","33590","37480","Officer","<5","Human Resources","SOUTH EAST"
"Department for Environment Food & Rural Affairs","Department for Environment, Food and Rural Affairs","ANIMAL AND PLANT HEALTH DIRECTORATE","200004","HEO","33590","37480","Officer","<5","Economic","SOUTH WEST"
"Department for Environment Food & Rural Affairs","Department for Environment, Food and Rural Affairs","ANIMAL AND PLANT HEALTH DIRECTORATE","200004","HEO","33590","37480","Officer","<5","Economic","YORKSHIRE AND THE HUMBER"
"Department for Environment Food & Rural Affairs","Department for Environment, Food and Rural Affairs","STRATEGY, GOVERNANCE & CLIMATE DIRECTORATE","200014","HEO","33590","37480","Officer","<5","Statistics","SOUTH WEST"
"Department for Environment Food & Rural Affairs","Department for Environment, Food and Rural Affairs","COMMUNICATIONS DIRECTORATE","200288","HEO","33590","37480","Officer","<5","Communications","NORTH WEST"
"Department for Environment Food & Rural Affairs","Department for Environment, Food and Rural Affairs","DEFRA GROUP PROPERTY DIRECTORATE","200049","HEO","33590","37480","Officer","<5","Project Management Delivery","SOUTH WEST"
"Department for Environment Food & Rural Affairs","Department for Environment, Food and Rural Affairs","HUMAN RESOURCES DIRECTORATE","200244","HEO","33590","37480","Officer","<5","Human Resources","SOUTH EAST"
"Department for Environment Food & Rural Affairs","Department for Environment, Food and Rural Affairs","ANIMAL AND PLANT HEALTH DIRECTORATE","200104","EO","28710","32220","Executive Officer","<5","Operational Delivery","NORTH EAST"
"Department for Environment Food & Rural Affairs","Department for Environment, Food and Rural Affairs","ANIMAL AND PLANT HEALTH DIRECTORATE","200120","EO","28710","32220","Executive Officer","<5","Statistics","YORKSHIRE AND THE HUMBER"
"Department for Environment Food & Rural Affairs","Department for Environment, Food and Rural Affairs","FARMING DIRECTORATE - ADMIN COSTS","200129","EO","28710","32220","Executive Officer","<5","Social Research","YORKSHIRE AND THE HUMBER"
"Department for Environment Food & Rural Affairs","Department for Environment, Food and Rural Affairs","CIRCULAR ECONOMY DIRECTORATE","200232","EO","28710","32220","Executive Officer","<5","Statistics","SOUTH WEST"
"Department for Environment Food & Rural Affairs","Department for Environment, Food and Rural Affairs","WATER AND FLOOD MANAGEMENT DIRECTORATE","200085","EO","28710","32220","Executive Officer","<5","Operational Delivery","UNKNOWN"
"Department for Environment Food & Rural Affairs","Department for Environment, Food and Rural Affairs","WATER AND FLOOD MANAGEMENT DIRECTORATE","200085","EO","28710","32220","Executive Officer","<5","Operational Delivery","EAST OF ENGLAND"
"Department for Environment Food & Rural Affairs","Department for Environment, Food and Rural Affairs","MARINE AND FISHERIES DIRECTORATE","200098","EO","28710","32220","Executive Officer","<5","Other","NORTH EAST"
"Department for Environment Food & Rural Affairs","Department for Environment, Food and Rural Affairs","HUMAN RESOURCES DIRECTORATE","200062","EO","28710","32220","Executive Officer","<5","Human Resources","WEST MIDLANDS"
"Department for Environment Food & Rural Affairs","Department for Environment, Food and Rural Affairs","CIRCULAR ECONOMY DIRECTORATE","200227","EO","28710","32220","Executive Officer","<5","Finance","NORTH EAST"
"Department for Environment Food & Rural Affairs","Department for Environment, Food and Rural Affairs","CIRCULAR ECONOMY DIRECTORATE","200227","EO","28710","32220","Executive Officer","<5","Operational Delivery","SOUTH WEST"
"Department for Environment Food & Rural Affairs","Department for Environment, Food and Rural Affairs","TRADE DELIVERY DIRECTORATE","200256","EO","28710","32220","Executive Officer","<5","Operational Delivery","WEST MIDLANDS"
"Department for Environment Food & Rural Affairs","Department for Environment, Food and Rural Affairs","DEFRA GROUP PROPERTY DIRECTORATE","200313","EO","28710","32220","Executive Officer","<5","Property","YORKSHIRE AND THE HUMBER"
"Department for Environment Food & Rural Affairs","Department for Environment, Food and Rural Affairs","DEFRA GROUP PROPERTY DIRECTORATE","200313","EO","28710","32220","Executive Officer","<5","Operational Delivery","Unknown"
"Department for Environment Food & Rural Affairs","Department for Environment, Food and Rural Affairs","DEFRA GROUP PROPERTY DIRECTORATE","200313","EO","28710","32220","Executive Officer","<5","Operational Delivery","WEST MIDLANDS"
"Department for Environment Food & Rural Affairs","Department for Environment, Food and Rural Affairs","DEFRA GROUP PROPERTY DIRECTORATE","200313","AO","25070","28680","Executive Assistant","<5","Operational Delivery","EAST OF ENGLAND"
"Department for Environment Food & Rural Affairs","Department for Environment, Food and Rural Affairs","DEFRA GROUP PROPERTY DIRECTORATE","200313","EO","28710","32220","Executive Officer","<5","Operational Delivery","EAST MIDLANDS"
"Department for Environment Food & Rural Affairs","Department for Environment, Food and Rural Affairs","DEFRA GROUP PROPERTY DIRECTORATE","200313","EO","28710","32220","Executive Officer","<5","Operational Delivery","SOUTH EAST"
"Department for Environment Food & Rural Affairs","Department for Environment, Food and Rural Affairs","DEFRA GROUP PROPERTY DIRECTORATE","200313","EO","28710","32220","Executive Officer","<5","Operational Delivery","NORTH WEST"
"Department for Environment Food & Rural Affairs","Department for Environment, Food and Rural Affairs","DEFRA GROUP PROPERTY DIRECTORATE","200313","AO","25070","28680","Executive Assistant","<5","Operational Delivery","WEST MIDLANDS"
"Department for Environment Food & Rural Affairs","Department for Environment, Food and Rural Affairs","DEFRA GROUP PROPERTY DIRECTORATE","200313","AO","25070","28680","Executive Assistant","<5","Operational Delivery","SOUTH WEST"
"Department for Environment Food & Rural Affairs","Department for Environment, Food and Rural Affairs","ANIMAL AND PLANT HEALTH DIRECTORATE","200089","EO","28710","32220","Executive Officer","<5","International Trade and Negotiation","Unknown"
"Department for Environment Food & Rural Affairs","Department for Environment, Food and Rural Affairs","OFFICE OF THE CHIEF DATA OFFICER DIRECTORATE","200259","EO","28710","32220","Executive Officer","<5","Knowledge and Information Management","SOUTH EAST"
"Department for Environment Food & Rural Affairs","Department for Environment, Food and Rural Affairs","FARMING DIRECTORATE - ADMIN COSTS","200144","EO","28710","32220","Executive Officer","<5","Knowledge and Information Management","YORKSHIRE AND THE HUMBER"
"Department for Environment Food & Rural Affairs","Department for Environment, Food and Rural Affairs","GCS STRATEGY, PARTNERSHIPS AND OPERATIONS DIRECTORATE","200144","EO","28710","32220","Executive Officer","<5","Project Management Delivery","NORTH EAST"
"Department for Environment Food & Rural Affairs","Department for Environment, Food and Rural Affairs","FARMING DIRECTORATE - ADMIN COSTS","200195","EO","28710","32220","Executive Officer","<5","Project Management Delivery","EAST MIDLANDS"
"Department for Environment Food & Rural Affairs","Department for Environment, Food and Rural Affairs","TRADE DELIVERY DIRECTORATE","200185","EO","28710","32220","Executive Officer","<5","Project Management Delivery","NORTH WEST"
"Department for Environment Food & Rural Affairs","Department for Environment, Food and Rural Affairs","BIODIVERSITY, LAND USE & INVESTMENT DIRECTORATE","200132","EO","28710","32220","Executive Officer","<5","Economic","SOUTH WEST"
"Department for Environment Food & Rural Affairs","Department for Environment, Food and Rural Affairs","GCS STRATEGY, PARTNERSHIPS AND OPERATIONS DIRECTORATE","200306","EO","28710","32220","Executive Officer","<5","Other","Unknown"
"Department for Environment Food & Rural Affairs","Department for Environment, Food and Rural Affairs","STRATEGY, GOVERNANCE & CLIMATE DIRECTORATE","200014","EO","28710","32220","Executive Officer","<5","Geography","Unknown"
"Department for Environment Food & Rural Affairs","Department for Environment, Food and Rural Affairs","BIODIVERSITY, LAND USE & INVESTMENT DIRECTORATE","200127","EO","28710","32220","Executive Officer","<5","Operational Delivery","SOUTH WEST"
"Department for Environment Food & Rural Affairs","Department for Environment, Food and Rural Affairs","AGRI FOOD CHAIN DIRECTORATE","200090","EO","28710","32220","Executive Officer","<5","Data Analysis","YORKSHIRE AND THE HUMBER"
"Department for Environment Food & Rural Affairs","Department for Environment, Food and Rural Affairs","AGRI FOOD CHAIN DIRECTORATE","200090","EO","28710","32220","Executive Officer","<5","Statistics","YORKSHIRE AND THE HUMBER"
"Department for Environment Food & Rural Affairs","Department for Environment, Food and Rural Affairs","AGRI FOOD CHAIN DIRECTORATE","200090","AO","25070","28680","Executive Assistant","<5","Corporate Finance","UNKNOWN"
"Department for Environment Food & Rural Affairs","Department for Environment, Food and Rural Affairs","AGRI FOOD CHAIN DIRECTORATE","200090","AO","25070","28680","Executive Assistant","<5","Statistics","YORKSHIRE AND THE HUMBER"
"Department for Environment Food & Rural Affairs","Department for Environment, Food and Rural Affairs","AGRI FOOD CHAIN DIRECTORATE","200090","EO","28710","32220","Executive Officer","<5","Statistics","SOUTH WEST"
"Department for Environment Food & Rural Affairs","Department for Environment, Food and Rural Affairs","COMMUNICATIONS DIRECTORATE","200288","EO","28710","32220","Executive Officer","<5","Communications","EAST MIDLANDS"
"Department for Environment Food & Rural Affairs","Department for Environment, Food and Rural Affairs","INTERNATIONAL BIODIVERSITY AND CLIMATE DIRECTORATE","200287","EO","28710","32220","Executive Officer","<5","Other","EAST MIDLANDS"
"Department for Environment Food & Rural Affairs","Department for Environment, Food and Rural Affairs","STRATEGY, GOVERNANCE & CLIMATE DIRECTORATE","200207","EO","28710","32220","Executive Officer","<5","Knowledge and Information Management","Unknown"
"Department for Environment Food & Rural Affairs","Department for Environment, Food and Rural Affairs","STRATEGY, GOVERNANCE & CLIMATE DIRECTORATE","200207","EO","28710","32220","Executive Officer","<5","Operational Delivery","Unknown"
"Department for Environment Food & Rural Affairs","Department for Environment, Food and Rural Affairs","STRATEGY, GOVERNANCE & CLIMATE DIRECTORATE","200207","EO","28710","32220","Executive Officer","<5","Operational Delivery","SOUTH WEST"
"Department for Environment Food & Rural Affairs","Department for Environment, Food and Rural Affairs","PORTFOLIO DIRECTORATE","200338","EO","28710","32220","Executive Officer","<5","Operational Delivery","SOUTH WEST"
"Department for Environment Food & Rural Affairs","Department for Environment, Food and Rural Affairs","PORTFOLIO DIRECTORATE","200338","EO","28710","32220","Executive Officer","<5","Operational Delivery","NORTH EAST"
"Department for Environment Food & Rural Affairs","Department for Environment, Food and Rural Affairs","DEFRA GROUP PROPERTY DIRECTORATE","200299","EO","28710","32220","Executive Officer","<5","Operational Delivery","SOUTH EAST"
"Department for Environment Food & Rural Affairs","Department for Environment, Food and Rural Affairs","EU RESET STRATEGY & LEGISLATION DIRECTORATE","200005","EO","28710","32220","Executive Officer","<5","International Trade and Negotiation","YORKSHIRE AND THE HUMBER"
"Department for Environment Food & Rural Affairs","Department for Environment, Food and Rural Affairs","DEFRA GROUP PROPERTY DIRECTORATE","200189","EO","28710","32220","Executive Officer","<5","Operational Delivery","EAST OF ENGLAND"
"Department for Environment Food & Rural Affairs","Department for Environment, Food and Rural Affairs","ANALYSIS DIRECTORATE","200282","EO","28710","32220","Executive Officer","<5","Economic","SOUTH WEST"
"Department for Environment Food & Rural Affairs","Department for Environment, Food and Rural Affairs","HUMAN RESOURCES DIRECTORATE","200235","EO","28710","32220","Executive Officer","<5","Human Resources","Unknown"
"Department for Environment Food & Rural Affairs","Department for Environment, Food and Rural Affairs","HUMAN RESOURCES DIRECTORATE","200235","EO","28710","32220","Executive Officer","<5","Human Resources","YORKSHIRE AND THE HUMBER"
"Department for Environment Food & Rural Affairs","Department for Environment, Food and Rural Affairs","FARMING DIRECTORATE - ADMIN COSTS","200017","EO","28710","32220","Executive Officer","<5","Operational Delivery","SOUTH WEST"
"Department for Environment Food & Rural Affairs","Department for Environment, Food and Rural Affairs","FARMING DIRECTORATE - ADMIN COSTS","200017","EO","28710","32220","Executive Officer","<5","Finance","UNKNOWN"
"Department for Environment Food & Rural Affairs","Department for Environment, Food and Rural Affairs","HUMAN RESOURCES DIRECTORATE","200323","EO","28710","32220","Executive Officer","<5","Human Resources","Unknown"
"Department for Environment Food & Rural Affairs","Department for Environment, Food and Rural Affairs","NATIONAL BIOSECURITY CENTRE DIRECTORATE","200280","EO","28710","32220","Executive Officer","<5","Property","NORTH WEST"
"Department for Environment Food & Rural Affairs","Department for Environment, Food and Rural Affairs","NATIONAL BIOSECURITY CENTRE DIRECTORATE","200280","EO","28710","32220","Executive Officer","<5","Project Management Delivery","NORTH WEST"
"Department for Environment Food & Rural Affairs","Department for Environment, Food and Rural Affairs","HUMAN RESOURCES DIRECTORATE","200149","EO","28710","32220","Executive Officer","<5","Human Resources","SOUTH EAST"
"Department for Environment Food & Rural Affairs","Department for Environment, Food and Rural Affairs","ANALYSIS DIRECTORATE","200281","EO","28710","32220","Executive Officer","<5","Social Research","YORKSHIRE AND THE HUMBER"
"Department for Environment Food & Rural Affairs","Department for Environment, Food and Rural Affairs","HUMAN RESOURCES DIRECTORATE","200296","AO","25070","28680","Executive Assistant","<5","Human Resources","Unknown"
"Department for Environment Food & Rural Affairs","Department for Environment, Food and Rural Affairs","HUMAN RESOURCES DIRECTORATE","200244","EO","28710","32220","Executive Officer","<5","Human Resources","SOUTH WEST"
"Department for Environment Food & Rural Affairs","Department for Environment, Food and Rural Affairs","HUMAN RESOURCES DIRECTORATE","200244","EO","28710","32220","Executive Officer","<5","Human Resources","YORKSHIRE AND THE HUMBER"
"Department for Environment Food & Rural Affairs","Department for Environment, Food and Rural Affairs","HUMAN RESOURCES DIRECTORATE","200244","EO","28710","32220","Executive Officer","<5","Human Resources","NORTH WEST"
"Department for Environment Food & Rural Affairs","Department for Environment, Food and Rural Affairs","PEPR DIRECTORATE","200238","EO","28710","32220","Executive Officer","<5","Operational Delivery","NORTH EAST"
"Department for Environment Food & Rural Affairs","Department for Environment, Food and Rural Affairs","TRADE DELIVERY DIRECTORATE","200191","EO","28710","32220","Executive Officer","<5","Operational Delivery","NORTH EAST"
"Department for Environment Food & Rural Affairs","Department for Environment, Food and Rural Affairs","DEFRA GROUP PROPERTY DIRECTORATE","200203","EO","28710","32220","Executive Officer","<5","Property","NORTH EAST"
"Department for Environment Food & Rural Affairs","Department for Environment, Food and Rural Affairs","COMMUNICATIONS DIRECTORATE","200252","EO","28710","32220","Executive Officer","<5","Communications","YORKSHIRE AND THE HUMBER"
"Department for Environment Food & Rural Affairs","Department for Environment, Food and Rural Affairs","ANIMAL AND PLANT HEALTH DIRECTORATE","200246","EO","28710","32220","Executive Officer","<5","Other","Unknown"
"Department for Environment Food & Rural Affairs","Department for Environment, Food and Rural Affairs","ANIMAL AND PLANT HEALTH DIRECTORATE","200246","EO","28710","32220","Executive Officer","<5","Digital  Data and Technology","SOUTH EAST"
"Department for Environment Food & Rural Affairs","Department for Environment, Food and Rural Affairs","MINISTERIAL, GROWTH AND RESILIENCE DIRECTORATE","200138","EO","28710","32220","Executive Officer","<5","Operational Delivery","SOUTH WEST"
"Department for Environment Food & Rural Affairs","Department for Environment, Food and Rural Affairs","STRATEGY, GOVERNANCE & CLIMATE DIRECTORATE","200199","EO","28710","32220","Executive Officer","<5","Economic","NORTH EAST"
"Department for Environment Food & Rural Affairs","Department for Environment, Food and Rural Affairs","COMMUNICATIONS DIRECTORATE","200200","EO","28710","32220","Executive Officer","<5","Communications","SOUTH WEST"
"Department for Environment Food & Rural Affairs","Department for Environment, Food and Rural Affairs","FARMING DIRECTORATE - ADMIN COSTS","200119","EO","28710","32220","Executive Officer","<5","Communications","NORTH EAST"
"Department for Environment Food & Rural Affairs","Department for Environment, Food and Rural Affairs","DEFRA GROUP PROPERTY DIRECTORATE","200078","HEO","33590","37480","Officer","<5","Other","Unknown"
"Department for Environment Food & Rural Affairs","Department for Environment, Food and Rural Affairs","DEFRA GROUP PROPERTY DIRECTORATE","200078","HEO","33590","37480","Officer","<5","Corporate Finance","NORTH WEST"
"Department for Environment Food & Rural Affairs","Department for Environment, Food and Rural Affairs","ANIMAL AND PLANT HEALTH DIRECTORATE","200120","HEO","33590","37480","Officer","<5","Science and Engineering","SOUTH WEST"
"Department for Environment Food & Rural Affairs","Department for Environment, Food and Rural Affairs","FARMING DIRECTORATE - ADMIN COSTS","200129","HEO","33590","37480","Officer","<5","Social Research","SOUTH WEST"
"Department for Environment Food & Rural Affairs","Department for Environment, Food and Rural Affairs","CIRCULAR ECONOMY DIRECTORATE","200232","HEO","33590","37480","Officer","<5","Statistics","YORKSHIRE AND THE HUMBER"
"Department for Environment Food & Rural Affairs","Department for Environment, Food and Rural Affairs","ANIMAL AND PLANT HEALTH DIRECTORATE","200118","HEO","33590","37480","Officer","<5","Project Management Delivery","NORTH WEST"
"Department for Environment Food & Rural Affairs","Department for Environment, Food and Rural Affairs","ANIMAL AND PLANT HEALTH DIRECTORATE","200118","HEO","33590","37480","Officer","<5","Project Management Delivery","YORKSHIRE AND THE HUMBER"
"Department for Environment Food & Rural Affairs","Department for Environment, Food and Rural Affairs","ANIMAL AND PLANT HEALTH DIRECTORATE","200118","HEO","33590","37480","Officer","<5","Statistics","SOUTH WEST"
"Department for Environment Food & Rural Affairs","Department for Environment, Food and Rural Affairs","HUMAN RESOURCES DIRECTORATE","200062","HEO","33590","37480","Officer","<5","Human Resources","SOUTH WEST"
"Department for Environment Food & Rural Affairs","Department for Environment, Food and Rural Affairs","HUMAN RESOURCES DIRECTORATE","200062","HEO","33590","37480","Officer","<5","Human Resources","NORTH WEST"
"Department for Environment Food & Rural Affairs","Department for Environment, Food and Rural Affairs","AGRI FOOD CHAIN DIRECTORATE","200332","HEO","33590","37480","Officer","<5","Data Analysis","Unknown"
"Department for Environment Food & Rural Affairs","Department for Environment, Food and Rural Affairs","CIRCULAR ECONOMY DIRECTORATE","200227","HEO","33590","37480","Officer","<5","Project Management Delivery","SOUTH WEST"
"Department for Environment Food & Rural Affairs","Department for Environment, Food and Rural Affairs","WATER AND FLOOD MANAGEMENT DIRECTORATE","200211","HEO","33590","37480","Officer","<5","Operational Delivery","NORTH EAST"
"Department for Environment Food & Rural Affairs","Department for Environment, Food and Rural Affairs","DEFRA GROUP PROPERTY DIRECTORATE","200313","HEO","33590","37480","Officer","<5","Project Management Delivery","SOUTH EAST"
"Department for Environment Food & Rural Affairs","Department for Environment, Food and Rural Affairs","DEFRA GROUP PROPERTY DIRECTORATE","200313","HEO","33590","37480","Officer","<5","Operational Delivery","NORTH WEST"
"Department for Environment Food & Rural Affairs","Department for Environment, Food and Rural Affairs","ANIMAL AND PLANT HEALTH DIRECTORATE","200110","HEO","33590","37480","Officer","<5","Operational Delivery","SOUTH WEST"
"Department for Environment Food & Rural Affairs","Department for Environment, Food and Rural Affairs","ENV QUALITY, INFRASTRUCTURE & PLANNING DIRECTORATE","200109","HEO","33590","37480","Officer","<5","Project Management Delivery","WALES"
"Department for Environment Food & Rural Affairs","Department for Environment, Food and Rural Affairs","ENV QUALITY, INFRASTRUCTURE & PLANNING DIRECTORATE","200109","HEO","33590","37480","Officer","<5","Economic","YORKSHIRE AND THE HUMBER"
"Department for Environment Food & Rural Affairs","Department for Environment, Food and Rural Affairs","DEFRA GROUP PROPERTY DIRECTORATE","200300","HEO","33590","37480","Officer","<5","Operational Delivery","WEST MIDLANDS"
"Department for Environment Food & Rural Affairs","Department for Environment, Food and Rural Affairs","DEFRA GROUP PROPERTY DIRECTORATE","200300","HEO","33590","37480","Officer","<5","Property","YORKSHIRE AND THE HUMBER"
"Department for Environment Food & Rural Affairs","Department for Environment, Food and Rural Affairs","DEFRA GROUP PROPERTY DIRECTORATE","200300","HEO","33590","37480","Officer","<5","Property","EAST MIDLANDS"
"Department for Environment Food & Rural Affairs","Department for Environment, Food and Rural Affairs","DEFRA GROUP PROPERTY DIRECTORATE","200300","HEO","33590","37480","Officer","<5","Property","NORTH WEST"
"Department for Environment Food & Rural Affairs","Department for Environment, Food and Rural Affairs","DEFRA GROUP PROPERTY DIRECTORATE","200300","HEO","33590","37480","Officer","<5","Property","WEST MIDLANDS"
"Department for Environment Food & Rural Affairs","Department for Environment, Food and Rural Affairs","AGRI FOOD CHAIN DIRECTORATE","200107","HEO","33590","37480","Officer","<5","Project Management Delivery","Unknown"
"Department for Environment Food & Rural Affairs","Department for Environment, Food and Rural Affairs","MARINE AND FISHERIES DIRECTORATE","200289","HEO","33590","37480","Officer","<5","Operational Research","YORKSHIRE AND THE HUMBER"
"Department for Environment Food & Rural Affairs","Department for Environment, Food and Rural Affairs","MARINE AND FISHERIES DIRECTORATE","200289","HEO","33590","37480","Officer","<5","Economic","SOUTH WEST"
"Department for Environment Food & Rural Affairs","Department for Environment, Food and Rural Affairs","MARINE AND FISHERIES DIRECTORATE","200289","HEO","33590","37480","Officer","<5","Science and Engineering","EAST OF ENGLAND"
"Department for Environment Food & Rural Affairs","Department for Environment, Food and Rural Affairs","CIRCULAR ECONOMY DIRECTORATE","200147","HEO","33590","37480","Officer","<5","Communications","UNKNOWN"
"Department for Environment Food & Rural Affairs","Department for Environment, Food and Rural Affairs","ANALYSIS DIRECTORATE","200060","HEO","33590","37480","Officer","<5","Science and Engineering","SOUTH WEST"
"Department for Environment Food & Rural Affairs","Department for Environment, Food and Rural Affairs","ANALYSIS DIRECTORATE","200060","HEO","33590","37480","Officer","<5","Operational Delivery","YORKSHIRE AND THE HUMBER"
"Department for Environment Food & Rural Affairs","Department for Environment, Food and Rural Affairs","TRADE DELIVERY DIRECTORATE","200185","HEO","33590","37480","Officer","<5","Operational Delivery","NORTH EAST"
"Department for Environment Food & Rural Affairs","Department for Environment, Food and Rural Affairs","TRADE DELIVERY DIRECTORATE","200185","HEO","33590","37480","Officer","<5","Operational Delivery","NORTHERN IRELAND"
"Department for Environment Food & Rural Affairs","Department for Environment, Food and Rural Affairs","NATIONAL BIOSECURITY CENTRE DIRECTORATE","200029","HEO","33590","37480","Officer","<5","Finance","SOUTH EAST"
"Department for Environment Food & Rural Affairs","Department for Environment, Food and Rural Affairs","STRATEGY, GOVERNANCE & CLIMATE DIRECTORATE","200014","HEO","33590","37480","Officer","<5","Statistics","YORKSHIRE AND THE HUMBER"
"Department for Environment Food & Rural Affairs","Department for Environment, Food and Rural Affairs","STRATEGY, GOVERNANCE & CLIMATE DIRECTORATE","200014","HEO","33590","37480","Officer","<5","Data Analysis","YORKSHIRE AND THE HUMBER"
"Department for Environment Food & Rural Affairs","Department for Environment, Food and Rural Affairs","AGRI FOOD CHAIN DIRECTORATE","200090","HEO","33590","37480","Officer","<5","Data Analysis","YORKSHIRE AND THE HUMBER"
"Department for Environment Food & Rural Affairs","Department for Environment, Food and Rural Affairs","AGRI FOOD CHAIN DIRECTORATE","200090","HEO","33590","37480","Officer","<5","Statistics","NORTH EAST"
"Department for Environment Food & Rural Affairs","Department for Environment, Food and Rural Affairs","COMMUNICATIONS DIRECTORATE","200288","HEO","33590","37480","Officer","<5","Communications","SOUTH WEST"
"Department for Environment Food & Rural Affairs","Department for Environment, Food and Rural Affairs","COMMUNICATIONS DIRECTORATE","200288","HEO","33590","37480","Officer","<5","Communications","NORTH EAST"
"Department for Environment Food & Rural Affairs","Department for Environment, Food and Rural Affairs","COMMUNICATIONS DIRECTORATE","200288","HEO","33590","37480","Officer","<5","Communications","YORKSHIRE AND THE HUMBER"
"Department for Environment Food & Rural Affairs","Department for Environment, Food and Rural Affairs","STRATEGY AND WATER DG OFFICES DIRECTORATE","200239","HEO","33590","37480","Officer","<5","Operational Delivery","WEST MIDLANDS"
"Department for Environment Food & Rural Affairs","Department for Environment, Food and Rural Affairs","SCIENCE DIRECTORATE","200095","HEO","33590","37480","Officer","<5","Science and Engineering","YORKSHIRE AND THE HUMBER"
"Department for Environment Food & Rural Affairs","Department for Environment, Food and Rural Affairs","GCS STRATEGY, PARTNERSHIPS AND OPERATIONS DIRECTORATE","200253","HEO","33590","37480","Officer","<5","Data Analysis","SOUTH WEST"
"Department for Environment Food & Rural Affairs","Department for Environment, Food and Rural Affairs","STRATEGY, GOVERNANCE & CLIMATE DIRECTORATE","200207","HEO","33590","37480","Officer","<5","Operational Delivery","NORTH EAST"
"Department for Environment Food & Rural Affairs","Department for Environment, Food and Rural Affairs","DEFRA GROUP PROPERTY DIRECTORATE","200049","HEO","33590","37480","Officer","<5","Property","Unknown"
"Department for Environment Food & Rural Affairs","Department for Environment, Food and Rural Affairs","PORTFOLIO DIRECTORATE","200338","HEO","33590","37480","Officer","<5","Risk","SOUTH WEST"
"Department for Environment Food & Rural Affairs","Department for Environment, Food and Rural Affairs","PORTFOLIO DIRECTORATE","200338","HEO","33590","37480","Officer","<5","Communications","Unknown"
"Department for Environment Food & Rural Affairs","Department for Environment, Food and Rural Affairs","DEFRA GROUP PROPERTY DIRECTORATE","200299","HEO","33590","37480","Officer","<5","Operational Delivery","SOUTH EAST"
"Department for Environment Food & Rural Affairs","Department for Environment, Food and Rural Affairs","INTERNATIONAL BIODIVERSITY AND CLIMATE DIRECTORATE","200236","HEO","33590","37480","Officer","<5","Economic","SOUTH WEST"
"Department for Environment Food & Rural Affairs","Department for Environment, Food and Rural Affairs","DEFRA GROUP PROPERTY DIRECTORATE","200189","HEO","33590","37480","Officer","<5","Property","Unknown"
"Department for Environment Food & Rural Affairs","Department for Environment, Food and Rural Affairs","DEFRA GROUP PROPERTY DIRECTORATE","200189","HEO","33590","37480","Officer","<5","Project Management Delivery","NORTH EAST"
"Department for Environment Food & Rural Affairs","Department for Environment, Food and Rural Affairs","HUMAN RESOURCES DIRECTORATE","200323","HEO","33590","37480","Officer","<5","Human Resources","NORTH WEST"
"Department for Environment Food & Rural Affairs","Department for Environment, Food and Rural Affairs","HUMAN RESOURCES DIRECTORATE","200323","HEO","33590","37480","Officer","<5","Human Resources","Unknown"
"Department for Environment Food & Rural Affairs","Department for Environment, Food and Rural Affairs","NATIONAL BIOSECURITY CENTRE DIRECTORATE","200280","HEO","33590","37480","Officer","<5","Project Management Delivery","SOUTH WEST"
"Department for Environment Food & Rural Affairs","Department for Environment, Food and Rural Affairs","OFFICIAL DEVELOPMENT ASSISTANCE DIRECTORATE","200025","HEO","33590","37480","Officer","<5","Finance","SOUTH WEST"
"Department for Environment Food & Rural Affairs","Department for Environment, Food and Rural Affairs","ANALYSIS DIRECTORATE","200281","HEO","33590","37480","Officer","<5","Economic","SOUTH WEST"
"Department for Environment Food & Rural Affairs","Department for Environment, Food and Rural Affairs","HUMAN RESOURCES DIRECTORATE","200296","HEO","33590","37480","Officer","<5","Human Resources","SOUTH WEST"
"Department for Environment Food & Rural Affairs","Department for Environment, Food and Rural Affairs","HUMAN RESOURCES DIRECTORATE","200296","HEO","33590","37480","Officer","<5","Operational Delivery","EAST MIDLANDS"
"Department for Environment Food & Rural Affairs","Department for Environment, Food and Rural Affairs","HUMAN RESOURCES DIRECTORATE","200296","HEO","33590","37480","Officer","<5","Data Analysis","EAST MIDLANDS"
"Department for Environment Food & Rural Affairs","Department for Environment, Food and Rural Affairs","TRADE DELIVERY DIRECTORATE","200106","HEO","33590","37480","Officer","<5","Other","NORTHERN IRELAND"
"Department for Environment Food & Rural Affairs","Department for Environment, Food and Rural Affairs","PEPR DIRECTORATE","200238","HEO","33590","37480","Officer","<5","Operational Delivery","Unknown"
"Department for Environment Food & Rural Affairs","Department for Environment, Food and Rural Affairs","TRADE DELIVERY DIRECTORATE","200191","HEO","33590","37480","Officer","<5","Operational Delivery","WEST MIDLANDS"
"Department for Environment Food & Rural Affairs","Department for Environment, Food and Rural Affairs","GCS STRATEGY, PARTNERSHIPS AND OPERATIONS DIRECTORATE","200071","HEO","33590","37480","Officer","<5","Project Management Delivery","SOUTH EAST"
"Department for Environment Food & Rural Affairs","Department for Environment, Food and Rural Affairs","HUMAN RESOURCES DIRECTORATE","200312","HEO","33590","37480","Officer","<5","Human Resources","YORKSHIRE AND THE HUMBER"
"Department for Environment Food & Rural Affairs","Department for Environment, Food and Rural Affairs","COMMUNICATIONS DIRECTORATE","200252","HEO","33590","37480","Officer","<5","Communications","EAST OF ENGLAND"
"Department for Environment Food & Rural Affairs","Department for Environment, Food and Rural Affairs","EU AND INTERNATIONAL TRADE DIRECTORATE","200318","HEO","33590","37480","Officer","<5","Economic","SOUTH WEST"
"Department for Environment Food & Rural Affairs","Department for Environment, Food and Rural Affairs","MINISTERIAL, GROWTH AND RESILIENCE DIRECTORATE","200138","HEO","33590","37480","Officer","<5","Communications","SOUTH WEST"
"Department for Environment Food & Rural Affairs","Department for Environment, Food and Rural Affairs","SCIENCE DIRECTORATE","200112","HEO","33590","37480","Officer","<5","Science and Engineering","Unknown"
"Department for Environment Food & Rural Affairs","Department for Environment, Food and Rural Affairs","COMMUNICATIONS DIRECTORATE","200119","HEO","33590","37480","Officer","<5","Communications","NORTH WEST"
"Department for Environment Food & Rural Affairs","Department for Environment, Food and Rural Affairs","COMMUNICATIONS DIRECTORATE","200119","HEO","33590","37480","Officer","<5","Communications","SOUTH EAST"
"Department for Environment Food & Rural Affairs","Department for Environment, Food and Rural Affairs","FARMING DIRECTORATE - ADMIN COSTS","200119","HEO","33590","37480","Officer","<5","Other","NORTH EAST"
"Department for Environment Food & Rural Affairs","Department for Environment, Food and Rural Affairs","FARMING DIRECTORATE - ADMIN COSTS","200020","G6","65430","70690","Senior Manager","<5","Communications","Unknown"
"Department for Environment Food & Rural Affairs","Department for Environment, Food and Rural Affairs","ANALYSIS DIRECTORATE","200155","G6","65430","70690","Senior Manager","<5","Statistics","SOUTH WEST"
"Department for Environment Food & Rural Affairs","Department for Environment, Food and Rural Affairs","GROUP STRATEGY DIRECTORATE","200155","G6","65430","70690","Senior Manager","<5","Social Research","SOUTH WEST"
"Department for Environment Food & Rural Affairs","Department for Environment, Food and Rural Affairs","FARMING DIRECTORATE - ADMIN COSTS","200129","G6","65430","70690","Senior Manager","<5","Data Analysis","Unknown"
"Department for Environment Food & Rural Affairs","Department for Environment, Food and Rural Affairs","CIRCULAR ECONOMY DIRECTORATE","200232","G6","65430","70690","Senior Manager","<5","Economic","UNKNOWN"
"Department for Environment Food & Rural Affairs","Department for Environment, Food and Rural Affairs","EU AND INTERNATIONAL TRADE DIRECTORATE","200317","G6","65430","70690","Senior Manager","<5","Statistics","YORKSHIRE AND THE HUMBER"
"Department for Environment Food & Rural Affairs","Department for Environment, Food and Rural Affairs","EU AND INTERNATIONAL TRADE DIRECTORATE","200317","G6","65430","70690","Senior Manager","<5","Operational Delivery","SOUTH WEST"
"Department for Environment Food & Rural Affairs","Department for Environment, Food and Rural Affairs","ANALYSIS DIRECTORATE","200070","G6","65430","70690","Senior Manager","<5","Geography","Unknown"
"Department for Environment Food & Rural Affairs","Department for Environment, Food and Rural Affairs","HUMAN RESOURCES DIRECTORATE","200062","G6","65430","70690","Senior Manager","<5","Human Resources","WEST MIDLANDS"
"Department for Environment Food & Rural Affairs","Department for Environment, Food and Rural Affairs","HUMAN RESOURCES DIRECTORATE","200062","G6","65430","70690","Senior Manager","<5","Human Resources","YORKSHIRE AND THE HUMBER"
"Department for Environment Food & Rural Affairs","Department for Environment, Food and Rural Affairs","CIRCULAR ECONOMY DIRECTORATE","200227","G6","65430","70690","Senior Manager","<5","Project Management Delivery","NORTH WEST"
"Department for Environment Food & Rural Affairs","Department for Environment, Food and Rural Affairs","DEFRA GROUP PROPERTY DIRECTORATE","200313","G6","65430","70690","Senior Manager","<5","Property","NORTH WEST"
"Department for Environment Food & Rural Affairs","Department for Environment, Food and Rural Affairs","DEFRA GROUP PROPERTY DIRECTORATE","200313","G6","65430","70690","Senior Manager","<5","Operational Delivery","YORKSHIRE AND THE HUMBER"
"Department for Environment Food & Rural Affairs","Department for Environment, Food and Rural Affairs","ANIMAL AND PLANT HEALTH DIRECTORATE","200089","G6","65430","70690","Senior Manager","<5","Veterinary","NORTH WEST"
"Department for Environment Food & Rural Affairs","Department for Environment, Food and Rural Affairs","HUMAN RESOURCES DIRECTORATE","200173","G6","65430","70690","Senior Manager","<5","Human Resources","Unknown"
"Department for Environment Food & Rural Affairs","Department for Environment, Food and Rural Affairs","ENV QUALITY, INFRASTRUCTURE & PLANNING DIRECTORATE","200109","G6","65430","70690","Senior Manager","<5","Economic","SOUTH WEST"
"Department for Environment Food & Rural Affairs","Department for Environment, Food and Rural Affairs","DEFRA GROUP PROPERTY DIRECTORATE","200300","G6","65430","70690","Senior Manager","<5","Operational Delivery","SOUTH EAST"
"Department for Environment Food & Rural Affairs","Department for Environment, Food and Rural Affairs","DEFRA GROUP PROPERTY DIRECTORATE","200300","G6","65430","70690","Senior Manager","<5","Property","SOUTH EAST"
"Department for Environment Food & Rural Affairs","Department for Environment, Food and Rural Affairs","DEFRA GROUP PROPERTY DIRECTORATE","200300","G6","65430","70690","Senior Manager","<5","Property","SOUTH WEST"
"Department for Environment Food & Rural Affairs","Department for Environment, Food and Rural Affairs","DEFRA GROUP PROPERTY DIRECTORATE","200300","G6","65430","70690","Senior Manager","<5","Property","NORTH EAST"
"Department for Environment Food & Rural Affairs","Department for Environment, Food and Rural Affairs","MARINE AND FISHERIES DIRECTORATE","200289","G6","65430","70690","Senior Manager","<5","Science and Engineering","EAST OF ENGLAND"
"Department for Environment Food & Rural Affairs","Department for Environment, Food and Rural Affairs","CIRCULAR ECONOMY DIRECTORATE","200147","G6","65430","70690","Senior Manager","<5","Project Management Delivery","UNKNOWN"
"Department for Environment Food & Rural Affairs","Department for Environment, Food and Rural Affairs","CIRCULAR ECONOMY DIRECTORATE","200147","G6","65430","70690","Senior Manager","<5","Communications","WALES"
"Department for Environment Food & Rural Affairs","Department for Environment, Food and Rural Affairs","ANALYSIS DIRECTORATE","200060","G6","65430","70690","Senior Manager","<5","Science and Engineering","YORKSHIRE AND THE HUMBER"
"Department for Environment Food & Rural Affairs","Department for Environment, Food and Rural Affairs","FARMING DIRECTORATE - ADMIN COSTS","200195","G6","65430","70690","Senior Manager","<5","Project Management Delivery","NORTH EAST"
"Department for Environment Food & Rural Affairs","Department for Environment, Food and Rural Affairs","ANIMAL AND PLANT HEALTH DIRECTORATE","200004","G6","65430","70690","Senior Manager","<5","Social Research","YORKSHIRE AND THE HUMBER"
"Department for Environment Food & Rural Affairs","Department for Environment, Food and Rural Affairs","TRADE DELIVERY DIRECTORATE","200185","G6","65430","70690","Senior Manager","<5","Finance","YORKSHIRE AND THE HUMBER"
"Department for Environment Food & Rural Affairs","Department for Environment, Food and Rural Affairs","EU AND INTERNATIONAL TRADE DIRECTORATE","200047","G6","65430","70690","Senior Manager","<5","International Trade and Negotiation","WEST MIDLANDS"
"Department for Environment Food & Rural Affairs","Department for Environment, Food and Rural Affairs","NATIONAL BIOSECURITY CENTRE DIRECTORATE","200029","G6","65430","70690","Senior Manager","<5","Project Management Delivery","SOUTH EAST"
"Department for Environment Food & Rural Affairs","Department for Environment, Food and Rural Affairs","AGRI FOOD CHAIN DIRECTORATE","200137","G6","65430","70690","Senior Manager","<5","Economic","YORKSHIRE AND THE HUMBER"
"Department for Environment Food & Rural Affairs","Department for Environment, Food and Rural Affairs","GCS STRATEGY, PARTNERSHIPS AND OPERATIONS DIRECTORATE","200306","G6","65430","70690","Senior Manager","<5","Digital  Data and Technology","NORTH WEST"
"Department for Environment Food & Rural Affairs","Department for Environment, Food and Rural Affairs","GCS STRATEGY, PARTNERSHIPS AND OPERATIONS DIRECTORATE","200306","G6","65430","70690","Senior Manager","<5","Knowledge and Information Management","Unknown"
"Department for Environment Food & Rural Affairs","Department for Environment, Food and Rural Affairs","BIODIVERSITY, LAND USE & INVESTMENT DIRECTORATE","200127","G6","65430","70690","Senior Manager","<5","Operational Delivery","Unknown"
"Department for Environment Food & Rural Affairs","Department for Environment, Food and Rural Affairs","ENV QUALITY, INFRASTRUCTURE & PLANNING DIRECTORATE","200134","G6","65430","70690","Senior Manager","<5","International Trade and Negotiation","YORKSHIRE AND THE HUMBER"
"Department for Environment Food & Rural Affairs","Department for Environment, Food and Rural Affairs","COMMUNICATIONS DIRECTORATE","200288","G6","65430","70690","Senior Manager","<5","Communications","EAST OF ENGLAND"
"Department for Environment Food & Rural Affairs","Department for Environment, Food and Rural Affairs","COMMUNICATIONS DIRECTORATE","200288","G6","65430","70690","Senior Manager","<5","Communications","YORKSHIRE AND THE HUMBER"
"Department for Environment Food & Rural Affairs","Department for Environment, Food and Rural Affairs","DEFRA GROUP PROPERTY DIRECTORATE","200277","G6","65430","70690","Senior Manager","<5","Property","SOUTH EAST"
"Department for Environment Food & Rural Affairs","Department for Environment, Food and Rural Affairs","DEFRA GROUP PROPERTY DIRECTORATE","200277","G6","65430","70690","Senior Manager","<5","Risk","SOUTH EAST"
"Department for Environment Food & Rural Affairs","Department for Environment, Food and Rural Affairs","STRATEGY AND WATER DG OFFICES DIRECTORATE","200239","G6","65430","70690","Senior Manager","<5","Operational Delivery","Unknown"
"Department for Environment Food & Rural Affairs","Department for Environment, Food and Rural Affairs","INTERNATIONAL BIODIVERSITY AND CLIMATE DIRECTORATE","200287","G6","65430","70690","Senior Manager","<5","Planning","SOUTH WEST"
"Department for Environment Food & Rural Affairs","Department for Environment, Food and Rural Affairs","PORTFOLIO DIRECTORATE","200220","G6","65430","70690","Senior Manager","<5","Operational Research","Unknown"
"Department for Environment Food & Rural Affairs","Department for Environment, Food and Rural Affairs","PORTFOLIO DIRECTORATE","200220","G6","65430","70690","Senior Manager","<5","Data Analysis","EAST MIDLANDS"
"Department for Environment Food & Rural Affairs","Department for Environment, Food and Rural Affairs","GCS STRATEGY, PARTNERSHIPS AND OPERATIONS DIRECTORATE","200253","G6","65430","70690","Senior Manager","<5","Operational Delivery","UNKNOWN"
"Department for Environment Food & Rural Affairs","Department for Environment, Food and Rural Affairs","DEFRA GROUP PROPERTY DIRECTORATE","200049","G6","65430","70690","Senior Manager","<5","Property","SOUTH EAST"
"Department for Environment Food & Rural Affairs","Department for Environment, Food and Rural Affairs","DEFRA GROUP PROPERTY DIRECTORATE","200049","G6","65430","70690","Senior Manager","<5","Property","Unknown"
"Department for Environment Food & Rural Affairs","Department for Environment, Food and Rural Affairs","DEFRA GROUP PROPERTY DIRECTORATE","200049","G6","65430","70690","Senior Manager","<5","Property","WALES"
"Department for Environment Food & Rural Affairs","Department for Environment, Food and Rural Affairs","HUMAN RESOURCES DIRECTORATE","200010","G6","65430","70690","Senior Manager","<5","Human Resources","Unknown"
"Department for Environment Food & Rural Affairs","Department for Environment, Food and Rural Affairs","PORTFOLIO DIRECTORATE","200338","G6","65430","70690","Senior Manager","<5","Project Management Delivery","Unknown"
"Department for Environment Food & Rural Affairs","Department for Environment, Food and Rural Affairs","CHANGE DELIVERY DIRECTORATE","200204","G6","65430","70690","Senior Manager","<5","Project Management Delivery","YORKSHIRE AND THE HUMBER"
"Department for Environment Food & Rural Affairs","Department for Environment, Food and Rural Affairs","WATER AND FLOOD MANAGEMENT DIRECTORATE","200145","G6","65430","70690","Senior Manager","<5","Science and Engineering","WEST MIDLANDS"
"Department for Environment Food & Rural Affairs","Department for Environment, Food and Rural Affairs","HUMAN RESOURCES DIRECTORATE","200324","G6","65430","70690","Senior Manager","<5","Human Resources","Unknown"
"Department for Environment Food & Rural Affairs","Department for Environment, Food and Rural Affairs","HUMAN RESOURCES DIRECTORATE","200324","G6","65430","70690","Senior Manager","<5","Human Resources","YORKSHIRE AND THE HUMBER"
"Department for Environment Food & Rural Affairs","Department for Environment, Food and Rural Affairs","HUMAN RESOURCES DIRECTORATE","200324","G6","65430","70690","Senior Manager","<5","Human Resources","EAST OF ENGLAND"
"Department for Environment Food & Rural Affairs","Department for Environment, Food and Rural Affairs","HUMAN RESOURCES DIRECTORATE","200324","G6","65430","70690","Senior Manager","<5","Human Resources","EAST MIDLANDS"
"Department for Environment Food & Rural Affairs","Department for Environment, Food and Rural Affairs","HUMAN RESOURCES DIRECTORATE","200324","G6","65430","70690","Senior Manager","<5","Human Resources","SOUTH WEST"
"Department for Environment Food & Rural Affairs","Department for Environment, Food and Rural Affairs","DEFRA GROUP PROPERTY DIRECTORATE","200299","G6","65430","70690","Senior Manager","<5","Science and Engineering","SOUTH EAST"
"Department for Environment Food & Rural Affairs","Department for Environment, Food and Rural Affairs","DEFRA GROUP PROPERTY DIRECTORATE","200299","G6","65430","70690","Senior Manager","<5","Property","NORTH WEST"
"Department for Environment Food & Rural Affairs","Department for Environment, Food and Rural Affairs","DEFRA GROUP PROPERTY DIRECTORATE","200299","G6","65430","70690","Senior Manager","<5","Science and Engineering","YORKSHIRE AND THE HUMBER"
"Department for Environment Food & Rural Affairs","Department for Environment, Food and Rural Affairs","PEPR DIRECTORATE","200329","G6","65430","70690","Senior Manager","<5","Project Management Delivery","SOUTH WEST"
"Department for Environment Food & Rural Affairs","Department for Environment, Food and Rural Affairs","TRADE DELIVERY DIRECTORATE","200005","G6","65430","70690","Senior Manager","<5","Project Management Delivery","Unknown"
"Department for Environment Food & Rural Affairs","Department for Environment, Food and Rural Affairs","DEFRA GROUP PROPERTY DIRECTORATE","200189","G6","65430","70690","Senior Manager","<5","Property","SOUTH EAST"
"Department for Environment Food & Rural Affairs","Department for Environment, Food and Rural Affairs","HUMAN RESOURCES DIRECTORATE","200172","G6","65430","70690","Senior Manager","<5","Human Resources","NORTH WEST"
"Department for Environment Food & Rural Affairs","Department for Environment, Food and Rural Affairs","HUMAN RESOURCES DIRECTORATE","200235","G6","65430","70690","Senior Manager","<5","Human Resources","YORKSHIRE AND THE HUMBER"
"Department for Environment Food & Rural Affairs","Department for Environment, Food and Rural Affairs","HUMAN RESOURCES DIRECTORATE","200235","G6","65430","70690","Senior Manager","<5","Digital  Data and Technology","YORKSHIRE AND THE HUMBER"
"Department for Environment Food & Rural Affairs","Department for Environment, Food and Rural Affairs","HUMAN RESOURCES DIRECTORATE","200235","G6","65430","70690","Senior Manager","<5","Project Management Delivery","SCOTLAND"
"Department for Environment Food & Rural Affairs","Department for Environment, Food and Rural Affairs","HUMAN RESOURCES DIRECTORATE","200235","G6","65430","70690","Senior Manager","<5","Project Management Delivery","YORKSHIRE AND THE HUMBER"
"Department for Environment Food & Rural Affairs","Department for Environment, Food and Rural Affairs","HUMAN RESOURCES DIRECTORATE","200235","G6","65430","70690","Senior Manager","<5","Project Management Delivery","NORTH WEST"
"Department for Environment Food & Rural Affairs","Department for Environment, Food and Rural Affairs","FARMING DIRECTORATE - ADMIN COSTS","200017","G6","65430","70690","Senior Manager","<5","Finance","WEST MIDLANDS"
"Department for Environment Food & Rural Affairs","Department for Environment, Food and Rural Affairs","HUMAN RESOURCES DIRECTORATE","200323","G6","65430","70690","Senior Manager","<5","Human Resources","EAST MIDLANDS"
"Department for Environment Food & Rural Affairs","Department for Environment, Food and Rural Affairs","NATIONAL BIOSECURITY CENTRE DIRECTORATE","200280","G6","65430","70690","Senior Manager","<5","Human Resources","SOUTH EAST"
"Department for Environment Food & Rural Affairs","Department for Environment, Food and Rural Affairs","TRADE DELIVERY DIRECTORATE","200219","G6","65430","70690","Senior Manager","<5","Project Management Delivery","SOUTH WEST"
"Department for Environment Food & Rural Affairs","Department for Environment, Food and Rural Affairs","TRADE DELIVERY DIRECTORATE","200333","G6","65430","70690","Senior Manager","<5","Project Management Delivery","SOUTH WEST"
"Department for Environment Food & Rural Affairs","Department for Environment, Food and Rural Affairs","OFFICIAL DEVELOPMENT ASSISTANCE DIRECTORATE","200025","G6","65430","70690","Senior Manager","<5","Social Research","UNKNOWN"
"Department for Environment Food & Rural Affairs","Department for Environment, Food and Rural Affairs","ANALYSIS DIRECTORATE","200281","G6","65430","70690","Senior Manager","<5","Statistics","Unknown"
"Department for Environment Food & Rural Affairs","Department for Environment, Food and Rural Affairs","ANALYSIS DIRECTORATE","200281","G6","65430","70690","Senior Manager","<5","Social Research","YORKSHIRE AND THE HUMBER"
"Department for Environment Food & Rural Affairs","Department for Environment, Food and Rural Affairs","TRADE DELIVERY DIRECTORATE","200308","G6","65430","70690","Senior Manager","<5","Project Management Delivery","YORKSHIRE AND THE HUMBER"
"Department for Environment Food & Rural Affairs","Department for Environment, Food and Rural Affairs","FOOD FARMING AND BIOSECURITY DG OFFICE DIRECTORATE","200268","G6","65430","70690","Senior Manager","<5","Project Management Delivery","NORTH EAST"
"Department for Environment Food & Rural Affairs","Department for Environment, Food and Rural Affairs","LIVESTOCK INFORMATION TRANSFORMATION DIRECTORATE","200268","G6","65430","70690","Senior Manager","<5","Project Management Delivery","SOUTH WEST"
"Department for Environment Food & Rural Affairs","Department for Environment, Food and Rural Affairs","HUMAN RESOURCES DIRECTORATE","200296","G6","65430","70690","Senior Manager","<5","Human Resources","SOUTH WEST"
"Department for Environment Food & Rural Affairs","Department for Environment, Food and Rural Affairs","HUMAN RESOURCES DIRECTORATE","200296","G6","65430","70690","Senior Manager","<5","Other","Unknown"
"Department for Environment Food & Rural Affairs","Department for Environment, Food and Rural Affairs","HUMAN RESOURCES DIRECTORATE","200296","G6","65430","70690","Senior Manager","<5","Other","UNKNOWN"
"Department for Environment Food & Rural Affairs","Department for Environment, Food and Rural Affairs","HUMAN RESOURCES DIRECTORATE","200296","G6","65430","70690","Senior Manager","<5","Human Resources","SOUTH EAST"
"Department for Environment Food & Rural Affairs","Department for Environment, Food and Rural Affairs","PEPR DIRECTORATE","200238","G6","65430","70690","Senior Manager","<5","Finance","NORTH EAST"
"Department for Environment Food & Rural Affairs","Department for Environment, Food and Rural Affairs","CHANGE DELIVERY DIRECTORATE","200048","G6","65430","70690","Senior Manager","<5","Operational Delivery","Unknown"
"Department for Environment Food & Rural Affairs","Department for Environment, Food and Rural Affairs","HUMAN RESOURCES DIRECTORATE","200018","G6","65430","70690","Senior Manager","<5","Human Resources","Unknown"
"Department for Environment Food & Rural Affairs","Department for Environment, Food and Rural Affairs","HUMAN RESOURCES DIRECTORATE","200018","G6","65430","70690","Senior Manager","<5","Human Resources","YORKSHIRE AND THE HUMBER"
"Department for Environment Food & Rural Affairs","Department for Environment, Food and Rural Affairs","GCS STRATEGY, PARTNERSHIPS AND OPERATIONS DIRECTORATE","200071","G6","65430","70690","Senior Manager","<5","Project Management Delivery","SOUTH WEST"
"Department for Environment Food & Rural Affairs","Department for Environment, Food and Rural Affairs","GCS STRATEGY, PARTNERSHIPS AND OPERATIONS DIRECTORATE","200071","G6","65430","70690","Senior Manager","<5","Project Management Delivery","Unknown"
"Department for Environment Food & Rural Affairs","Department for Environment, Food and Rural Affairs","HUMAN RESOURCES DIRECTORATE","200283","G6","65430","70690","Senior Manager","<5","Human Resources","NORTH WEST"
"Department for Environment Food & Rural Affairs","Department for Environment, Food and Rural Affairs","TRADE DELIVERY DIRECTORATE","200116","G6","65430","70690","Senior Manager","<5","Project Management Delivery","Unknown"
"Department for Environment Food & Rural Affairs","Department for Environment, Food and Rural Affairs","COMMUNICATIONS DIRECTORATE","200252","G6","65430","70690","Senior Manager","<5","Communications","SOUTH WEST"
"Department for Environment Food & Rural Affairs","Department for Environment, Food and Rural Affairs","ANIMAL AND PLANT HEALTH DIRECTORATE","200246","G6","65430","70690","Senior Manager","<5","Veterinary","SCOTLAND"
"Department for Environment Food & Rural Affairs","Department for Environment, Food and Rural Affairs","ANIMAL AND PLANT HEALTH DIRECTORATE","200246","G6","65430","70690","Senior Manager","<5","Veterinary","NORTH EAST"
"Department for Environment Food & Rural Affairs","Department for Environment, Food and Rural Affairs","COMMUNICATIONS DIRECTORATE","200200","G6","65430","70690","Senior Manager","<5","Communications","WEST MIDLANDS"
"Department for Environment Food & Rural Affairs","Department for Environment, Food and Rural Affairs","COMMUNICATIONS DIRECTORATE","200200","G6","65430","70690","Senior Manager","<5","Communications","SOUTH WEST"
"Department for Environment Food & Rural Affairs","Department for Environment, Food and Rural Affairs","COMMUNICATIONS DIRECTORATE","200200","G6","65430","70690","Senior Manager","<5","Communications","Unknown"
"Department for Environment Food & Rural Affairs","Department for Environment, Food and Rural Affairs","SCIENCE DIRECTORATE","200112","G6","65430","70690","Senior Manager","<5","Science and Engineering","Unknown"
"Department for Environment Food & Rural Affairs","Department for Environment, Food and Rural Affairs","COMMUNICATIONS DIRECTORATE","200119","G6","65430","70690","Senior Manager","<5","Communications","SOUTH WEST"
"Department for Environment Food & Rural Affairs","Department for Environment, Food and Rural Affairs","WATER AND FLOOD MANAGEMENT DIRECTORATE","200311","G7","54470","59900","Team Manager","<5","Social Research","NORTH EAST"
"Department for Environment Food & Rural Affairs","Department for Environment, Food and Rural Affairs","WATER AND FLOOD MANAGEMENT DIRECTORATE","200311","G7","54470","59900","Team Manager","<5","Economic","SOUTH WEST"
"Department for Environment Food & Rural Affairs","Department for Environment, Food and Rural Affairs","FARMING DIRECTORATE - ADMIN COSTS","200129","G7","54470","59900","Team Manager","<5","Social Research","SOUTH WEST"
"Department for Environment Food & Rural Affairs","Department for Environment, Food and Rural Affairs","CIRCULAR ECONOMY DIRECTORATE","200232","G7","54470","59900","Team Manager","<5","Social Research","SOUTH WEST"
"Department for Environment Food & Rural Affairs","Department for Environment, Food and Rural Affairs","TRADE DELIVERY DIRECTORATE","200161","G7","54470","59900","Team Manager","<5","Project Management Delivery","NORTH EAST"
"Department for Environment Food & Rural Affairs","Department for Environment, Food and Rural Affairs","ANIMAL AND PLANT HEALTH DIRECTORATE","200118","G7","54470","59900","Team Manager","<5","Science and Engineering","YORKSHIRE AND THE HUMBER"
"Department for Environment Food & Rural Affairs","Department for Environment, Food and Rural Affairs","ANIMAL AND PLANT HEALTH DIRECTORATE","200118","G7","54470","59900","Team Manager","<5","Statistics","SOUTH WEST"
"Department for Environment Food & Rural Affairs","Department for Environment, Food and Rural Affairs","HUMAN RESOURCES DIRECTORATE","200062","G7","54470","59900","Team Manager","<5","Human Resources","SOUTH WEST"
"Department for Environment Food & Rural Affairs","Department for Environment, Food and Rural Affairs","HUMAN RESOURCES DIRECTORATE","200062","G7","54470","59900","Team Manager","<5","Human Resources","Unknown"
"Department for Environment Food & Rural Affairs","Department for Environment, Food and Rural Affairs","HUMAN RESOURCES DIRECTORATE","200062","G7","54470","59900","Team Manager","<5","Human Resources","SOUTH EAST"
"Department for Environment Food & Rural Affairs","Department for Environment, Food and Rural Affairs","HUMAN RESOURCES DIRECTORATE","200062","G7","54470","59900","Team Manager","<5","Human Resources","NORTH WEST"
"Department for Environment Food & Rural Affairs","Department for Environment, Food and Rural Affairs","AGRI FOOD CHAIN DIRECTORATE","200332","G7","54470","59900","Team Manager","<5","Project Management Delivery","YORKSHIRE AND THE HUMBER"
"Department for Environment Food & Rural Affairs","Department for Environment, Food and Rural Affairs","MARINE AND FISHERIES DIRECTORATE","200115","G7","54470","59900","Team Manager","<5","Science and Engineering","YORKSHIRE AND THE HUMBER"
"Department for Environment Food & Rural Affairs","Department for Environment, Food and Rural Affairs","ENV QUALITY, INFRASTRUCTURE & PLANNING DIRECTORATE","200135","G7","54470","59900","Team Manager","<5","Science and Engineering","Unknown"
"Department for Environment Food & Rural Affairs","Department for Environment, Food and Rural Affairs","ENV QUALITY, INFRASTRUCTURE & PLANNING DIRECTORATE","200135","G7","54470","59900","Team Manager","<5","Finance","SOUTH EAST"
"Department for Environment Food & Rural Affairs","Department for Environment, Food and Rural Affairs","DEFRA GROUP PROPERTY DIRECTORATE","200313","G7","54470","59900","Team Manager","<5","Operational Delivery","NORTH EAST"
"Department for Environment Food & Rural Affairs","Department for Environment, Food and Rural Affairs","DEFRA GROUP PROPERTY DIRECTORATE","200313","G7","54470","59900","Team Manager","<5","Project Management Delivery","WEST MIDLANDS"
"Department for Environment Food & Rural Affairs","Department for Environment, Food and Rural Affairs","DEFRA GROUP PROPERTY DIRECTORATE","200313","G7","54470","59900","Team Manager","<5","Operational Delivery","SOUTH EAST"
"Department for Environment Food & Rural Affairs","Department for Environment, Food and Rural Affairs","OFFICE OF THE CHIEF DATA OFFICER DIRECTORATE","200259","G7","54470","59900","Team Manager","<5","Knowledge and Information Management","SOUTH EAST"
"Department for Environment Food & Rural Affairs","Department for Environment, Food and Rural Affairs","OFFICE OF THE CHIEF DATA OFFICER DIRECTORATE","200259","G7","54470","59900","Team Manager","<5","Digital  Data and Technology","NORTH WEST"
"Department for Environment Food & Rural Affairs","Department for Environment, Food and Rural Affairs","ANIMAL AND PLANT HEALTH DIRECTORATE","200110","G7","54470","59900","Team Manager","<5","Veterinary","WALES"
"Department for Environment Food & Rural Affairs","Department for Environment, Food and Rural Affairs","HUMAN RESOURCES DIRECTORATE","200173","G7","54470","59900","Team Manager","<5","Human Resources","NORTH WEST"
"Department for Environment Food & Rural Affairs","Department for Environment, Food and Rural Affairs","HUMAN RESOURCES DIRECTORATE","200173","G7","54470","59900","Team Manager","<5","Human Resources","Unknown"
"Department for Environment Food & Rural Affairs","Department for Environment, Food and Rural Affairs","HUMAN RESOURCES DIRECTORATE","200173","G7","54470","59900","Team Manager","<5","Human Resources","NORTH EAST"
"Department for Environment Food & Rural Affairs","Department for Environment, Food and Rural Affairs","ENV QUALITY, INFRASTRUCTURE & PLANNING DIRECTORATE","200109","G7","54470","59900","Team Manager","<5","Project Management Delivery","Unknown"
"Department for Environment Food & Rural Affairs","Department for Environment, Food and Rural Affairs","DEFRA GROUP PROPERTY DIRECTORATE","200300","G7","54470","59900","Team Manager","<5","Property","Unknown"
"Department for Environment Food & Rural Affairs","Department for Environment, Food and Rural Affairs","DEFRA GROUP PROPERTY DIRECTORATE","200300","G7","54470","59900","Team Manager","<5","Commercial and Procurement","YORKSHIRE AND THE HUMBER"
"Department for Environment Food & Rural Affairs","Department for Environment, Food and Rural Affairs","DEFRA GROUP PROPERTY DIRECTORATE","200300","G7","54470","59900","Team Manager","<5","Property","UNKNOWN"
"Department for Environment Food & Rural Affairs","Department for Environment, Food and Rural Affairs","DEFRA GROUP PROPERTY DIRECTORATE","200300","G7","54470","59900","Team Manager","<5","Operational Delivery","Unknown"
"Department for Environment Food & Rural Affairs","Department for Environment, Food and Rural Affairs","DEFRA GROUP PROPERTY DIRECTORATE","200300","G7","54470","59900","Team Manager","<5","Property","SOUTH EAST"
"Department for Environment Food & Rural Affairs","Department for Environment, Food and Rural Affairs","DEFRA GROUP PROPERTY DIRECTORATE","200300","G7","54470","59900","Team Manager","<5","Operational Delivery","NORTH EAST"
"Department for Environment Food & Rural Affairs","Department for Environment, Food and Rural Affairs","DEFRA GROUP PROPERTY DIRECTORATE","200300","G7","54470","59900","Team Manager","<5","Security","SOUTH EAST"
"Department for Environment Food & Rural Affairs","Department for Environment, Food and Rural Affairs","ANIMAL AND PLANT HEALTH DIRECTORATE","200083","G7","54470","59900","Team Manager","<5","Science and Engineering","WEST MIDLANDS"
"Department for Environment Food & Rural Affairs","Department for Environment, Food and Rural Affairs","MINISTERIAL, GROWTH AND RESILIENCE DIRECTORATE","200194","G7","54470","59900","Team Manager","<5","Digital  Data and Technology","Unknown"
"Department for Environment Food & Rural Affairs","Department for Environment, Food and Rural Affairs","CIRCULAR ECONOMY DIRECTORATE","200147","G7","54470","59900","Team Manager","<5","Digital  Data and Technology","UNKNOWN"
"Department for Environment Food & Rural Affairs","Department for Environment, Food and Rural Affairs","CIRCULAR ECONOMY DIRECTORATE","200147","G7","54470","59900","Team Manager","<5","Project Management Delivery","WALES"
"Department for Environment Food & Rural Affairs","Department for Environment, Food and Rural Affairs","CIRCULAR ECONOMY DIRECTORATE","200147","G7","54470","59900","Team Manager","<5","Other","NORTH WEST"
"Department for Environment Food & Rural Affairs","Department for Environment, Food and Rural Affairs","ANALYSIS DIRECTORATE","200060","G7","54470","59900","Team Manager","<5","Project Management Delivery","NORTH EAST"
"Department for Environment Food & Rural Affairs","Department for Environment, Food and Rural Affairs","ANIMAL AND PLANT HEALTH DIRECTORATE","200004","G7","54470","59900","Team Manager","<5","Medical","Unknown"
"Department for Environment Food & Rural Affairs","Department for Environment, Food and Rural Affairs","TRADE DELIVERY DIRECTORATE","200185","G7","54470","59900","Team Manager","<5","Project Management Delivery","NORTH EAST"
"Department for Environment Food & Rural Affairs","Department for Environment, Food and Rural Affairs","TRADE DELIVERY DIRECTORATE","200185","G7","54470","59900","Team Manager","<5","Project Management Delivery","Unknown"
"Department for Environment Food & Rural Affairs","Department for Environment, Food and Rural Affairs","GCS STRATEGY, PARTNERSHIPS AND OPERATIONS DIRECTORATE","200306","G7","54470","59900","Team Manager","<5","Knowledge and Information Management","Unknown"
"Department for Environment Food & Rural Affairs","Department for Environment, Food and Rural Affairs","GCS STRATEGY, PARTNERSHIPS AND OPERATIONS DIRECTORATE","200306","G7","54470","59900","Team Manager","<5","Digital  Data and Technology","Unknown"
"Department for Environment Food & Rural Affairs","Department for Environment, Food and Rural Affairs","EU AND INTERNATIONAL TRADE DIRECTORATE","200328","G7","54470","59900","Team Manager","<5","International Trade and Negotiation","YORKSHIRE AND THE HUMBER"
"Department for Environment Food & Rural Affairs","Department for Environment, Food and Rural Affairs","ENV QUALITY, INFRASTRUCTURE & PLANNING DIRECTORATE","200134","G7","54470","59900","Team Manager","<5","Digital  Data and Technology","EAST MIDLANDS"
"Department for Environment Food & Rural Affairs","Department for Environment, Food and Rural Affairs","WATER AND FLOOD MANAGEMENT DIRECTORATE","200128","G7","54470","59900","Team Manager","<5","Planning","NORTH EAST"
"Department for Environment Food & Rural Affairs","Department for Environment, Food and Rural Affairs","EU RESET STRATEGY & LEGISLATION DIRECTORATE","200214","G7","54470","59900","Team Manager","<5","Economic","SOUTH WEST"
"Department for Environment Food & Rural Affairs","Department for Environment, Food and Rural Affairs","TRADE DELIVERY DIRECTORATE","200214","G7","54470","59900","Team Manager","<5","Project Management Delivery","SOUTH EAST"
"Department for Environment Food & Rural Affairs","Department for Environment, Food and Rural Affairs","AGRI FOOD CHAIN DIRECTORATE","200090","G7","54470","59900","Team Manager","<5","Statistics","YORKSHIRE AND THE HUMBER"
"Department for Environment Food & Rural Affairs","Department for Environment, Food and Rural Affairs","AGRI FOOD CHAIN DIRECTORATE","200090","G7","54470","59900","Team Manager","<5","Economic","Unknown"
"Department for Environment Food & Rural Affairs","Department for Environment, Food and Rural Affairs","COMMUNICATIONS DIRECTORATE","200288","G7","54470","59900","Team Manager","<5","Communications","SOUTH WEST"
"Department for Environment Food & Rural Affairs","Department for Environment, Food and Rural Affairs","OFFICIAL DEVELOPMENT ASSISTANCE DIRECTORATE","200263","G7","54470","59900","Team Manager","<5","Operational Delivery","YORKSHIRE AND THE HUMBER"
"Department for Environment Food & Rural Affairs","Department for Environment, Food and Rural Affairs","DEFRA GROUP PROPERTY DIRECTORATE","200277","G7","54470","59900","Team Manager","<5","Operational Delivery","SOUTH EAST"
"Department for Environment Food & Rural Affairs","Department for Environment, Food and Rural Affairs","DEFRA GROUP PROPERTY DIRECTORATE","200277","G7","54470","59900","Team Manager","<5","Property","Unknown"
"Department for Environment Food & Rural Affairs","Department for Environment, Food and Rural Affairs","DEFRA GROUP PROPERTY DIRECTORATE","200277","G7","54470","59900","Team Manager","<5","Property","SOUTH EAST"
"Department for Environment Food & Rural Affairs","Department for Environment, Food and Rural Affairs","EU AND INTERNATIONAL TRADE DIRECTORATE","200105","G7","54470","59900","Team Manager","<5","International Trade and Negotiation","SOUTH WEST"
"Department for Environment Food & Rural Affairs","Department for Environment, Food and Rural Affairs","STRATEGY, GOVERNANCE & CLIMATE DIRECTORATE","200298","G7","54470","59900","Team Manager","<5","Communications","Unknown"
"Department for Environment Food & Rural Affairs","Department for Environment, Food and Rural Affairs","GCS STRATEGY, PARTNERSHIPS AND OPERATIONS DIRECTORATE","200253","G7","54470","59900","Team Manager","<5","Digital  Data and Technology","YORKSHIRE AND THE HUMBER"
"Department for Environment Food & Rural Affairs","Department for Environment, Food and Rural Affairs","BIODIVERSITY, LAND USE & INVESTMENT DIRECTORATE","200269","G7","54470","59900","Team Manager","<5","Project Management Delivery","Unknown"
"Department for Environment Food & Rural Affairs","Department for Environment, Food and Rural Affairs","DEFRA GROUP PROPERTY DIRECTORATE","200049","G7","54470","59900","Team Manager","<5","Property","SOUTH WEST"
"Department for Environment Food & Rural Affairs","Department for Environment, Food and Rural Affairs","DEFRA GROUP PROPERTY DIRECTORATE","200049","G7","54470","59900","Team Manager","<5","Project Management Delivery","Unknown"
"Department for Environment Food & Rural Affairs","Department for Environment, Food and Rural Affairs","DEFRA GROUP PROPERTY DIRECTORATE","200049","G7","54470","59900","Team Manager","<5","Property","WEST MIDLANDS"
"Department for Environment Food & Rural Affairs","Department for Environment, Food and Rural Affairs","DEFRA GROUP PROPERTY DIRECTORATE","200049","G7","54470","59900","Team Manager","<5","Project Management Delivery","SOUTH EAST"
"Department for Environment Food & Rural Affairs","Department for Environment, Food and Rural Affairs","DEFRA GROUP PROPERTY DIRECTORATE","200049","G7","54470","59900","Team Manager","<5","Project Management Delivery","WEST MIDLANDS"
"Department for Environment Food & Rural Affairs","Department for Environment, Food and Rural Affairs","HUMAN RESOURCES DIRECTORATE","200010","G7","54470","59900","Team Manager","<5","Human Resources","SOUTH EAST"
"Department for Environment Food & Rural Affairs","Department for Environment, Food and Rural Affairs","HUMAN RESOURCES DIRECTORATE","200010","G7","54470","59900","Team Manager","<5","Human Resources","Unknown"
"Department for Environment Food & Rural Affairs","Department for Environment, Food and Rural Affairs","PORTFOLIO DIRECTORATE","200338","G7","54470","59900","Team Manager","<5","Project Management Delivery","SOUTH WEST"
"Department for Environment Food & Rural Affairs","Department for Environment, Food and Rural Affairs","PORTFOLIO DIRECTORATE","200338","G7","54470","59900","Team Manager","<5","Project Management Delivery","YORKSHIRE AND THE HUMBER"
"Department for Environment Food & Rural Affairs","Department for Environment, Food and Rural Affairs","PORTFOLIO DIRECTORATE","200338","G7","54470","59900","Team Manager","<5","Operational Delivery","EAST MIDLANDS"
"Department for Environment Food & Rural Affairs","Department for Environment, Food and Rural Affairs","TRADE DELIVERY DIRECTORATE","200012","G7","54470","59900","Team Manager","<5","Finance","NORTHERN IRELAND"
"Department for Environment Food & Rural Affairs","Department for Environment, Food and Rural Affairs","DEFRA GROUP PROPERTY DIRECTORATE","200186","G7","54470","59900","Team Manager","<5","Communications","Unknown"
"Department for Environment Food & Rural Affairs","Department for Environment, Food and Rural Affairs","WATER AND FLOOD MANAGEMENT DIRECTORATE","200145","G7","54470","59900","Team Manager","<5","Risk","Unknown"
"Department for Environment Food & Rural Affairs","Department for Environment, Food and Rural Affairs","HUMAN RESOURCES DIRECTORATE","200324","G7","54470","59900","Team Manager","<5","Human Resources","WEST MIDLANDS"
"Department for Environment Food & Rural Affairs","Department for Environment, Food and Rural Affairs","HUMAN RESOURCES DIRECTORATE","200324","G7","54470","59900","Team Manager","<5","Human Resources","Unknown"
"Department for Environment Food & Rural Affairs","Department for Environment, Food and Rural Affairs","HUMAN RESOURCES DIRECTORATE","200324","G7","54470","59900","Team Manager","<5","Human Resources","SOUTH WEST"
"Department for Environment Food & Rural Affairs","Department for Environment, Food and Rural Affairs","HUMAN RESOURCES DIRECTORATE","200324","G7","54470","59900","Team Manager","<5","Human Resources","NORTH WEST"
"Department for Environment Food & Rural Affairs","Department for Environment, Food and Rural Affairs","DEFRA GROUP PROPERTY DIRECTORATE","200299","G7","54470","59900","Team Manager","<5","Science and Engineering","SOUTH EAST"
"Department for Environment Food & Rural Affairs","Department for Environment, Food and Rural Affairs","DEFRA GROUP PROPERTY DIRECTORATE","200299","G7","54470","59900","Team Manager","<5","Property","YORKSHIRE AND THE HUMBER"
"Department for Environment Food & Rural Affairs","Department for Environment, Food and Rural Affairs","DEFRA GROUP PROPERTY DIRECTORATE","200299","G7","54470","59900","Team Manager","<5","Other","SOUTH EAST"
"Department for Environment Food & Rural Affairs","Department for Environment, Food and Rural Affairs","DEFRA GROUP PROPERTY DIRECTORATE","200299","G7","54470","59900","Team Manager","<5","Science and Engineering","EAST MIDLANDS"
"Department for Environment Food & Rural Affairs","Department for Environment, Food and Rural Affairs","DEFRA GROUP PROPERTY DIRECTORATE","200299","G7","54470","59900","Team Manager","<5","Operational Delivery","SOUTH EAST"
"Department for Environment Food & Rural Affairs","Department for Environment, Food and Rural Affairs","DEFRA GROUP PROPERTY DIRECTORATE","200299","G7","54470","59900","Team Manager","<5","Internal Audit","SOUTH EAST"
"Department for Environment Food & Rural Affairs","Department for Environment, Food and Rural Affairs","INTERNATIONAL BIODIVERSITY AND CLIMATE DIRECTORATE","200236","G7","54470","59900","Team Manager","<5","Science and Engineering","Unknown"
"Department for Environment Food & Rural Affairs","Department for Environment, Food and Rural Affairs","PEPR DIRECTORATE","200329","G7","54470","59900","Team Manager","<5","Project Management Delivery","SOUTH WEST"
"Department for Environment Food & Rural Affairs","Department for Environment, Food and Rural Affairs","DEFRA GROUP PROPERTY DIRECTORATE","200189","G7","54470","59900","Team Manager","<5","Project Management Delivery","YORKSHIRE AND THE HUMBER"
"Department for Environment Food & Rural Affairs","Department for Environment, Food and Rural Affairs","HUMAN RESOURCES DIRECTORATE","200172","G7","54470","59900","Team Manager","<5","Human Resources","EAST OF ENGLAND"
"Department for Environment Food & Rural Affairs","Department for Environment, Food and Rural Affairs","HUMAN RESOURCES DIRECTORATE","200172","G7","54470","59900","Team Manager","<5","Human Resources","Unknown"
"Department for Environment Food & Rural Affairs","Department for Environment, Food and Rural Affairs","HUMAN RESOURCES DIRECTORATE","200235","G7","54470","59900","Team Manager","<5","Human Resources","NORTH WEST"
"Department for Environment Food & Rural Affairs","Department for Environment, Food and Rural Affairs","HUMAN RESOURCES DIRECTORATE","200235","G7","54470","59900","Team Manager","<5","Human Resources","YORKSHIRE AND THE HUMBER"
"Department for Environment Food & Rural Affairs","Department for Environment, Food and Rural Affairs","HUMAN RESOURCES DIRECTORATE","200323","G7","54470","59900","Team Manager","<5","Human Resources","Unknown"
"Department for Environment Food & Rural Affairs","Department for Environment, Food and Rural Affairs","HUMAN RESOURCES DIRECTORATE","200323","G7","54470","59900","Team Manager","<5","Human Resources","NORTH EAST"
"Department for Environment Food & Rural Affairs","Department for Environment, Food and Rural Affairs","TRADE DELIVERY DIRECTORATE","200219","G7","54470","59900","Team Manager","<5","Project Management Delivery","SOUTH WEST"
"Department for Environment Food & Rural Affairs","Department for Environment, Food and Rural Affairs","OFFICIAL DEVELOPMENT ASSISTANCE DIRECTORATE","200025","G7","54470","59900","Team Manager","<5","Statistics","SOUTH WEST"
"Department for Environment Food & Rural Affairs","Department for Environment, Food and Rural Affairs","EU AND INTERNATIONAL TRADE DIRECTORATE","200108","G7","54470","59900","Team Manager","<5","International Trade and Negotiation","WEST MIDLANDS"
"Department for Environment Food & Rural Affairs","Department for Environment, Food and Rural Affairs","HUMAN RESOURCES DIRECTORATE","200296","G7","54470","59900","Team Manager","<5","Other","Unknown"
"Department for Environment Food & Rural Affairs","Department for Environment, Food and Rural Affairs","HUMAN RESOURCES DIRECTORATE","200296","G7","54470","59900","Team Manager","<5","Human Resources","WEST MIDLANDS"
"Department for Environment Food & Rural Affairs","Department for Environment, Food and Rural Affairs","HUMAN RESOURCES DIRECTORATE","200244","G7","54470","59900","Team Manager","<5","Human Resources","NORTH EAST"
"Department for Environment Food & Rural Affairs","Department for Environment, Food and Rural Affairs","HUMAN RESOURCES DIRECTORATE","200244","G7","54470","59900","Team Manager","<5","Human Resources","YORKSHIRE AND THE HUMBER"
"Department for Environment Food & Rural Affairs","Department for Environment, Food and Rural Affairs","HUMAN RESOURCES DIRECTORATE","200018","G7","54470","59900","Team Manager","<5","Human Resources","EAST OF ENGLAND"
"Department for Environment Food & Rural Affairs","Department for Environment, Food and Rural Affairs","HUMAN RESOURCES DIRECTORATE","200018","G7","54470","59900","Team Manager","<5","Human Resources","SOUTH WEST"
"Department for Environment Food & Rural Affairs","Department for Environment, Food and Rural Affairs","HUMAN RESOURCES DIRECTORATE","200018","G7","54470","59900","Team Manager","<5","Human Resources","NORTH WEST"
"Department for Environment Food & Rural Affairs","Department for Environment, Food and Rural Affairs","GCS STRATEGY, PARTNERSHIPS AND OPERATIONS DIRECTORATE","200071","G7","54470","59900","Team Manager","<5","Project Management Delivery","NORTH EAST"
"Department for Environment Food & Rural Affairs","Department for Environment, Food and Rural Affairs","GCS STRATEGY, PARTNERSHIPS AND OPERATIONS DIRECTORATE","200071","G7","54470","59900","Team Manager","<5","Project Management Delivery","SOUTH WEST"
"Department for Environment Food & Rural Affairs","Department for Environment, Food and Rural Affairs","GCS STRATEGY, PARTNERSHIPS AND OPERATIONS DIRECTORATE","200071","G7","54470","59900","Team Manager","<5","Project Management Delivery","Unknown"
"Department for Environment Food & Rural Affairs","Department for Environment, Food and Rural Affairs","HUMAN RESOURCES DIRECTORATE","200312","G7","54470","59900","Team Manager","<5","Human Resources","SOUTH EAST"
"Department for Environment Food & Rural Affairs","Department for Environment, Food and Rural Affairs","HUMAN RESOURCES DIRECTORATE","200240","G7","54470","59900","Team Manager","<5","Human Resources","YORKSHIRE AND THE HUMBER"
"Department for Environment Food & Rural Affairs","Department for Environment, Food and Rural Affairs","EU RESET STRATEGY & LEGISLATION DIRECTORATE","200335","G7","54470","59900","Team Manager","<5","Communications","SOUTH WEST"
"Department for Environment Food & Rural Affairs","Department for Environment, Food and Rural Affairs","MARINE AND FISHERIES DIRECTORATE","200130","G7","54470","59900","Team Manager","<5","Science and Engineering","SOUTH WEST"
"Department for Environment Food & Rural Affairs","Department for Environment, Food and Rural Affairs","ANIMAL AND PLANT HEALTH DIRECTORATE","200246","G7","54470","59900","Team Manager","<5","Veterinary","SOUTH WEST"
"Department for Environment Food & Rural Affairs","Department for Environment, Food and Rural Affairs","ANIMAL AND PLANT HEALTH DIRECTORATE","200246","G7","54470","59900","Team Manager","<5","Veterinary","WEST MIDLANDS"
"Department for Environment Food & Rural Affairs","Department for Environment, Food and Rural Affairs","ANIMAL AND PLANT HEALTH DIRECTORATE","200246","G7","54470","59900","Team Manager","<5","Veterinary","Unknown"
"Department for Environment Food & Rural Affairs","Department for Environment, Food and Rural Affairs","ANIMAL AND PLANT HEALTH DIRECTORATE","200246","G7","54470","59900","Team Manager","<5","Veterinary","WALES"
"Department for Environment Food & Rural Affairs","Department for Environment, Food and Rural Affairs","ANIMAL AND PLANT HEALTH DIRECTORATE","200246","G7","54470","59900","Team Manager","<5","Veterinary","YORKSHIRE AND THE HUMBER"
"Department for Environment Food & Rural Affairs","Department for Environment, Food and Rural Affairs","EU AND INTERNATIONAL TRADE DIRECTORATE","200318","G7","54470","59900","Team Manager","<5","Economic","Unknown"
"Department for Environment Food & Rural Affairs","Department for Environment, Food and Rural Affairs","EU AND INTERNATIONAL TRADE DIRECTORATE","200318","G7","54470","59900","Team Manager","<5","Social Research","YORKSHIRE AND THE HUMBER"
"Department for Environment Food & Rural Affairs","Department for Environment, Food and Rural Affairs","MINISTERIAL, GROWTH AND RESILIENCE DIRECTORATE","200138","G7","54470","59900","Team Manager","<5","Operational Delivery","Unknown"
"Department for Environment Food & Rural Affairs","Department for Environment, Food and Rural Affairs","STRATEGY, GOVERNANCE & CLIMATE DIRECTORATE","200199","G7","54470","59900","Team Manager","<5","Science and Engineering","SOUTH WEST"
"Department for Environment Food & Rural Affairs","Department for Environment, Food and Rural Affairs","COMMUNICATIONS DIRECTORATE","200200","G7","54470","59900","Team Manager","<5","Communications","NORTH EAST"
"Department for Environment Food & Rural Affairs","Department for Environment, Food and Rural Affairs","TRADE DELIVERY DIRECTORATE","200309","G7","54470","59900","Team Manager","<5","Project Management Delivery","YORKSHIRE AND THE HUMBER"
"Department for Environment Food & Rural Affairs","Department for Environment, Food and Rural Affairs","TRADE DELIVERY DIRECTORATE","200309","G7","54470","59900","Team Manager","<5","Project Management Delivery","Unknown"
"Department for Environment Food & Rural Affairs","Department for Environment, Food and Rural Affairs","COMMUNICATIONS DIRECTORATE","200119","G7","54470","59900","Team Manager","<5","Communications","SOUTH WEST"
"Department for Environment Food & Rural Affairs","Department for Environment, Food and Rural Affairs","COMMUNICATIONS DIRECTORATE","200119","G7","54470","59900","Team Manager","<5","Communications","SOUTH EAST"
"Department for Environment Food & Rural Affairs","Department for Environment, Food and Rural Affairs","ANIMAL AND PLANT HEALTH DIRECTORATE","200118","G7","54470","59900","Team Manager","<5","Science and Engineering","Unknown"
"Department for Environment Food & Rural Affairs","Department for Environment, Food and Rural Affairs","HUMAN RESOURCES DIRECTORATE","200173","G7","54470","59900","Team Manager","<5","Human Resources","YORKSHIRE AND THE HUMBER"
"Department for Environment Food & Rural Affairs","Department for Environment, Food and Rural Affairs","DEFRA GROUP PROPERTY DIRECTORATE","200299","G7","54470","59900","Team Manager","<5","Property","Unknown"
"Department for Environment Food & Rural Affairs","Department for Environment, Food and Rural Affairs","HUMAN RESOURCES DIRECTORATE","200235","G7","54470","59900","Team Manager","<5","Human Resources","SOUTH WEST"
"Department for Environment Food & Rural Affairs","Department for Environment, Food and Rural Affairs","ANALYSIS DIRECTORATE","200281","G7","54470","59900","Team Manager","<5","Social Research","YORKSHIRE AND THE HUMBER"
"Department for Environment Food & Rural Affairs","Department for Environment, Food and Rural Affairs","DEFRA GROUP PROPERTY DIRECTORATE","200078","G7","54470","59900","Team Manager","<5","Property","UNKNOWN"
"Department for Environment Food & Rural Affairs","Department for Environment, Food and Rural Affairs","CIRCULAR ECONOMY DIRECTORATE","200227","G7","54470","59900","Team Manager","<5","Project Management Delivery","YORKSHIRE AND THE HUMBER"
"Department for Environment Food & Rural Affairs","Department for Environment, Food and Rural Affairs","DEFRA GROUP PROPERTY DIRECTORATE","200313","G7","54470","59900","Team Manager","<5","Project Management Delivery","Unknown"
"Department for Environment Food & Rural Affairs","Department for Environment, Food and Rural Affairs","MARINE AND FISHERIES DIRECTORATE","200111","G7","54470","59900","Team Manager","<5","Project Management Delivery","Unknown"
"Department for Environment Food & Rural Affairs","Department for Environment, Food and Rural Affairs","HUMAN RESOURCES DIRECTORATE","200323","G7","54470","59900","Team Manager","<5","Human Resources","NORTH WEST"
"Department for Environment Food & Rural Affairs","Department for Environment, Food and Rural Affairs","ANIMAL AND PLANT HEALTH DIRECTORATE","200104","SEO","41220","44500","Team Leader","<5","Science and Engineering","SOUTH WEST"
"Department for Environment Food & Rural Affairs","Department for Environment, Food and Rural Affairs","DEFRA GROUP PROPERTY DIRECTORATE","200078","SEO","41220","44500","Team Leader","<5","Property","NORTH EAST"
"Department for Environment Food & Rural Affairs","Department for Environment, Food and Rural Affairs","ANIMAL AND PLANT HEALTH DIRECTORATE","200118","SEO","41220","44500","Team Leader","<5","Science and Engineering","YORKSHIRE AND THE HUMBER"
"Department for Environment Food & Rural Affairs","Department for Environment, Food and Rural Affairs","TRADE DELIVERY DIRECTORATE","200256","SEO","41220","44500","Team Leader","<5","Project Management Delivery","NORTH EAST"
"Department for Environment Food & Rural Affairs","Department for Environment, Food and Rural Affairs","HUMAN RESOURCES DIRECTORATE","200173","SEO","41220","44500","Team Leader","<5","Human Resources","NORTH EAST"
"Department for Environment Food & Rural Affairs","Department for Environment, Food and Rural Affairs","DEFRA GROUP PROPERTY DIRECTORATE","200300","SEO","41220","44500","Team Leader","<5","Operational Delivery","YORKSHIRE AND THE HUMBER"
"Department for Environment Food & Rural Affairs","Department for Environment, Food and Rural Affairs","COMMUNICATIONS DIRECTORATE","200288","SEO","41220","44500","Team Leader","<5","Communications","EAST OF ENGLAND"
"Department for Environment Food & Rural Affairs","Department for Environment, Food and Rural Affairs","DEFRA GROUP PROPERTY DIRECTORATE","200277","SEO","41220","44500","Team Leader","<5","Property","Unknown"
"Department for Environment Food & Rural Affairs","Department for Environment, Food and Rural Affairs","EU AND INTERNATIONAL TRADE DIRECTORATE","200108","SEO","41220","44500","Team Leader","<5","International Trade and Negotiation","SOUTH WEST"
"Department for Environment Food & Rural Affairs","Department for Environment, Food and Rural Affairs","COMMUNICATIONS DIRECTORATE","200200","SEO","41220","44500","Team Leader","<5","Communications","EAST MIDLANDS"
"Department for Environment Food & Rural Affairs","Department for Environment, Food and Rural Affairs","SCIENCE DIRECTORATE","200112","SEO","41220","44500","Team Leader","<5","Science and Engineering","YORKSHIRE AND THE HUMBER"
"Department for Environment Food & Rural Affairs","Department for Environment, Food and Rural Affairs","FARMING DIRECTORATE - ADMIN COSTS","200119","SEO","41220","44500","Team Leader","<5","Communications","NORTH EAST"
"Department for Environment Food & Rural Affairs","Department for Environment, Food and Rural Affairs","ANIMAL AND PLANT HEALTH DIRECTORATE","200104","SEO","41220","44500","Team Leader","<5","Science and Engineering","Unknown"
"Department for Environment Food & Rural Affairs","Department for Environment, Food and Rural Affairs","ANIMAL AND PLANT HEALTH DIRECTORATE","200104","SEO","41220","44500","Team Leader","<5","Veterinary","Unknown"
"Department for Environment Food & Rural Affairs","Department for Environment, Food and Rural Affairs","ANIMAL AND PLANT HEALTH DIRECTORATE","200120","SEO","41220","44500","Team Leader","<5","Science and Engineering","SOUTH WEST"
"Department for Environment Food & Rural Affairs","Department for Environment, Food and Rural Affairs","WATER AND FLOOD MANAGEMENT DIRECTORATE","200311","SEO","41220","44500","Team Leader","<5","Statistics","Unknown"
"Department for Environment Food & Rural Affairs","Department for Environment, Food and Rural Affairs","ANALYSIS DIRECTORATE","200155","SEO","41220","44500","Team Leader","<5","Statistics","WEST MIDLANDS"
"Department for Environment Food & Rural Affairs","Department for Environment, Food and Rural Affairs","BIODIVERSITY, LAND USE & INVESTMENT DIRECTORATE","200124","SEO","41220","44500","Team Leader","<5","Data Analysis","YORKSHIRE AND THE HUMBER"
"Department for Environment Food & Rural Affairs","Department for Environment, Food and Rural Affairs","FARMING DIRECTORATE - ADMIN COSTS","200129","SEO","41220","44500","Team Leader","<5","Data Analysis","SOUTH WEST"
"Department for Environment Food & Rural Affairs","Department for Environment, Food and Rural Affairs","FARMING DIRECTORATE - ADMIN COSTS","200129","SEO","41220","44500","Team Leader","<5","Social Research","SCOTLAND"
"Department for Environment Food & Rural Affairs","Department for Environment, Food and Rural Affairs","FARMING DIRECTORATE - ADMIN COSTS","200129","SEO","41220","44500","Team Leader","<5","Social Research","SOUTH WEST"
"Department for Environment Food & Rural Affairs","Department for Environment, Food and Rural Affairs","FARMING DIRECTORATE - ADMIN COSTS","200129","SEO","41220","44500","Team Leader","<5","Science and Engineering","SOUTH EAST"
"Department for Environment Food & Rural Affairs","Department for Environment, Food and Rural Affairs","FARMING DIRECTORATE - ADMIN COSTS","200129","SEO","41220","44500","Team Leader","<5","Social Research","YORKSHIRE AND THE HUMBER"
"Department for Environment Food & Rural Affairs","Department for Environment, Food and Rural Affairs","CIRCULAR ECONOMY DIRECTORATE","200232","SEO","41220","44500","Team Leader","<5","Operational Research","NORTH EAST"
"Department for Environment Food & Rural Affairs","Department for Environment, Food and Rural Affairs","WATER AND FLOOD MANAGEMENT DIRECTORATE","200085","SEO","41220","44500","Team Leader","<5","Science and Engineering","Unknown"
"Department for Environment Food & Rural Affairs","Department for Environment, Food and Rural Affairs","EU AND INTERNATIONAL TRADE DIRECTORATE","200317","SEO","41220","44500","Team Leader","<5","Project Management Delivery","SOUTH WEST"
"Department for Environment Food & Rural Affairs","Department for Environment, Food and Rural Affairs","ANALYSIS DIRECTORATE","200070","SEO","41220","44500","Team Leader","<5","Science and Engineering","WEST MIDLANDS"
"Department for Environment Food & Rural Affairs","Department for Environment, Food and Rural Affairs","ANALYSIS DIRECTORATE","200070","SEO","41220","44500","Team Leader","<5","Science and Engineering","SOUTH EAST"
"Department for Environment Food & Rural Affairs","Department for Environment, Food and Rural Affairs","ANALYSIS DIRECTORATE","200070","SEO","41220","44500","Team Leader","<5","Science and Engineering","YORKSHIRE AND THE HUMBER"
"Department for Environment Food & Rural Affairs","Department for Environment, Food and Rural Affairs","MARINE AND FISHERIES DIRECTORATE","200098","SEO","41220","44500","Team Leader","<5","Planning","NORTH EAST"
"Department for Environment Food & Rural Affairs","Department for Environment, Food and Rural Affairs","ANIMAL AND PLANT HEALTH DIRECTORATE","200118","SEO","41220","44500","Team Leader","<5","Project Management Delivery","NORTH EAST"
"Department for Environment Food & Rural Affairs","Department for Environment, Food and Rural Affairs","HUMAN RESOURCES DIRECTORATE","200062","SEO","41220","44500","Team Leader","<5","Human Resources","SOUTH WEST"
"Department for Environment Food & Rural Affairs","Department for Environment, Food and Rural Affairs","HUMAN RESOURCES DIRECTORATE","200062","SEO","41220","44500","Team Leader","<5","Human Resources","Unknown"
"Department for Environment Food & Rural Affairs","Department for Environment, Food and Rural Affairs","HUMAN RESOURCES DIRECTORATE","200062","SEO","41220","44500","Team Leader","<5","Human Resources","YORKSHIRE AND THE HUMBER"
"Department for Environment Food & Rural Affairs","Department for Environment, Food and Rural Affairs","AGRI FOOD CHAIN DIRECTORATE","200332","SEO","41220","44500","Team Leader","<5","Operational Delivery","Unknown"
"Department for Environment Food & Rural Affairs","Department for Environment, Food and Rural Affairs","AGRI FOOD CHAIN DIRECTORATE","200332","SEO","41220","44500","Team Leader","<5","Project Management Delivery","YORKSHIRE AND THE HUMBER"
"Department for Environment Food & Rural Affairs","Department for Environment, Food and Rural Affairs","CIRCULAR ECONOMY DIRECTORATE","200227","SEO","41220","44500","Team Leader","<5","Other","SOUTH WEST"
"Department for Environment Food & Rural Affairs","Department for Environment, Food and Rural Affairs","CIRCULAR ECONOMY DIRECTORATE","200227","SEO","41220","44500","Team Leader","<5","Project Management Delivery","YORKSHIRE AND THE HUMBER"
"Department for Environment Food & Rural Affairs","Department for Environment, Food and Rural Affairs","MARINE AND FISHERIES DIRECTORATE","200115","SEO","41220","44500","Team Leader","<5","Science and Engineering","SOUTH WEST"
"Department for Environment Food & Rural Affairs","Department for Environment, Food and Rural Affairs","ENV QUALITY, INFRASTRUCTURE & PLANNING DIRECTORATE","200135","SEO","41220","44500","Team Leader","<5","Data Analysis","SOUTH WEST"
"Department for Environment Food & Rural Affairs","Department for Environment, Food and Rural Affairs","DEFRA GROUP PROPERTY DIRECTORATE","200313","SEO","41220","44500","Team Leader","<5","Project Management Delivery","SOUTH EAST"
"Department for Environment Food & Rural Affairs","Department for Environment, Food and Rural Affairs","DEFRA GROUP PROPERTY DIRECTORATE","200313","SEO","41220","44500","Team Leader","<5","Human Resources","EAST MIDLANDS"
"Department for Environment Food & Rural Affairs","Department for Environment, Food and Rural Affairs","ANIMAL AND PLANT HEALTH DIRECTORATE","200089","SEO","41220","44500","Team Leader","<5","International Trade and Negotiation","YORKSHIRE AND THE HUMBER"
"Department for Environment Food & Rural Affairs","Department for Environment, Food and Rural Affairs","OFFICE OF THE CHIEF DATA OFFICER DIRECTORATE","200259","SEO","41220","44500","Team Leader","<5","Knowledge and Information Management","EAST OF ENGLAND"
"Department for Environment Food & Rural Affairs","Department for Environment, Food and Rural Affairs","MARINE AND FISHERIES DIRECTORATE","200111","SEO","41220","44500","Team Leader","<5","Project Management Delivery","Unknown"
"Department for Environment Food & Rural Affairs","Department for Environment, Food and Rural Affairs","HUMAN RESOURCES DIRECTORATE","200173","SEO","41220","44500","Team Leader","<5","Human Resources","Unknown"
"Department for Environment Food & Rural Affairs","Department for Environment, Food and Rural Affairs","WATER AND FLOOD MANAGEMENT DIRECTORATE","200144","SEO","41220","44500","Team Leader","<5","Project Management Delivery","NORTH WEST"
"Department for Environment Food & Rural Affairs","Department for Environment, Food and Rural Affairs","ENV QUALITY, INFRASTRUCTURE & PLANNING DIRECTORATE","200109","SEO","41220","44500","Team Leader","<5","Science and Engineering","SOUTH EAST"
"Department for Environment Food & Rural Affairs","Department for Environment, Food and Rural Affairs","DEFRA GROUP PROPERTY DIRECTORATE","200300","SEO","41220","44500","Team Leader","<5","Property","EAST OF ENGLAND"
"Department for Environment Food & Rural Affairs","Department for Environment, Food and Rural Affairs","DEFRA GROUP PROPERTY DIRECTORATE","200300","SEO","41220","44500","Team Leader","<5","Data Analysis","YORKSHIRE AND THE HUMBER"
"Department for Environment Food & Rural Affairs","Department for Environment, Food and Rural Affairs","DEFRA GROUP PROPERTY DIRECTORATE","200300","SEO","41220","44500","Team Leader","<5","Property","YORKSHIRE AND THE HUMBER"
"Department for Environment Food & Rural Affairs","Department for Environment, Food and Rural Affairs","DEFRA GROUP PROPERTY DIRECTORATE","200300","SEO","41220","44500","Team Leader","<5","Property","WEST MIDLANDS"
"Department for Environment Food & Rural Affairs","Department for Environment, Food and Rural Affairs","DEFRA GROUP PROPERTY DIRECTORATE","200300","SEO","41220","44500","Team Leader","<5","Property","EAST MIDLANDS"
"Department for Environment Food & Rural Affairs","Department for Environment, Food and Rural Affairs","DEFRA GROUP PROPERTY DIRECTORATE","200300","SEO","41220","44500","Team Leader","<5","Commercial and Procurement","NORTH WEST"
"Department for Environment Food & Rural Affairs","Department for Environment, Food and Rural Affairs","DEFRA GROUP PROPERTY DIRECTORATE","200300","SEO","41220","44500","Team Leader","<5","Operational Delivery","EAST OF ENGLAND"
"Department for Environment Food & Rural Affairs","Department for Environment, Food and Rural Affairs","DEFRA GROUP PROPERTY DIRECTORATE","200300","SEO","41220","44500","Team Leader","<5","Operational Delivery","SOUTH EAST"
"Department for Environment Food & Rural Affairs","Department for Environment, Food and Rural Affairs","INTERNATIONAL BIODIVERSITY AND CLIMATE DIRECTORATE","200212","SEO","41220","44500","Team Leader","<5","International Trade and Negotiation","SOUTH WEST"
"Department for Environment Food & Rural Affairs","Department for Environment, Food and Rural Affairs","INTERNATIONAL BIODIVERSITY AND CLIMATE DIRECTORATE","200212","SEO","41220","44500","Team Leader","<5","Operational Delivery","SOUTH EAST"
"Department for Environment Food & Rural Affairs","Department for Environment, Food and Rural Affairs","INTERNATIONAL BIODIVERSITY AND CLIMATE DIRECTORATE","200212","SEO","41220","44500","Team Leader","<5","International Trade and Negotiation","SOUTH EAST"
"Department for Environment Food & Rural Affairs","Department for Environment, Food and Rural Affairs","MARINE AND FISHERIES DIRECTORATE","200289","SEO","41220","44500","Team Leader","<5","Science and Engineering","SOUTH WEST"
"Department for Environment Food & Rural Affairs","Department for Environment, Food and Rural Affairs","MARINE AND FISHERIES DIRECTORATE","200289","SEO","41220","44500","Team Leader","<5","Science and Engineering","Unknown"
"Department for Environment Food & Rural Affairs","Department for Environment, Food and Rural Affairs","ENV QUALITY, INFRASTRUCTURE & PLANNING DIRECTORATE","200082","SEO","41220","44500","Team Leader","<5","Science and Engineering","WALES"
"Department for Environment Food & Rural Affairs","Department for Environment, Food and Rural Affairs","CIRCULAR ECONOMY DIRECTORATE","200147","SEO","41220","44500","Team Leader","<5","Communications","SOUTH WEST"
"Department for Environment Food & Rural Affairs","Department for Environment, Food and Rural Affairs","ANALYSIS DIRECTORATE","200060","SEO","41220","44500","Team Leader","<5","Science and Engineering","WEST MIDLANDS"
"Department for Environment Food & Rural Affairs","Department for Environment, Food and Rural Affairs","FARMING DIRECTORATE - ADMIN COSTS","200195","SEO","41220","44500","Team Leader","<5","Project Management Delivery","NORTH WEST"
"Department for Environment Food & Rural Affairs","Department for Environment, Food and Rural Affairs","FARMING DIRECTORATE - ADMIN COSTS","200195","SEO","41220","44500","Team Leader","<5","Operational Delivery","NORTH EAST"
"Department for Environment Food & Rural Affairs","Department for Environment, Food and Rural Affairs","TRADE DELIVERY DIRECTORATE","200185","SEO","41220","44500","Team Leader","<5","Communications","Unknown"
"Department for Environment Food & Rural Affairs","Department for Environment, Food and Rural Affairs","TRADE DELIVERY DIRECTORATE","200185","SEO","41220","44500","Team Leader","<5","Project Management Delivery","NORTHERN IRELAND"
"Department for Environment Food & Rural Affairs","Department for Environment, Food and Rural Affairs","GCS STRATEGY, PARTNERSHIPS AND OPERATIONS DIRECTORATE","200306","SEO","41220","44500","Team Leader","<5","Knowledge and Information Management","NORTH WEST"
"Department for Environment Food & Rural Affairs","Department for Environment, Food and Rural Affairs","STRATEGY, GOVERNANCE & CLIMATE DIRECTORATE","200014","SEO","41220","44500","Team Leader","<5","Science and Engineering","SOUTH WEST"
"Department for Environment Food & Rural Affairs","Department for Environment, Food and Rural Affairs","STRATEGY, GOVERNANCE & CLIMATE DIRECTORATE","200014","SEO","41220","44500","Team Leader","<5","Statistics","YORKSHIRE AND THE HUMBER"
"Department for Environment Food & Rural Affairs","Department for Environment, Food and Rural Affairs","ENV QUALITY, INFRASTRUCTURE & PLANNING DIRECTORATE","200134","SEO","41220","44500","Team Leader","<5","Science and Engineering","SCOTLAND"
"Department for Environment Food & Rural Affairs","Department for Environment, Food and Rural Affairs","MARINE AND FISHERIES DIRECTORATE","200272","SEO","41220","44500","Team Leader","<5","International Trade and Negotiation","YORKSHIRE AND THE HUMBER"
"Department for Environment Food & Rural Affairs","Department for Environment, Food and Rural Affairs","FARMING DIRECTORATE - ADMIN COSTS","200046","SEO","41220","44500","Team Leader","<5","Project Management Delivery","NORTH EAST"
"Department for Environment Food & Rural Affairs","Department for Environment, Food and Rural Affairs","TRADE DELIVERY DIRECTORATE","200214","SEO","41220","44500","Team Leader","<5","Statistics","NORTHERN IRELAND"
"Department for Environment Food & Rural Affairs","Department for Environment, Food and Rural Affairs","TRADE DELIVERY DIRECTORATE","200214","SEO","41220","44500","Team Leader","<5","Data Analysis","SOUTH WEST"
"Department for Environment Food & Rural Affairs","Department for Environment, Food and Rural Affairs","AGRI FOOD CHAIN DIRECTORATE","200090","SEO","41220","44500","Team Leader","<5","Statistics","YORKSHIRE AND THE HUMBER"
"Department for Environment Food & Rural Affairs","Department for Environment, Food and Rural Affairs","AGRI FOOD CHAIN DIRECTORATE","200090","SEO","41220","44500","Team Leader","<5","Social Research","SOUTH WEST"
"Department for Environment Food & Rural Affairs","Department for Environment, Food and Rural Affairs","COMMUNICATIONS DIRECTORATE","200288","SEO","41220","44500","Team Leader","<5","Communications","NORTH EAST"
"Department for Environment Food & Rural Affairs","Department for Environment, Food and Rural Affairs","COMMUNICATIONS DIRECTORATE","200288","SEO","41220","44500","Team Leader","<5","Communications","SOUTH WEST"
"Department for Environment Food & Rural Affairs","Department for Environment, Food and Rural Affairs","OFFICIAL DEVELOPMENT ASSISTANCE DIRECTORATE","200263","SEO","41220","44500","Team Leader","<5","Project Management Delivery","EAST OF ENGLAND"
"Department for Environment Food & Rural Affairs","Department for Environment, Food and Rural Affairs","DEFRA GROUP PROPERTY DIRECTORATE","200277","SEO","41220","44500","Team Leader","<5","Operational Delivery","NORTH WEST"
"Department for Environment Food & Rural Affairs","Department for Environment, Food and Rural Affairs","DEFRA GROUP PROPERTY DIRECTORATE","200277","SEO","41220","44500","Team Leader","<5","Property","NORTH WEST"
"Department for Environment Food & Rural Affairs","Department for Environment, Food and Rural Affairs","DEFRA GROUP PROPERTY DIRECTORATE","200277","SEO","41220","44500","Team Leader","<5","Other","Unknown"
"Department for Environment Food & Rural Affairs","Department for Environment, Food and Rural Affairs","STRATEGY, GOVERNANCE & CLIMATE DIRECTORATE","200095","SEO","41220","44500","Team Leader","<5","Science and Engineering","SOUTH WEST"
"Department for Environment Food & Rural Affairs","Department for Environment, Food and Rural Affairs","BIODIVERSITY, LAND USE & INVESTMENT DIRECTORATE","200269","SEO","41220","44500","Team Leader","<5","Science and Engineering","YORKSHIRE AND THE HUMBER"
"Department for Environment Food & Rural Affairs","Department for Environment, Food and Rural Affairs","PORTFOLIO DIRECTORATE","200338","SEO","41220","44500","Team Leader","<5","Project Management Delivery","NORTH EAST"
"Department for Environment Food & Rural Affairs","Department for Environment, Food and Rural Affairs","TRADE DELIVERY DIRECTORATE","200012","SEO","41220","44500","Team Leader","<5","Operational Delivery","UNKNOWN"
"Department for Environment Food & Rural Affairs","Department for Environment, Food and Rural Affairs","WATER AND FLOOD MANAGEMENT DIRECTORATE","200145","SEO","41220","44500","Team Leader","<5","Operational Delivery","NORTH WEST"
"Department for Environment Food & Rural Affairs","Department for Environment, Food and Rural Affairs","DEFRA GROUP PROPERTY DIRECTORATE","200299","SEO","41220","44500","Team Leader","<5","Science and Engineering","SOUTH EAST"
"Department for Environment Food & Rural Affairs","Department for Environment, Food and Rural Affairs","INTERNATIONAL BIODIVERSITY AND CLIMATE DIRECTORATE","200236","SEO","41220","44500","Team Leader","<5","Science and Engineering","YORKSHIRE AND THE HUMBER"
"Department for Environment Food & Rural Affairs","Department for Environment, Food and Rural Affairs","PEPR DIRECTORATE","200329","SEO","41220","44500","Team Leader","<5","Project Management Delivery","UNKNOWN"
"Department for Environment Food & Rural Affairs","Department for Environment, Food and Rural Affairs","DEFRA GROUP PROPERTY DIRECTORATE","200189","SEO","41220","44500","Team Leader","<5","Property","YORKSHIRE AND THE HUMBER"
"Department for Environment Food & Rural Affairs","Department for Environment, Food and Rural Affairs","DEFRA GROUP PROPERTY DIRECTORATE","200189","SEO","41220","44500","Team Leader","<5","Other","YORKSHIRE AND THE HUMBER"
"Department for Environment Food & Rural Affairs","Department for Environment, Food and Rural Affairs","DEFRA GROUP PROPERTY DIRECTORATE","200189","SEO","41220","44500","Team Leader","<5","Property","SOUTH WEST"
"Department for Environment Food & Rural Affairs","Department for Environment, Food and Rural Affairs","HUMAN RESOURCES DIRECTORATE","200235","SEO","41220","44500","Team Leader","<5","Project Management Delivery","Unknown"
"Department for Environment Food & Rural Affairs","Department for Environment, Food and Rural Affairs","FARMING DIRECTORATE - ADMIN COSTS","200017","SEO","41220","44500","Team Leader","<5","Operational Delivery","Unknown"
"Department for Environment Food & Rural Affairs","Department for Environment, Food and Rural Affairs","HUMAN RESOURCES DIRECTORATE","200323","SEO","41220","44500","Team Leader","<5","Human Resources","Unknown"
"Department for Environment Food & Rural Affairs","Department for Environment, Food and Rural Affairs","HUMAN RESOURCES DIRECTORATE","200323","SEO","41220","44500","Team Leader","<5","Digital  Data and Technology","SOUTH WEST"
"Department for Environment Food & Rural Affairs","Department for Environment, Food and Rural Affairs","SCIENCE DIRECTORATE","200281","SEO","41220","44500","Team Leader","<5","Social Research","SOUTH WEST"
"Department for Environment Food & Rural Affairs","Department for Environment, Food and Rural Affairs","HUMAN RESOURCES DIRECTORATE","200296","SEO","41220","44500","Team Leader","<5","Human Resources","SOUTH WEST"
"Department for Environment Food & Rural Affairs","Department for Environment, Food and Rural Affairs","HUMAN RESOURCES DIRECTORATE","200296","SEO","41220","44500","Team Leader","<5","Human Resources","Unknown"
"Department for Environment Food & Rural Affairs","Department for Environment, Food and Rural Affairs","HUMAN RESOURCES DIRECTORATE","200296","SEO","41220","44500","Team Leader","<5","Statistics","SOUTH WEST"
"Department for Environment Food & Rural Affairs","Department for Environment, Food and Rural Affairs","HUMAN RESOURCES DIRECTORATE","200296","SEO","41220","44500","Team Leader","<5","Data Analysis","NORTH WEST"
"Department for Environment Food & Rural Affairs","Department for Environment, Food and Rural Affairs","HUMAN RESOURCES DIRECTORATE","200244","SEO","41220","44500","Team Leader","<5","Human Resources","SOUTH WEST"
"Department for Environment Food & Rural Affairs","Department for Environment, Food and Rural Affairs","HUMAN RESOURCES DIRECTORATE","200244","SEO","41220","44500","Team Leader","<5","Human Resources","Unknown"
"Department for Environment Food & Rural Affairs","Department for Environment, Food and Rural Affairs","HUMAN RESOURCES DIRECTORATE","200244","SEO","41220","44500","Team Leader","<5","Human Resources","WEST MIDLANDS"
"Department for Environment Food & Rural Affairs","Department for Environment, Food and Rural Affairs","PEPR DIRECTORATE","200238","SEO","41220","44500","Team Leader","<5","Operational Delivery","SOUTH WEST"
"Department for Environment Food & Rural Affairs","Department for Environment, Food and Rural Affairs","PEPR DIRECTORATE","200238","SEO","41220","44500","Team Leader","<5","Operational Delivery","YORKSHIRE AND THE HUMBER"
"Department for Environment Food & Rural Affairs","Department for Environment, Food and Rural Affairs","PEPR DIRECTORATE","200238","SEO","41220","44500","Team Leader","<5","Operational Delivery","Unknown"
"Department for Environment Food & Rural Affairs","Department for Environment, Food and Rural Affairs","PEPR DIRECTORATE","200238","SEO","41220","44500","Team Leader","<5","Data Analysis","Unknown"
"Department for Environment Food & Rural Affairs","Department for Environment, Food and Rural Affairs","CHANGE DELIVERY DIRECTORATE","200048","SEO","41220","44500","Team Leader","<5","Operational Delivery","Unknown"
"Department for Environment Food & Rural Affairs","Department for Environment, Food and Rural Affairs","CHANGE DELIVERY DIRECTORATE","200048","SEO","41220","44500","Team Leader","<5","Project Management Delivery","SOUTH EAST"
"Department for Environment Food & Rural Affairs","Department for Environment, Food and Rural Affairs","GCS STRATEGY, PARTNERSHIPS AND OPERATIONS DIRECTORATE","200071","SEO","41220","44500","Team Leader","<5","Project Management Delivery","NORTH EAST"
"Department for Environment Food & Rural Affairs","Department for Environment, Food and Rural Affairs","GCS STRATEGY, PARTNERSHIPS AND OPERATIONS DIRECTORATE","200071","SEO","41220","44500","Team Leader","<5","Project Management Delivery","Unknown"
"Department for Environment Food & Rural Affairs","Department for Environment, Food and Rural Affairs","GCS STRATEGY, PARTNERSHIPS AND OPERATIONS DIRECTORATE","200071","SEO","41220","44500","Team Leader","<5","Communications","SOUTH WEST"
"Department for Environment Food & Rural Affairs","Department for Environment, Food and Rural Affairs","COMMUNICATIONS DIRECTORATE","200231","SEO","41220","44500","Team Leader","<5","Operational Delivery","NORTH EAST"
"Department for Environment Food & Rural Affairs","Department for Environment, Food and Rural Affairs","COMMUNICATIONS DIRECTORATE","200252","SEO","41220","44500","Team Leader","<5","Communications","EAST OF ENGLAND"
"Department for Environment Food & Rural Affairs","Department for Environment, Food and Rural Affairs","BIODIVERSITY, LAND USE & INVESTMENT DIRECTORATE","200199","SEO","41220","44500","Team Leader","<5","Project Management Delivery","YORKSHIRE AND THE HUMBER"
"Department for Environment Food & Rural Affairs","Department for Environment, Food and Rural Affairs","COMMUNICATIONS DIRECTORATE","200200","SEO","41220","44500","Team Leader","<5","Communications","YORKSHIRE AND THE HUMBER"
"Department for Environment Food & Rural Affairs","Department for Environment, Food and Rural Affairs","COMMUNICATIONS DIRECTORATE","200200","SEO","41220","44500","Team Leader","<5","Communications","NORTH EAST"
"Department for Environment Food & Rural Affairs","Department for Environment, Food and Rural Affairs","SCIENCE DIRECTORATE","200112","SEO","41220","44500","Team Leader","<5","Science and Engineering","EAST MIDLANDS"
"Department for Environment Food & Rural Affairs","Department for Environment, Food and Rural Affairs","SCIENCE DIRECTORATE","200112","SEO","41220","44500","Team Leader","<5","Science and Engineering","Unknown"
"Department for Environment Food & Rural Affairs","Department for Environment, Food and Rural Affairs","COMMUNICATIONS DIRECTORATE","200119","SEO","41220","44500","Team Leader","<5","Communications","WEST MIDLANDS"
"Department for Environment Food & Rural Affairs","Department for Environment, Food and Rural Affairs","FARMING DIRECTORATE - ADMIN COSTS","200119","SEO","41220","44500","Team Leader","<5","Communications","YORKSHIRE AND THE HUMBER"
"Department for Environment Food & Rural Affairs","Department for Environment, Food and Rural Affairs","COMMUNICATIONS DIRECTORATE","200119","SEO","41220","44500","Team Leader","<5","Communications","SOUTH WEST"
"Department for Environment Food & Rural Affairs","Department for Environment, Food and Rural Affairs","COMMUNICATIONS DIRECTORATE","200119","SEO","41220","44500","Team Leader","<5","Communications","YORKSHIRE AND THE HUMBER"
"Department for Environment Food & Rural Affairs","Department for Environment, Food and Rural Affairs","NATIONAL BIOSECURITY CENTRE DIRECTORATE","200119","SEO","41220","44500","Team Leader","<5","Communications","WEST MIDLANDS"
"Department for Environment Food & Rural Affairs","Department for Environment, Food and Rural Affairs","FARMING DIRECTORATE - ADMIN COSTS","200119","SEO","41220","44500","Team Leader","<5","Communications","Unknown"
"Department for Environment Food & Rural Affairs","Department for Environment, Food and Rural Affairs","HUMAN RESOURCES DIRECTORATE","200062","SEO","41220","44500","Team Leader","<5","Human Resources","WEST MIDLANDS"
"Department for Environment Food & Rural Affairs","Department for Environment, Food and Rural Affairs","CIRCULAR ECONOMY DIRECTORATE","200227","SEO","41220","44500","Team Leader","<5","Project Management Delivery","Unknown"
"Department for Environment Food & Rural Affairs","Department for Environment, Food and Rural Affairs","ENV QUALITY, INFRASTRUCTURE & PLANNING DIRECTORATE","200135","SEO","41220","44500","Team Leader","<5","Science and Engineering","YORKSHIRE AND THE HUMBER"
"Department for Environment Food & Rural Affairs","Department for Environment, Food and Rural Affairs","STRATEGY, GOVERNANCE & CLIMATE DIRECTORATE","200014","SEO","41220","44500","Team Leader","<5","Geography","YORKSHIRE AND THE HUMBER"
"Department for Environment Food & Rural Affairs","Department for Environment, Food and Rural Affairs","PORTFOLIO DIRECTORATE","200338","SEO","41220","44500","Team Leader","<5","Project Management Delivery","SOUTH WEST"
"Department for Environment Food & Rural Affairs","Department for Environment, Food and Rural Affairs","MARINE AND FISHERIES DIRECTORATE","200289","SEO","41220","44500","Team Leader","<5","Social Research","Unknown"
"Department for Environment Food & Rural Affairs","Department for Environment, Food and Rural Affairs","FARMING DIRECTORATE - ADMIN COSTS","200195","SEO","41220","44500","Team Leader","<5","Project Management Delivery","YORKSHIRE AND THE HUMBER"
"Department for Environment Food & Rural Affairs","Department for Environment, Food and Rural Affairs","AGRI FOOD CHAIN DIRECTORATE","200090","SEO","41220","44500","Team Leader","<5","Project Management Delivery","YORKSHIRE AND THE HUMBER"
"Department for Environment Food & Rural Affairs","Department for Environment, Food and Rural Affairs","PORTFOLIO DIRECTORATE","200338","SEO","41220","44500","Team Leader","<5","Project Management Delivery","Unknown"
"Department for Environment Food & Rural Affairs","Department for Environment, Food and Rural Affairs","COMMUNICATIONS DIRECTORATE","200200","SEO","41220","44500","Team Leader","<5","Communications","NORTH WEST"
"Department for Environment Food & Rural Affairs","Department for Environment, Food and Rural Affairs","EU AND INTERNATIONAL TRADE DIRECTORATE","200322","SEO","41220","44500","Team Leader","<5","International Trade and Negotiation","SOUTH WEST"
"Department for Environment Food & Rural Affairs","Department for Environment, Food and Rural Affairs","SCIENCE DIRECTORATE","200112","SEO","41220","44500","Team Leader","<5","Science and Engineering","SOUTH WEST"
"Department for Environment Food & Rural Affairs","Department for Environment, Food and Rural Affairs","ANALYSIS DIRECTORATE","200155","G7","54470","59900","Team Manager","<5","Science and Engineering","YORKSHIRE AND THE HUMBER"
"Department for Environment Food & Rural Affairs","Department for Environment, Food and Rural Affairs","HUMAN RESOURCES DIRECTORATE","200062","G7","54470","59900","Team Manager","<5","Human Resources","YORKSHIRE AND THE HUMBER"
"Department for Environment Food & Rural Affairs","Department for Environment, Food and Rural Affairs","DEFRA GROUP PROPERTY DIRECTORATE","200300","G7","54470","59900","Team Manager","<5","Property","NORTH EAST"
"Department for Environment Food & Rural Affairs","Department for Environment, Food and Rural Affairs","FARMING DIRECTORATE - ADMIN COSTS","200195","G7","54470","59900","Team Manager","<5","Project Management Delivery","NORTH EAST"
"Department for Environment Food & Rural Affairs","Department for Environment, Food and Rural Affairs","ANIMAL AND PLANT HEALTH DIRECTORATE","200004","G7","54470","59900","Team Manager","<5","Economic","YORKSHIRE AND THE HUMBER"
"Department for Environment Food & Rural Affairs","Department for Environment, Food and Rural Affairs","DEFRA GROUP PROPERTY DIRECTORATE","200049","G7","54470","59900","Team Manager","<5","Project Management Delivery","NORTH WEST"
"Department for Environment Food & Rural Affairs","Department for Environment, Food and Rural Affairs","DEFRA GROUP PROPERTY DIRECTORATE","200049","G7","54470","59900","Team Manager","<5","Project Management Delivery","UNKNOWN"
"Department for Environment Food & Rural Affairs","Department for Environment, Food and Rural Affairs","PORTFOLIO DIRECTORATE","200338","G7","54470","59900","Team Manager","<5","Project Management Delivery","NORTH EAST"
"Department for Environment Food & Rural Affairs","Department for Environment, Food and Rural Affairs","TRADE DELIVERY DIRECTORATE","200333","G7","54470","59900","Team Manager","<5","Project Management Delivery","NORTH EAST"
"Department for Environment Food & Rural Affairs","Department for Environment, Food and Rural Affairs","COMMUNICATIONS DIRECTORATE","200252","G7","54470","59900","Team Manager","<5","Communications","EAST OF ENGLAND"
"Department for Environment Food & Rural Affairs","Department for Environment, Food and Rural Affairs","STRATEGY, GOVERNANCE & CLIMATE DIRECTORATE","200014","G7","54470","59900","Team Manager","<5","Science and Engineering","Unknown"
"Department for Environment Food & Rural Affairs","Department for Environment, Food and Rural Affairs","TRADE DELIVERY DIRECTORATE","200205","G7","54470","59900","Team Manager","<5","Project Management Delivery","Unknown"
"Department for Environment Food & Rural Affairs","Department for Environment, Food and Rural Affairs","DEFRA GROUP PROPERTY DIRECTORATE","200078","G6","65430","70690","Senior Manager","<5","Property","Unknown"
"Department for Environment Food & Rural Affairs","Department for Environment, Food and Rural Affairs","FARMING DIRECTORATE - ADMIN COSTS","200129","HEO","33590","37480","Officer","<5","Digital  Data and Technology","SOUTH WEST"
"Department for Environment Food & Rural Affairs","Department for Environment, Food and Rural Affairs","CIRCULAR ECONOMY DIRECTORATE","200232","G6","65430","70690","Senior Manager","<5","Economic","SOUTH WEST"
"Department for Environment Food & Rural Affairs","Department for Environment, Food and Rural Affairs","CIRCULAR ECONOMY DIRECTORATE","200232","HEO","33590","37480","Officer","<5","Operational Research","Unknown"
"Department for Environment Food & Rural Affairs","Department for Environment, Food and Rural Affairs","CIRCULAR ECONOMY DIRECTORATE","200232","EO","28710","32220","Executive Officer","<5","Other","Unknown"
"Department for Environment Food & Rural Affairs","Department for Environment, Food and Rural Affairs","WATER AND FLOOD MANAGEMENT DIRECTORATE","200085","EO","28710","32220","Executive Officer","<5","Data Analysis","Unknown"
"Department for Environment Food & Rural Affairs","Department for Environment, Food and Rural Affairs","EU AND INTERNATIONAL TRADE DIRECTORATE","200317","G6","65430","70690","Senior Manager","<5","Operational Research","SOUTH WEST"
"Department for Environment Food & Rural Affairs","Department for Environment, Food and Rural Affairs","CIRCULAR ECONOMY DIRECTORATE","200227","G6","65430","70690","Senior Manager","<5","Project Management Delivery","YORKSHIRE AND THE HUMBER"
"Department for Environment Food & Rural Affairs","Department for Environment, Food and Rural Affairs","TRADE DELIVERY DIRECTORATE","200215","G6","65430","70690","Senior Manager","<5","Project Management Delivery","SOUTH WEST"
"Department for Environment Food & Rural Affairs","Department for Environment, Food and Rural Affairs","ENV QUALITY, INFRASTRUCTURE & PLANNING DIRECTORATE","200135","EO","28710","32220","Executive Officer","<5","Project Management Delivery","WEST MIDLANDS"
"Department for Environment Food & Rural Affairs","Department for Environment, Food and Rural Affairs","DEFRA GROUP PROPERTY DIRECTORATE","200313","AO","25070","28680","Executive Assistant","<5","Operational Delivery","SOUTH EAST"
"Department for Environment Food & Rural Affairs","Department for Environment, Food and Rural Affairs","DEFRA GROUP PROPERTY DIRECTORATE","200313","AO","25070","28680","Executive Assistant","<5","Operational Delivery","NORTH EAST"
"Department for Environment Food & Rural Affairs","Department for Environment, Food and Rural Affairs","DEFRA GROUP PROPERTY DIRECTORATE","200313","G6","65430","70690","Senior Manager","<5","Project Management Delivery","SOUTH EAST"
"Department for Environment Food & Rural Affairs","Department for Environment, Food and Rural Affairs","DEFRA GROUP PROPERTY DIRECTORATE","200313","EO","28710","32220","Executive Officer","<5","Operational Delivery","EAST OF ENGLAND"
"Department for Environment Food & Rural Affairs","Department for Environment, Food and Rural Affairs","DEFRA GROUP PROPERTY DIRECTORATE","200313","AO","25070","28680","Executive Assistant","<5","Operational Delivery","YORKSHIRE AND THE HUMBER"
"Department for Environment Food & Rural Affairs","Department for Environment, Food and Rural Affairs","OFFICE OF THE CHIEF DATA OFFICER DIRECTORATE","200259","HEO","33590","37480","Officer","<5","Knowledge and Information Management","EAST OF ENGLAND"
"Department for Environment Food & Rural Affairs","Department for Environment, Food and Rural Affairs","OFFICE OF THE CHIEF DATA OFFICER DIRECTORATE","200259","AO","25070","28680","Executive Assistant","<5","Knowledge and Information Management","NORTH EAST"
"Department for Environment Food & Rural Affairs","Department for Environment, Food and Rural Affairs","OFFICE OF THE CHIEF DATA OFFICER DIRECTORATE","200259","HEO","33590","37480","Officer","<5","Knowledge and Information Management","YORKSHIRE AND THE HUMBER"
"Department for Environment Food & Rural Affairs","Department for Environment, Food and Rural Affairs","CIRCULAR ECONOMY DIRECTORATE","200147","HEO","33590","37480","Officer","<5","Communications","NORTH EAST"
"Department for Environment Food & Rural Affairs","Department for Environment, Food and Rural Affairs","NATIONAL BIOSECURITY CENTRE DIRECTORATE","200185","HEO","33590","37480","Officer","<5","Communications","NORTHERN IRELAND"
"Department for Environment Food & Rural Affairs","Department for Environment, Food and Rural Affairs","GCS STRATEGY, PARTNERSHIPS AND OPERATIONS DIRECTORATE","200306","HEO","33590","37480","Officer","<5","Knowledge and Information Management","WEST MIDLANDS"
"Department for Environment Food & Rural Affairs","Department for Environment, Food and Rural Affairs","EU AND INTERNATIONAL TRADE DIRECTORATE","200328","G6","65430","70690","Senior Manager","<5","International Trade and Negotiation","SOUTH WEST"
"Department for Environment Food & Rural Affairs","Department for Environment, Food and Rural Affairs","EU RESET STRATEGY & LEGISLATION DIRECTORATE","200214","G6","65430","70690","Senior Manager","<5","Economic","Unknown"
"Department for Environment Food & Rural Affairs","Department for Environment, Food and Rural Affairs","AGRI FOOD CHAIN DIRECTORATE","200090","AO","25070","28680","Executive Assistant","<5","Data Analysis","SOUTH EAST"
"Department for Environment Food & Rural Affairs","Department for Environment, Food and Rural Affairs","DEFRA GROUP PROPERTY DIRECTORATE","200277","G6","65430","70690","Senior Manager","<5","Other","SOUTH EAST"
"Department for Environment Food & Rural Affairs","Department for Environment, Food and Rural Affairs","STRATEGY, GOVERNANCE & CLIMATE DIRECTORATE","200298","HEO","33590","37480","Officer","<5","Finance","Unknown"
"Department for Environment Food & Rural Affairs","Department for Environment, Food and Rural Affairs","PORTFOLIO DIRECTORATE","200220","G6","65430","70690","Senior Manager","<5","Project Management Delivery","SOUTH WEST"
"Department for Environment Food & Rural Affairs","Department for Environment, Food and Rural Affairs","GCS STRATEGY, PARTNERSHIPS AND OPERATIONS DIRECTORATE","200253","EO","28710","32220","Executive Officer","<5","Other","NORTH WEST"
"Department for Environment Food & Rural Affairs","Department for Environment, Food and Rural Affairs","GCS STRATEGY, PARTNERSHIPS AND OPERATIONS DIRECTORATE","200253","EO","28710","32220","Executive Officer","<5","Other","Unknown"
"Department for Environment Food & Rural Affairs","Department for Environment, Food and Rural Affairs","GCS STRATEGY, PARTNERSHIPS AND OPERATIONS DIRECTORATE","200253","G6","65430","70690","Senior Manager","<5","Other","EAST OF ENGLAND"
"Department for Environment Food & Rural Affairs","Department for Environment, Food and Rural Affairs","GCS STRATEGY, PARTNERSHIPS AND OPERATIONS DIRECTORATE","200253","HEO","33590","37480","Officer","<5","Project Management Delivery","SOUTH WEST"
"Department for Environment Food & Rural Affairs","Department for Environment, Food and Rural Affairs","STRATEGY, GOVERNANCE & CLIMATE DIRECTORATE","200207","HEO","33590","37480","Officer","<5","Other","Unknown"
"Department for Environment Food & Rural Affairs","Department for Environment, Food and Rural Affairs","STRATEGY, GOVERNANCE & CLIMATE DIRECTORATE","200207","EO","28710","32220","Executive Officer","<5","Operational Delivery","YORKSHIRE AND THE HUMBER"
"Department for Environment Food & Rural Affairs","Department for Environment, Food and Rural Affairs","DEFRA GROUP PROPERTY DIRECTORATE","200049","EO","28710","32220","Executive Officer","<5","Project Management Delivery","YORKSHIRE AND THE HUMBER"
"Department for Environment Food & Rural Affairs","Department for Environment, Food and Rural Affairs","PORTFOLIO DIRECTORATE","200338","EO","28710","32220","Executive Officer","<5","Communications","Unknown"
"Department for Environment Food & Rural Affairs","Department for Environment, Food and Rural Affairs","HUMAN RESOURCES DIRECTORATE","200324","HEO","33590","37480","Officer","<5","Human Resources","SOUTH WEST"
"Department for Environment Food & Rural Affairs","Department for Environment, Food and Rural Affairs","DEFRA GROUP PROPERTY DIRECTORATE","200189","G6","65430","70690","Senior Manager","<5","Property","Unknown"
"Department for Environment Food & Rural Affairs","Department for Environment, Food and Rural Affairs","ANALYSIS DIRECTORATE","200282","G6","65430","70690","Senior Manager","<5","Economic","SOUTH WEST"
"Department for Environment Food & Rural Affairs","Department for Environment, Food and Rural Affairs","FARMING DIRECTORATE - ADMIN COSTS","200017","HEO","33590","37480","Officer","<5","Operational Delivery","Unknown"
"Department for Environment Food & Rural Affairs","Department for Environment, Food and Rural Affairs","FARMING DIRECTORATE - ADMIN COSTS","200017","EO","28710","32220","Executive Officer","<5","Knowledge and Information Management","Unknown"
"Department for Environment Food & Rural Affairs","Department for Environment, Food and Rural Affairs","HUMAN RESOURCES DIRECTORATE","200323","EO","28710","32220","Executive Officer","<5","Human Resources","SOUTH WEST"
"Department for Environment Food & Rural Affairs","Department for Environment, Food and Rural Affairs","HUMAN RESOURCES DIRECTORATE","200296","G6","65430","70690","Senior Manager","<5","Human Resources","YORKSHIRE AND THE HUMBER"
"Department for Environment Food & Rural Affairs","Department for Environment, Food and Rural Affairs","TRADE DELIVERY DIRECTORATE","200191","EO","28710","32220","Executive Officer","<5","Operational Delivery","Unknown"
"Department for Environment Food & Rural Affairs","Department for Environment, Food and Rural Affairs","TRADE DELIVERY DIRECTORATE","200191","HEO","33590","37480","Officer","<5","Other","NORTH WEST"
"Department for Environment Food & Rural Affairs","Department for Environment, Food and Rural Affairs","COMMUNICATIONS DIRECTORATE","200231","HEO","33590","37480","Officer","<5","Operational Delivery","EAST OF ENGLAND"
"Department for Environment Food & Rural Affairs","Department for Environment, Food and Rural Affairs","HUMAN RESOURCES DIRECTORATE","200283","G6","65430","70690","Senior Manager","<5","Human Resources","Unknown"
"Department for Environment Food & Rural Affairs","Department for Environment, Food and Rural Affairs","MINISTERIAL, GROWTH AND RESILIENCE DIRECTORATE","200138","HEO","33590","37480","Officer","<5","Knowledge and Information Management","NORTH WEST"
"Department for Environment Food & Rural Affairs","Department for Environment, Food and Rural Affairs","COMMUNICATIONS DIRECTORATE","200200","HEO","33590","37480","Officer","<5","Communications","SOUTH WEST"
"Department for Environment Food & Rural Affairs","Department for Environment, Food and Rural Affairs","SCIENCE DIRECTORATE","200112","G6","65430","70690","Senior Manager","<5","Science and Engineering","YORKSHIRE AND THE HUMBER"
"Department for Environment Food & Rural Affairs","Department for Environment, Food and Rural Affairs","SCIENCE DIRECTORATE","200112","G6","65430","70690","Senior Manager","<5","Operational Research","SOUTH WEST"
"Department for Environment Food & Rural Affairs","Department for Environment, Food and Rural Affairs","SCIENCE DIRECTORATE","200112","G6","65430","70690","Senior Manager","<5","Science and Engineering","NORTH EAST"
"Department for Environment Food & Rural Affairs","Department for Environment, Food and Rural Affairs","COMMUNICATIONS DIRECTORATE","200119","G6","65430","70690","Senior Manager","<5","Communications","WEST MIDLANDS"
"Department for Environment Food & Rural Affairs","Department for Environment, Food and Rural Affairs","ANIMAL AND PLANT HEALTH DIRECTORATE","200120","SEO","41220","44500","Team Leader","<5","Communications","SOUTH WEST"
"Department for Environment Food & Rural Affairs","Department for Environment, Food and Rural Affairs","ANIMAL AND PLANT HEALTH DIRECTORATE","200120","SEO","41220","44500","Team Leader","<5","Project Management Delivery","Unknown"
"Department for Environment Food & Rural Affairs","Department for Environment, Food and Rural Affairs","FARMING DIRECTORATE - ADMIN COSTS","200020","SEO","41220","44500","Team Leader","<5","Social Research","Unknown"
"Department for Environment Food & Rural Affairs","Department for Environment, Food and Rural Affairs","FARMING DIRECTORATE - ADMIN COSTS","200129","SEO","41220","44500","Team Leader","<5","Statistics","Unknown"
"Department for Environment Food & Rural Affairs","Department for Environment, Food and Rural Affairs","FARMING DIRECTORATE - ADMIN COSTS","200129","SEO","41220","44500","Team Leader","<5","Science and Engineering","SOUTH WEST"
"Department for Environment Food & Rural Affairs","Department for Environment, Food and Rural Affairs","DEFRA GROUP PROPERTY DIRECTORATE","200313","SEO","41220","44500","Team Leader","<5","Operational Delivery","Unknown"
"Department for Environment Food & Rural Affairs","Department for Environment, Food and Rural Affairs","HUMAN RESOURCES DIRECTORATE","200173","SEO","41220","44500","Team Leader","<5","Human Resources","YORKSHIRE AND THE HUMBER"
"Department for Environment Food & Rural Affairs","Department for Environment, Food and Rural Affairs","DEFRA GROUP PROPERTY DIRECTORATE","200300","SEO","41220","44500","Team Leader","<5","Property","NORTH WEST"
"Department for Environment Food & Rural Affairs","Department for Environment, Food and Rural Affairs","ENV QUALITY, INFRASTRUCTURE & PLANNING DIRECTORATE","200082","SEO","41220","44500","Team Leader","<5","Social Research","NORTH WEST"
"Department for Environment Food & Rural Affairs","Department for Environment, Food and Rural Affairs","TRADE DELIVERY DIRECTORATE","200185","SEO","41220","44500","Team Leader","<5","Project Management Delivery","Unknown"
"Department for Environment Food & Rural Affairs","Department for Environment, Food and Rural Affairs","COMMUNICATIONS DIRECTORATE","200288","SEO","41220","44500","Team Leader","<5","Communications","SOUTH EAST"
"Department for Environment Food & Rural Affairs","Department for Environment, Food and Rural Affairs","DEFRA GROUP PROPERTY DIRECTORATE","200277","SEO","41220","44500","Team Leader","<5","Property","EAST OF ENGLAND"
"Department for Environment Food & Rural Affairs","Department for Environment, Food and Rural Affairs","GCS STRATEGY, PARTNERSHIPS AND OPERATIONS DIRECTORATE","200253","SEO","41220","44500","Team Leader","<5","Operational Research","WEST MIDLANDS"
"Department for Environment Food & Rural Affairs","Department for Environment, Food and Rural Affairs","DEFRA GROUP PROPERTY DIRECTORATE","200049","SEO","41220","44500","Team Leader","<5","Project Management Delivery","SOUTH EAST"
"Department for Environment Food & Rural Affairs","Department for Environment, Food and Rural Affairs","HUMAN RESOURCES DIRECTORATE","200296","SEO","41220","44500","Team Leader","<5","Human Resources","WEST MIDLANDS"
"Department for Environment Food & Rural Affairs","Department for Environment, Food and Rural Affairs","PEPR DIRECTORATE","200238","SEO","41220","44500","Team Leader","<5","Counter Fraud","NORTH EAST"
"Department for Environment Food & Rural Affairs","Department for Environment, Food and Rural Affairs","COMMUNICATIONS DIRECTORATE","200252","SEO","41220","44500","Team Leader","<5","Communications","NORTH WEST"
"Department for Environment Food & Rural Affairs","Department for Environment, Food and Rural Affairs","MARINE AND FISHERIES DIRECTORATE","200130","SEO","41220","44500","Team Leader","<5","Communications","Unknown"
"Department for Environment Food & Rural Affairs","Department for Environment, Food and Rural Affairs","COMMUNICATIONS DIRECTORATE","200119","SEO","41220","44500","Team Leader","<5","Communications","NORTH WEST"
"Department for Environment Food & Rural Affairs","Department for Environment, Food and Rural Affairs","ANIMAL AND PLANT HEALTH DIRECTORATE","200104","G7","54470","59900","Team Manager","<5","Operational Delivery","Unknown"
"Department for Environment Food & Rural Affairs","Department for Environment, Food and Rural Affairs","ANIMAL AND PLANT HEALTH DIRECTORATE","200104","G7","54470","59900","Team Manager","<5","Science and Engineering","NORTH WEST"
"Department for Environment Food & Rural Affairs","Department for Environment, Food and Rural Affairs","ANIMAL AND PLANT HEALTH DIRECTORATE","200120","G7","54470","59900","Team Manager","<5","Statistics","Unknown"
"Department for Environment Food & Rural Affairs","Department for Environment, Food and Rural Affairs","ANALYSIS DIRECTORATE","200155","G7","54470","59900","Team Manager","<5","Statistics","NORTH EAST"
"Department for Environment Food & Rural Affairs","Department for Environment, Food and Rural Affairs","FARMING DIRECTORATE - ADMIN COSTS","200129","G7","54470","59900","Team Manager","<5","Science and Engineering","SOUTH WEST"
"Department for Environment Food & Rural Affairs","Department for Environment, Food and Rural Affairs","CIRCULAR ECONOMY DIRECTORATE","200232","G7","54470","59900","Team Manager","<5","Operational Research","YORKSHIRE AND THE HUMBER"
"Department for Environment Food & Rural Affairs","Department for Environment, Food and Rural Affairs","EU AND INTERNATIONAL TRADE DIRECTORATE","200317","G7","54470","59900","Team Manager","<5","Economic","SOUTH WEST"
"Department for Environment Food & Rural Affairs","Department for Environment, Food and Rural Affairs","ANALYSIS DIRECTORATE","200070","G7","54470","59900","Team Manager","<5","Communications","YORKSHIRE AND THE HUMBER"
"Department for Environment Food & Rural Affairs","Department for Environment, Food and Rural Affairs","COMMUNICATIONS DIRECTORATE","200089","G7","54470","59900","Team Manager","<5","Other","Unknown"
"Department for Environment Food & Rural Affairs","Department for Environment, Food and Rural Affairs","OFFICE OF THE CHIEF DATA OFFICER DIRECTORATE","200259","G7","54470","59900","Team Manager","<5","Knowledge and Information Management","NORTH EAST"
"Department for Environment Food & Rural Affairs","Department for Environment, Food and Rural Affairs","ENV QUALITY, INFRASTRUCTURE & PLANNING DIRECTORATE","200082","G7","54470","59900","Team Manager","<5","Science and Engineering","EAST MIDLANDS"
"Department for Environment Food & Rural Affairs","Department for Environment, Food and Rural Affairs","ANALYSIS DIRECTORATE","200060","G7","54470","59900","Team Manager","<5","Science and Engineering","YORKSHIRE AND THE HUMBER"
"Department for Environment Food & Rural Affairs","Department for Environment, Food and Rural Affairs","ANIMAL AND PLANT HEALTH DIRECTORATE","200004","G7","54470","59900","Team Manager","<5","Economic","SOUTH WEST"
"Department for Environment Food & Rural Affairs","Department for Environment, Food and Rural Affairs","BIODIVERSITY, LAND USE & INVESTMENT DIRECTORATE","200132","G7","54470","59900","Team Manager","<5","Operational Delivery","EAST OF ENGLAND"
"Department for Environment Food & Rural Affairs","Department for Environment, Food and Rural Affairs","STRATEGY, GOVERNANCE & CLIMATE DIRECTORATE","200014","G7","54470","59900","Team Manager","<5","Social Research","Unknown"
"Department for Environment Food & Rural Affairs","Department for Environment, Food and Rural Affairs","BIODIVERSITY, LAND USE & INVESTMENT DIRECTORATE","200127","G7","54470","59900","Team Manager","<5","Operational Delivery","Unknown"
"Department for Environment Food & Rural Affairs","Department for Environment, Food and Rural Affairs","AGRI FOOD CHAIN DIRECTORATE","200090","G7","54470","59900","Team Manager","<5","Statistics","Unknown"
"Department for Environment Food & Rural Affairs","Department for Environment, Food and Rural Affairs","OFFICIAL DEVELOPMENT ASSISTANCE DIRECTORATE","200263","G7","54470","59900","Team Manager","<5","Economic","SOUTH WEST"
"Department for Environment Food & Rural Affairs","Department for Environment, Food and Rural Affairs","GCS STRATEGY, PARTNERSHIPS AND OPERATIONS DIRECTORATE","200253","G7","54470","59900","Team Manager","<5","Other","WEST MIDLANDS"
"Department for Environment Food & Rural Affairs","Department for Environment, Food and Rural Affairs","GCS STRATEGY, PARTNERSHIPS AND OPERATIONS DIRECTORATE","200253","G7","54470","59900","Team Manager","<5","Project Management Delivery","UNKNOWN"
"Department for Environment Food & Rural Affairs","Department for Environment, Food and Rural Affairs","BIODIVERSITY, LAND USE & INVESTMENT DIRECTORATE","200269","G7","54470","59900","Team Manager","<5","Social Research","YORKSHIRE AND THE HUMBER"
"Department for Environment Food & Rural Affairs","Department for Environment, Food and Rural Affairs","HUMAN RESOURCES DIRECTORATE","200172","G7","54470","59900","Team Manager","<5","Human Resources","SOUTH WEST"
"Department for Environment Food & Rural Affairs","Department for Environment, Food and Rural Affairs","HUMAN RESOURCES DIRECTORATE","200323","G7","54470","59900","Team Manager","<5","Human Resources","YORKSHIRE AND THE HUMBER"
"Department for Environment Food & Rural Affairs","Department for Environment, Food and Rural Affairs","HUMAN RESOURCES DIRECTORATE","200296","G7","54470","59900","Team Manager","<5","Other","YORKSHIRE AND THE HUMBER"
"Department for Environment Food & Rural Affairs","Department for Environment, Food and Rural Affairs","HUMAN RESOURCES DIRECTORATE","200296","G7","54470","59900","Team Manager","<5","Other","SOUTH WEST"
"Department for Environment Food & Rural Affairs","Department for Environment, Food and Rural Affairs","GCS STRATEGY, PARTNERSHIPS AND OPERATIONS DIRECTORATE","200071","G7","54470","59900","Team Manager","<5","Risk","NORTH WEST"
"Department for Environment Food & Rural Affairs","Department for Environment, Food and Rural Affairs","TRADE DELIVERY DIRECTORATE","200116","G7","54470","59900","Team Manager","<5","Other","SOUTH WEST"
"Department for Environment Food & Rural Affairs","Department for Environment, Food and Rural Affairs","ANIMAL AND PLANT HEALTH DIRECTORATE","200246","G7","54470","59900","Team Manager","<5","Science and Engineering","SOUTH WEST"
"Department for Environment Food & Rural Affairs","Department for Environment, Food and Rural Affairs","EU AND INTERNATIONAL TRADE DIRECTORATE","200318","G7","54470","59900","Team Manager","<5","Economic","YORKSHIRE AND THE HUMBER"
"Department for Environment Food & Rural Affairs","Department for Environment, Food and Rural Affairs","GROUP STRATEGY DIRECTORATE","200208","G7","54470","59900","Team Manager","<5","Project Management Delivery","Unknown"
"Department for Environment Food & Rural Affairs","Department for Environment, Food and Rural Affairs","SCIENCE DIRECTORATE","200112","G7","54470","59900","Team Manager","<5","Science and Engineering","WALES"
"Department for Environment Food & Rural Affairs","Department for Environment, Food and Rural Affairs","COMMERCIAL DIRECTORATE","200270","HEO","33590","37480","Officer","<5","Commercial and Procurement","Unknown"
"Department for Environment Food & Rural Affairs","Department for Environment, Food and Rural Affairs","COMMERCIAL DIRECTORATE","200270","HEO","33590","37480","Officer","<5","Commercial and Procurement","NORTH EAST"
"Department for Environment Food & Rural Affairs","Department for Environment, Food and Rural Affairs","COMMERCIAL DIRECTORATE","200270","HEO","33590","37480","Officer","<5","Commercial and Procurement","WEST MIDLANDS"
"Department for Environment Food & Rural Affairs","Department for Environment, Food and Rural Affairs","COMMERCIAL DIRECTORATE","200270","HEO","33590","37480","Officer","<5","Commercial and Procurement","YORKSHIRE AND THE HUMBER"
"Department for Environment Food & Rural Affairs","Department for Environment, Food and Rural Affairs","COMMERCIAL DIRECTORATE","200270","HEO","33590","37480","Officer","<5","Commercial and Procurement","NORTH WEST"
"Department for Environment Food & Rural Affairs","Department for Environment, Food and Rural Affairs","COMMERCIAL DIRECTORATE","200270","EO","28710","32220","Executive Officer","<5","Commercial and Procurement","YORKSHIRE AND THE HUMBER"
"Department for Environment Food & Rural Affairs","Department for Environment, Food and Rural Affairs","GCS STRATEGY, PARTNERSHIPS AND OPERATIONS DIRECTORATE","200071","EO","28710","32220","Executive Officer","<5","Knowledge and Information Management","NORTH EAST"
"Department for Environment Food & Rural Affairs","Department for Environment, Food and Rural Affairs","COMMERCIAL DIRECTORATE","200270","EO","28710","32220","Executive Officer","<5","Commercial and Procurement","SOUTH WEST"
"Department for Environment Food & Rural Affairs","Department for Environment, Food and Rural Affairs","COMMERCIAL DIRECTORATE","200270","EO","28710","32220","Executive Officer","<5","Commercial and Procurement","SOUTH EAST"
"Department for Environment Food & Rural Affairs","Department for Environment, Food and Rural Affairs","COMMERCIAL DIRECTORATE","200270","EO","28710","32220","Executive Officer","<5","Commercial and Procurement","EAST OF ENGLAND"
"Department for Environment Food & Rural Affairs","Department for Environment, Food and Rural Affairs","DEFRA GROUP PROPERTY DIRECTORATE","200203","HEO","33590","37480","Officer","<5","Project Management Delivery","SOUTH EAST"
"Department for Environment Food & Rural Affairs","Department for Environment, Food and Rural Affairs","NATIONAL BIOSECURITY CENTRE DIRECTORATE","200029","HEO","33590","37480","Officer","<5","Commercial and Procurement","WALES"
"Department for Environment Food & Rural Affairs","Department for Environment, Food and Rural Affairs","COMMERCIAL DIRECTORATE","200270","HEO","33590","37480","Officer","<5","Commercial and Procurement","EAST MIDLANDS"
"Department for Environment Food & Rural Affairs","Department for Environment, Food and Rural Affairs","DEFRA GROUP PROPERTY DIRECTORATE","200203","G6","65430","70690","Senior Manager","<5","Project Management Delivery","SOUTH EAST"
"Department for Environment Food & Rural Affairs","Department for Environment, Food and Rural Affairs","COMMERCIAL DIRECTORATE","200270","G7","54470","59900","Team Manager","<5","Commercial and Procurement","SOUTH WEST"
"Department for Environment Food & Rural Affairs","Department for Environment, Food and Rural Affairs","DEFRA GROUP PROPERTY DIRECTORATE","200203","G7","54470","59900","Team Manager","<5","Project Management Delivery","SOUTH EAST"
"Department for Environment Food & Rural Affairs","Department for Environment, Food and Rural Affairs","COMMERCIAL DIRECTORATE","200270","G7","54470","59900","Team Manager","<5","Commercial and Procurement","Unknown"
"Department for Environment Food & Rural Affairs","Department for Environment, Food and Rural Affairs","COMMERCIAL DIRECTORATE","200270","SEO","41220","44500","Team Leader","<5","Commercial and Procurement","NORTH EAST"
"Department for Environment Food & Rural Affairs","Department for Environment, Food and Rural Affairs","COMMERCIAL DIRECTORATE","200270","SEO","41220","44500","Team Leader","<5","Commercial and Procurement","WEST MIDLANDS"
"Department for Environment Food & Rural Affairs","Department for Environment, Food and Rural Affairs","DEFRA GROUP PROPERTY DIRECTORATE","200299","SEO","41220","44500","Team Leader","<5","Commercial and Procurement","SOUTH EAST"
"Department for Environment Food & Rural Affairs","Department for Environment, Food and Rural Affairs","DEFRA GROUP PROPERTY DIRECTORATE","200203","SEO","41220","44500","Team Leader","<5","Commercial and Procurement","SOUTH EAST"
"Department for Environment Food & Rural Affairs","Department for Environment, Food and Rural Affairs","DEFRA GROUP PROPERTY DIRECTORATE","200299","SEO","41220","44500","Team Leader","<5","Commercial and Procurement","WEST MIDLANDS"
"Department for Environment Food & Rural Affairs","Department for Environment, Food and Rural Affairs","DEFRA GROUP PROPERTY DIRECTORATE","200203","SEO","41220","44500","Team Leader","<5","Commercial and Procurement","WEST MIDLANDS"
"Department for Environment Food & Rural Affairs","Department for Environment, Food and Rural Affairs","COMMERCIAL DIRECTORATE","200270","SEO","41220","44500","Team Leader","<5","Commercial and Procurement","NORTH WEST"
"Department for Environment Food & Rural Affairs","Department for Environment, Food and Rural Affairs","COMMERCIAL DIRECTORATE","200270","SEO","41220","44500","Team Leader","<5","Commercial and Procurement","SOUTH EAST"
"Department for Environment Food & Rural Affairs","Department for Environment, Food and Rural Affairs","COMMERCIAL DIRECTORATE","200270","HEO","33590","37480","Officer","<5","Commercial and Procurement","SOUTH EAST"
"Department for Environment Food & Rural Affairs","Department for Environment, Food and Rural Affairs","COMMERCIAL DIRECTORATE","200270","SEO","41220","44500","Team Leader","<5","Human Resources","SOUTH WEST"
"Department for Environment Food & Rural Affairs","Department for Environment, Food and Rural Affairs","NATIONAL BIOSECURITY CENTRE DIRECTORATE","200029","SEO","41220","44500","Team Leader","<5","Project Management Delivery","SOUTH EAST"
"Department for Environment Food & Rural Affairs","Department for Environment, Food and Rural Affairs","FINANCE DIRECTORATE","200168","HEO","33590","37480","Officer","<5","Counter Fraud","SOUTH EAST"
"Department for Environment Food & Rural Affairs","Department for Environment, Food and Rural Affairs","FINANCE DIRECTORATE","200168","HEO","33590","37480","Officer","<5","Counter Fraud","NORTH EAST"
"Department for Environment Food & Rural Affairs","Department for Environment, Food and Rural Affairs","FINANCE DIRECTORATE","200103","EO","28710","32220","Executive Officer","<5","Other","NORTH EAST"
"Department for Environment Food & Rural Affairs","Department for Environment, Food and Rural Affairs","FINANCE DIRECTORATE","200237","EO","28710","32220","Executive Officer","<5","Other","Unknown"
"Department for Environment Food & Rural Affairs","Department for Environment, Food and Rural Affairs","FINANCE DIRECTORATE","200237","EO","28710","32220","Executive Officer","<5","Corporate Finance","Unknown"
"Department for Environment Food & Rural Affairs","Department for Environment, Food and Rural Affairs","FINANCE DIRECTORATE","200237","EO","28710","32220","Executive Officer","<5","Corporate Finance","NORTH EAST"
"Department for Environment Food & Rural Affairs","Department for Environment, Food and Rural Affairs","FINANCE DIRECTORATE","200325","EO","28710","32220","Executive Officer","<5","Human Resources","EAST OF ENGLAND"
"Department for Environment Food & Rural Affairs","Department for Environment, Food and Rural Affairs","FINANCE DIRECTORATE","200168","HEO","33590","37480","Officer","<5","Other","NORTH WEST"
"Department for Environment Food & Rural Affairs","Department for Environment, Food and Rural Affairs","FINANCE DIRECTORATE","200168","HEO","33590","37480","Officer","<5","Counter Fraud","SOUTH WEST"
"Department for Environment Food & Rural Affairs","Department for Environment, Food and Rural Affairs","FINANCE DIRECTORATE","200168","HEO","33590","37480","Officer","<5","Counter Fraud","EAST OF ENGLAND"
"Department for Environment Food & Rural Affairs","Department for Environment, Food and Rural Affairs","FINANCE DIRECTORATE","200168","HEO","33590","37480","Officer","<5","Intelligence Analysis","NORTH WEST"
"Department for Environment Food & Rural Affairs","Department for Environment, Food and Rural Affairs","FINANCE DIRECTORATE","200168","HEO","33590","37480","Officer","<5","Knowledge and Information Management","NORTH EAST"
"Department for Environment Food & Rural Affairs","Department for Environment, Food and Rural Affairs","FINANCE DIRECTORATE","200168","G6","65430","70690","Senior Manager","<5","Counter Fraud","EAST MIDLANDS"
"Department for Environment Food & Rural Affairs","Department for Environment, Food and Rural Affairs","FINANCE DIRECTORATE","200237","G6","65430","70690","Senior Manager","<5","Corporate Finance","WEST MIDLANDS"
"Department for Environment Food & Rural Affairs","Department for Environment, Food and Rural Affairs","FINANCE DIRECTORATE","200167","G6","65430","70690","Senior Manager","<5","Corporate Finance","YORKSHIRE AND THE HUMBER"
"Department for Environment Food & Rural Affairs","Department for Environment, Food and Rural Affairs","FINANCE DIRECTORATE","200150","G6","65430","70690","Senior Manager","<5","Risk","SOUTH EAST"
"Department for Environment Food & Rural Affairs","Department for Environment, Food and Rural Affairs","FINANCE DIRECTORATE","200168","G7","54470","59900","Team Manager","<5","Counter Fraud","NORTH EAST"
"Department for Environment Food & Rural Affairs","Department for Environment, Food and Rural Affairs","FINANCE DIRECTORATE","200168","G7","54470","59900","Team Manager","<5","Counter Fraud","EAST MIDLANDS"
"Department for Environment Food & Rural Affairs","Department for Environment, Food and Rural Affairs","FINANCE DIRECTORATE","200168","G7","54470","59900","Team Manager","<5","Counter Fraud","YORKSHIRE AND THE HUMBER"
"Department for Environment Food & Rural Affairs","Department for Environment, Food and Rural Affairs","FINANCE DIRECTORATE","200325","G7","54470","59900","Team Manager","<5","Project Management Delivery","SOUTH WEST"
"Department for Environment Food & Rural Affairs","Department for Environment, Food and Rural Affairs","FINANCE DIRECTORATE","200325","G7","54470","59900","Team Manager","<5","Project Management Delivery","EAST OF ENGLAND"
"Department for Environment Food & Rural Affairs","Department for Environment, Food and Rural Affairs","FINANCE DIRECTORATE","200103","SEO","41220","44500","Team Leader","<5","Corporate Finance","YORKSHIRE AND THE HUMBER"
"Department for Environment Food & Rural Affairs","Department for Environment, Food and Rural Affairs","FINANCE DIRECTORATE","200103","SEO","41220","44500","Team Leader","<5","Other","EAST OF ENGLAND"
"Department for Environment Food & Rural Affairs","Department for Environment, Food and Rural Affairs","FINANCE DIRECTORATE","200168","SEO","41220","44500","Team Leader","<5","Counter Fraud","SOUTH WEST"
"Department for Environment Food & Rural Affairs","Department for Environment, Food and Rural Affairs","FINANCE DIRECTORATE","200168","SEO","41220","44500","Team Leader","<5","Counter Fraud","YORKSHIRE AND THE HUMBER"
"Department for Environment Food & Rural Affairs","Department for Environment, Food and Rural Affairs","FINANCE DIRECTORATE","200320","SEO","41220","44500","Team Leader","<5","Other","WEST MIDLANDS"
"Department for Environment Food & Rural Affairs","Department for Environment, Food and Rural Affairs","FINANCE DIRECTORATE","200167","SEO","41220","44500","Team Leader","<5","Other","EAST OF ENGLAND"
"Department for Environment Food & Rural Affairs","Department for Environment, Food and Rural Affairs","FINANCE DIRECTORATE","200167","SEO","41220","44500","Team Leader","<5","Corporate Finance","SOUTH EAST"
"Department for Environment Food & Rural Affairs","Department for Environment, Food and Rural Affairs","FINANCE DIRECTORATE","200247","SEO","41220","44500","Team Leader","<5","Data Analysis","SOUTH WEST"
"Department for Environment Food & Rural Affairs","Department for Environment, Food and Rural Affairs","FINANCE DIRECTORATE","200247","SEO","41220","44500","Team Leader","<5","Data Analysis","SOUTH EAST"
"Department for Environment Food & Rural Affairs","Department for Environment, Food and Rural Affairs","FINANCE DIRECTORATE","200247","G7","54470","59900","Team Manager","<5","Corporate Finance","EAST OF ENGLAND"
"Department for Environment Food & Rural Affairs","Department for Environment, Food and Rural Affairs","FINANCE DIRECTORATE","200166","G7","54470","59900","Team Manager","<5","Corporate Finance","Unknown"
"Department for Environment Food & Rural Affairs","Department for Environment, Food and Rural Affairs","FINANCE DIRECTORATE","200103","EO","28710","32220","Executive Officer","<5","Corporate Finance","Unknown"
"Department for Environment Food & Rural Affairs","Department for Environment, Food and Rural Affairs","FINANCE DIRECTORATE","200103","AO","25070","28680","Executive Assistant","<5","Corporate Finance","NORTH WEST"
"Department for Environment Food & Rural Affairs","Department for Environment, Food and Rural Affairs","FINANCE DIRECTORATE","200237","EO","28710","32220","Executive Officer","<5","Operational Delivery","Unknown"
"Department for Environment Food & Rural Affairs","Department for Environment, Food and Rural Affairs","FINANCE DIRECTORATE","200247","G6","65430","70690","Senior Manager","<5","Data Analysis","WEST MIDLANDS"
"Department for Environment Food & Rural Affairs","Department for Environment, Food and Rural Affairs","FINANCE DIRECTORATE","200247","HEO","33590","37480","Officer","<5","Data Analysis","EAST OF ENGLAND"
"Department for Environment Food & Rural Affairs","Department for Environment, Food and Rural Affairs","FINANCE DIRECTORATE","200114","G6","65430","70690","Senior Manager","<5","Social Research","SOUTH WEST"
"Department for Environment Food & Rural Affairs","Department for Environment, Food and Rural Affairs","FINANCE DIRECTORATE","200168","SEO","41220","44500","Team Leader","<5","Project Management Delivery","SOUTH WEST"
"Department for Environment Food & Rural Affairs","Department for Environment, Food and Rural Affairs","FINANCE DIRECTORATE","200247","SEO","41220","44500","Team Leader","<5","Geography","SOUTH WEST"
"Department for Environment Food & Rural Affairs","Department for Environment, Food and Rural Affairs","FINANCE DIRECTORATE","200237","SEO","41220","44500","Team Leader","<5","Corporate Finance","NORTH WEST"
"Department for Environment Food & Rural Affairs","Department for Environment, Food and Rural Affairs","FINANCE DIRECTORATE","200103","HEO","33590","37480","Officer","<5","Finance","Unknown"
"Department for Environment Food & Rural Affairs","Department for Environment, Food and Rural Affairs","FINANCE DIRECTORATE","200103","HEO","33590","37480","Officer","<5","Finance","YORKSHIRE AND THE HUMBER"
"Department for Environment Food & Rural Affairs","Department for Environment, Food and Rural Affairs","FINANCE DIRECTORATE","200103","HEO","33590","37480","Officer","<5","Finance","EAST OF ENGLAND"
"Department for Environment Food & Rural Affairs","Department for Environment, Food and Rural Affairs","FINANCE DIRECTORATE","200167","HEO","33590","37480","Officer","<5","Finance","Unknown"
"Department for Environment Food & Rural Affairs","Department for Environment, Food and Rural Affairs","FINANCE DIRECTORATE","200167","HEO","33590","37480","Officer","<5","Finance","NORTH EAST"
"Department for Environment Food & Rural Affairs","Department for Environment, Food and Rural Affairs","FINANCE DIRECTORATE","200166","HEO","33590","37480","Officer","<5","Finance","Unknown"
"Department for Environment Food & Rural Affairs","Department for Environment, Food and Rural Affairs","FINANCE DIRECTORATE","200166","HEO","33590","37480","Officer","<5","Finance","YORKSHIRE AND THE HUMBER"
"Department for Environment Food & Rural Affairs","Department for Environment, Food and Rural Affairs","FINANCE DIRECTORATE","200166","HEO","33590","37480","Officer","<5","Finance","NORTH WEST"
"Department for Environment Food & Rural Affairs","Department for Environment, Food and Rural Affairs","FINANCE DIRECTORATE","200166","HEO","33590","37480","Officer","<5","Finance","NORTH EAST"
"Department for Environment Food & Rural Affairs","Department for Environment, Food and Rural Affairs","FINANCE DIRECTORATE","200150","HEO","33590","37480","Officer","<5","Finance","Unknown"
"Department for Environment Food & Rural Affairs","Department for Environment, Food and Rural Affairs","FINANCE DIRECTORATE","200021","HEO","33590","37480","Officer","<5","Finance","YORKSHIRE AND THE HUMBER"
"Department for Environment Food & Rural Affairs","Department for Environment, Food and Rural Affairs","FINANCE DIRECTORATE","200103","EO","28710","32220","Executive Officer","<5","Finance","EAST OF ENGLAND"
"Department for Environment Food & Rural Affairs","Department for Environment, Food and Rural Affairs","FINANCE DIRECTORATE","200103","AO","25070","28680","Executive Assistant","<5","Finance","SOUTH EAST"
"Department for Environment Food & Rural Affairs","Department for Environment, Food and Rural Affairs","FINANCE DIRECTORATE","200103","EO","28710","32220","Executive Officer","<5","Finance","SOUTH EAST"
"Department for Environment Food & Rural Affairs","Department for Environment, Food and Rural Affairs","FINANCE DIRECTORATE","200103","EO","28710","32220","Executive Officer","<5","Finance","NORTH EAST"
"Department for Environment Food & Rural Affairs","Department for Environment, Food and Rural Affairs","FINANCE DIRECTORATE","200103","EO","28710","32220","Executive Officer","<5","Finance","YORKSHIRE AND THE HUMBER"
"Department for Environment Food & Rural Affairs","Department for Environment, Food and Rural Affairs","FINANCE DIRECTORATE","200168","EO","28710","32220","Executive Officer","<5","Finance","NORTH WEST"
"Department for Environment Food & Rural Affairs","Department for Environment, Food and Rural Affairs","FINANCE DIRECTORATE","200320","EO","28710","32220","Executive Officer","<5","Finance","EAST OF ENGLAND"
"Department for Environment Food & Rural Affairs","Department for Environment, Food and Rural Affairs","FINANCE DIRECTORATE","200166","EO","28710","32220","Executive Officer","<5","Finance","WEST MIDLANDS"
"Department for Environment Food & Rural Affairs","Department for Environment, Food and Rural Affairs","FINANCE DIRECTORATE","200166","EO","28710","32220","Executive Officer","<5","Finance","SOUTH EAST"
"Department for Environment Food & Rural Affairs","Department for Environment, Food and Rural Affairs","FINANCE DIRECTORATE","200166","EO","28710","32220","Executive Officer","<5","Finance","Unknown"
"Department for Environment Food & Rural Affairs","Department for Environment, Food and Rural Affairs","FINANCE DIRECTORATE","200166","EO","28710","32220","Executive Officer","<5","Finance","NORTH WEST"
"Department for Environment Food & Rural Affairs","Department for Environment, Food and Rural Affairs","FINANCE DIRECTORATE","200166","EO","28710","32220","Executive Officer","<5","Finance","YORKSHIRE AND THE HUMBER"
"Department for Environment Food & Rural Affairs","Department for Environment, Food and Rural Affairs","FINANCE DIRECTORATE","200166","EO","28710","32220","Executive Officer","<5","Finance","EAST OF ENGLAND"
"Department for Environment Food & Rural Affairs","Department for Environment, Food and Rural Affairs","FINANCE DIRECTORATE","200103","HEO","33590","37480","Officer","<5","Finance","SOUTH EAST"
"Department for Environment Food & Rural Affairs","Department for Environment, Food and Rural Affairs","FINANCE DIRECTORATE","200103","HEO","33590","37480","Officer","<5","Finance","NORTH EAST"
"Department for Environment Food & Rural Affairs","Department for Environment, Food and Rural Affairs","FINANCE DIRECTORATE","200167","HEO","33590","37480","Officer","<5","Finance","WEST MIDLANDS"
"Department for Environment Food & Rural Affairs","Department for Environment, Food and Rural Affairs","FINANCE DIRECTORATE","200247","HEO","33590","37480","Officer","<5","Finance","Unknown"
"Department for Environment Food & Rural Affairs","Department for Environment, Food and Rural Affairs","FINANCE DIRECTORATE","200247","HEO","33590","37480","Officer","<5","Finance","NORTH EAST"
"Department for Environment Food & Rural Affairs","Department for Environment, Food and Rural Affairs","FINANCE DIRECTORATE","200103","G6","65430","70690","Senior Manager","<5","Finance","YORKSHIRE AND THE HUMBER"
"Department for Environment Food & Rural Affairs","Department for Environment, Food and Rural Affairs","FINANCE DIRECTORATE","200168","G6","65430","70690","Senior Manager","<5","Finance","Unknown"
"Department for Environment Food & Rural Affairs","Department for Environment, Food and Rural Affairs","FINANCE DIRECTORATE","200320","G6","65430","70690","Senior Manager","<5","Finance","SOUTH WEST"
"Department for Environment Food & Rural Affairs","Department for Environment, Food and Rural Affairs","FINANCE DIRECTORATE","200167","G6","65430","70690","Senior Manager","<5","Finance","YORKSHIRE AND THE HUMBER"
"Department for Environment Food & Rural Affairs","Department for Environment, Food and Rural Affairs","FINANCE DIRECTORATE","200167","G6","65430","70690","Senior Manager","<5","Finance","EAST OF ENGLAND"
"Department for Environment Food & Rural Affairs","Department for Environment, Food and Rural Affairs","FINANCE DIRECTORATE","200325","G6","65430","70690","Senior Manager","<5","Finance","EAST OF ENGLAND"
"Department for Environment Food & Rural Affairs","Department for Environment, Food and Rural Affairs","FINANCE DIRECTORATE","200170","G6","65430","70690","Senior Manager","<5","Finance","YORKSHIRE AND THE HUMBER"
"Department for Environment Food & Rural Affairs","Department for Environment, Food and Rural Affairs","FINANCE DIRECTORATE","200166","G6","65430","70690","Senior Manager","<5","Finance","YORKSHIRE AND THE HUMBER"
"Department for Environment Food & Rural Affairs","Department for Environment, Food and Rural Affairs","FINANCE DIRECTORATE","200166","G6","65430","70690","Senior Manager","<5","Finance","SOUTH WEST"
"Department for Environment Food & Rural Affairs","Department for Environment, Food and Rural Affairs","FINANCE DIRECTORATE","200166","G6","65430","70690","Senior Manager","<5","Finance","Unknown"
"Department for Environment Food & Rural Affairs","Department for Environment, Food and Rural Affairs","FINANCE DIRECTORATE","200285","G6","65430","70690","Senior Manager","<5","Finance","SOUTH WEST"
"Department for Environment Food & Rural Affairs","Department for Environment, Food and Rural Affairs","FINANCE DIRECTORATE","200021","G6","65430","70690","Senior Manager","<5","Finance","WEST MIDLANDS"
"Department for Environment Food & Rural Affairs","Department for Environment, Food and Rural Affairs","FINANCE DIRECTORATE","200247","G6","65430","70690","Senior Manager","<5","Finance","SOUTH WEST"
"Department for Environment Food & Rural Affairs","Department for Environment, Food and Rural Affairs","FINANCE DIRECTORATE","200150","G6","65430","70690","Senior Manager","<5","Finance","SOUTH EAST"
"Department for Environment Food & Rural Affairs","Department for Environment, Food and Rural Affairs","FINANCE DIRECTORATE","200326","G6","65430","70690","Senior Manager","<5","Finance","YORKSHIRE AND THE HUMBER"
"Department for Environment Food & Rural Affairs","Department for Environment, Food and Rural Affairs","FINANCE DIRECTORATE","200103","G7","54470","59900","Team Manager","<5","Finance","Unknown"
"Department for Environment Food & Rural Affairs","Department for Environment, Food and Rural Affairs","FINANCE DIRECTORATE","200103","G7","54470","59900","Team Manager","<5","Finance","WEST MIDLANDS"
"Department for Environment Food & Rural Affairs","Department for Environment, Food and Rural Affairs","FINANCE DIRECTORATE","200103","G7","54470","59900","Team Manager","<5","Finance","EAST OF ENGLAND"
"Department for Environment Food & Rural Affairs","Department for Environment, Food and Rural Affairs","FINANCE DIRECTORATE","200320","G7","54470","59900","Team Manager","<5","Finance","SOUTH EAST"
"Department for Environment Food & Rural Affairs","Department for Environment, Food and Rural Affairs","FINANCE DIRECTORATE","200320","G7","54470","59900","Team Manager","<5","Finance","Unknown"
"Department for Environment Food & Rural Affairs","Department for Environment, Food and Rural Affairs","FINANCE DIRECTORATE","200320","G7","54470","59900","Team Manager","<5","Finance","YORKSHIRE AND THE HUMBER"
"Department for Environment Food & Rural Affairs","Department for Environment, Food and Rural Affairs","FINANCE DIRECTORATE","200050","G7","54470","59900","Team Manager","<5","Finance","Unknown"
"Department for Environment Food & Rural Affairs","Department for Environment, Food and Rural Affairs","FINANCE DIRECTORATE","200167","G7","54470","59900","Team Manager","<5","Finance","WEST MIDLANDS"
"Department for Environment Food & Rural Affairs","Department for Environment, Food and Rural Affairs","FINANCE DIRECTORATE","200167","G7","54470","59900","Team Manager","<5","Finance","EAST OF ENGLAND"
"Department for Environment Food & Rural Affairs","Department for Environment, Food and Rural Affairs","FINANCE DIRECTORATE","200167","G7","54470","59900","Team Manager","<5","Finance","SOUTH WEST"
"Department for Environment Food & Rural Affairs","Department for Environment, Food and Rural Affairs","FINANCE DIRECTORATE","200170","G7","54470","59900","Team Manager","<5","Finance","SOUTH EAST"
"Department for Environment Food & Rural Affairs","Department for Environment, Food and Rural Affairs","FINANCE DIRECTORATE","200170","G7","54470","59900","Team Manager","<5","Finance","WEST MIDLANDS"
"Department for Environment Food & Rural Affairs","Department for Environment, Food and Rural Affairs","FINANCE DIRECTORATE","200170","G7","54470","59900","Team Manager","<5","Finance","NORTHERN IRELAND"
"Department for Environment Food & Rural Affairs","Department for Environment, Food and Rural Affairs","FINANCE DIRECTORATE","200166","G7","54470","59900","Team Manager","<5","Finance","SOUTH WEST"
"Department for Environment Food & Rural Affairs","Department for Environment, Food and Rural Affairs","FINANCE DIRECTORATE","200166","G7","54470","59900","Team Manager","<5","Finance","Unknown"
"Department for Environment Food & Rural Affairs","Department for Environment, Food and Rural Affairs","FINANCE DIRECTORATE","200285","G7","54470","59900","Team Manager","<5","Finance","EAST MIDLANDS"
"Department for Environment Food & Rural Affairs","Department for Environment, Food and Rural Affairs","FINANCE DIRECTORATE","200285","G7","54470","59900","Team Manager","<5","Finance","NORTH EAST"
"Department for Environment Food & Rural Affairs","Department for Environment, Food and Rural Affairs","FINANCE DIRECTORATE","200021","G7","54470","59900","Team Manager","<5","Finance","WEST MIDLANDS"
"Department for Environment Food & Rural Affairs","Department for Environment, Food and Rural Affairs","FINANCE DIRECTORATE","200150","G7","54470","59900","Team Manager","<5","Finance","SOUTH EAST"
"Department for Environment Food & Rural Affairs","Department for Environment, Food and Rural Affairs","FINANCE DIRECTORATE","200285","G7","54470","59900","Team Manager","<5","Finance","NORTH WEST"
"Department for Environment Food & Rural Affairs","Department for Environment, Food and Rural Affairs","FINANCE DIRECTORATE","200166","SEO","41220","44500","Team Leader","<5","Finance","NORTH WEST"
"Department for Environment Food & Rural Affairs","Department for Environment, Food and Rural Affairs","FINANCE DIRECTORATE","200166","SEO","41220","44500","Team Leader","<5","Finance","EAST OF ENGLAND"
"Department for Environment Food & Rural Affairs","Department for Environment, Food and Rural Affairs","FINANCE DIRECTORATE","200103","SEO","41220","44500","Team Leader","<5","Finance","Unknown"
"Department for Environment Food & Rural Affairs","Department for Environment, Food and Rural Affairs","FINANCE DIRECTORATE","200103","SEO","41220","44500","Team Leader","<5","Finance","NORTH EAST"
"Department for Environment Food & Rural Affairs","Department for Environment, Food and Rural Affairs","FINANCE DIRECTORATE","200103","SEO","41220","44500","Team Leader","<5","Finance","WEST MIDLANDS"
"Department for Environment Food & Rural Affairs","Department for Environment, Food and Rural Affairs","FINANCE DIRECTORATE","200320","SEO","41220","44500","Team Leader","<5","Finance","SOUTH WEST"
"Department for Environment Food & Rural Affairs","Department for Environment, Food and Rural Affairs","FINANCE DIRECTORATE","200320","SEO","41220","44500","Team Leader","<5","Finance","EAST OF ENGLAND"
"Department for Environment Food & Rural Affairs","Department for Environment, Food and Rural Affairs","FINANCE DIRECTORATE","200050","SEO","41220","44500","Team Leader","<5","Finance","YORKSHIRE AND THE HUMBER"
"Department for Environment Food & Rural Affairs","Department for Environment, Food and Rural Affairs","FINANCE DIRECTORATE","200167","SEO","41220","44500","Team Leader","<5","Finance","SOUTH WEST"
"Department for Environment Food & Rural Affairs","Department for Environment, Food and Rural Affairs","FINANCE DIRECTORATE","200167","SEO","41220","44500","Team Leader","<5","Finance","EAST OF ENGLAND"
"Department for Environment Food & Rural Affairs","Department for Environment, Food and Rural Affairs","FINANCE DIRECTORATE","200167","SEO","41220","44500","Team Leader","<5","Finance","NORTH EAST"
"Department for Environment Food & Rural Affairs","Department for Environment, Food and Rural Affairs","FINANCE DIRECTORATE","200167","SEO","41220","44500","Team Leader","<5","Finance","YORKSHIRE AND THE HUMBER"
"Department for Environment Food & Rural Affairs","Department for Environment, Food and Rural Affairs","FINANCE DIRECTORATE","200167","SEO","41220","44500","Team Leader","<5","Finance","WEST MIDLANDS"
"Department for Environment Food & Rural Affairs","Department for Environment, Food and Rural Affairs","FINANCE DIRECTORATE","200325","SEO","41220","44500","Team Leader","<5","Finance","EAST OF ENGLAND"
"Department for Environment Food & Rural Affairs","Department for Environment, Food and Rural Affairs","FINANCE DIRECTORATE","200166","SEO","41220","44500","Team Leader","<5","Finance","SOUTH WEST"
"Department for Environment Food & Rural Affairs","Department for Environment, Food and Rural Affairs","FINANCE DIRECTORATE","200166","SEO","41220","44500","Team Leader","<5","Finance","SOUTH EAST"
"Department for Environment Food & Rural Affairs","Department for Environment, Food and Rural Affairs","FINANCE DIRECTORATE","200285","SEO","41220","44500","Team Leader","<5","Finance","YORKSHIRE AND THE HUMBER"
"Department for Environment Food & Rural Affairs","Department for Environment, Food and Rural Affairs","FINANCE DIRECTORATE","200021","SEO","41220","44500","Team Leader","<5","Finance","SOUTH EAST"
"Department for Environment Food & Rural Affairs","Department for Environment, Food and Rural Affairs","FINANCE DIRECTORATE","200247","SEO","41220","44500","Team Leader","<5","Finance","Unknown"
"Department for Environment Food & Rural Affairs","Department for Environment, Food and Rural Affairs","FINANCE DIRECTORATE","200150","SEO","41220","44500","Team Leader","<5","Finance","SOUTH EAST"
"Department for Environment Food & Rural Affairs","Department for Environment, Food and Rural Affairs","FINANCE DIRECTORATE","200167","SEO","41220","44500","Team Leader","<5","Finance","NORTH WEST"
"Department for Environment Food & Rural Affairs","Department for Environment, Food and Rural Affairs","FINANCE DIRECTORATE","200167","SEO","41220","44500","Team Leader","<5","Finance","SOUTH EAST"
"Department for Environment Food & Rural Affairs","Department for Environment, Food and Rural Affairs","FINANCE DIRECTORATE","200150","SEO","41220","44500","Team Leader","<5","Finance","SOUTH WEST"
"Department for Environment Food & Rural Affairs","Department for Environment, Food and Rural Affairs","FINANCE DIRECTORATE","200103","G7","54470","59900","Team Manager","<5","Finance","SOUTH WEST"
"Department for Environment Food & Rural Affairs","Department for Environment, Food and Rural Affairs","FINANCE DIRECTORATE","200050","G7","54470","59900","Team Manager","<5","Finance","EAST OF ENGLAND"
"Department for Environment Food & Rural Affairs","Department for Environment, Food and Rural Affairs","FINANCE DIRECTORATE","200166","G7","54470","59900","Team Manager","<5","Finance","WEST MIDLANDS"
"Department for Environment Food & Rural Affairs","Department for Environment, Food and Rural Affairs","FINANCE DIRECTORATE","200150","G7","54470","59900","Team Manager","<5","Finance","SOUTH WEST"
"Department for Environment Food & Rural Affairs","Department for Environment, Food and Rural Affairs","FINANCE DIRECTORATE","200021","EO","28710","32220","Executive Officer","<5","Finance","NORTH EAST"
"Department for Environment Food & Rural Affairs","Department for Environment, Food and Rural Affairs","FINANCE DIRECTORATE","200150","HEO","33590","37480","Officer","<5","Finance","NORTH EAST"
"Department for Environment Food & Rural Affairs","Department for Environment, Food and Rural Affairs","FINANCE DIRECTORATE","200114","EO","28710","32220","Executive Officer","<5","Finance","SOUTH WEST"
"Department for Environment Food & Rural Affairs","Department for Environment, Food and Rural Affairs","FINANCE DIRECTORATE","200103","SEO","41220","44500","Team Leader","<5","Finance","EAST OF ENGLAND"
"Department for Environment Food & Rural Affairs","Department for Environment, Food and Rural Affairs","FINANCE DIRECTORATE","200247","SEO","41220","44500","Team Leader","<5","Finance","SOUTH WEST"
"Department for Environment Food & Rural Affairs","Department for Environment, Food and Rural Affairs","FINANCE DIRECTORATE","200247","SEO","41220","44500","Team Leader","<5","Finance","NORTH EAST"
"Department for Environment Food & Rural Affairs","Department for Environment, Food and Rural Affairs","FINANCE DIRECTORATE","200168","G7","54470","59900","Team Manager","<5","Finance","Unknown"
"Department for Environment Food & Rural Affairs","Department for Environment, Food and Rural Affairs","FINANCE DIRECTORATE","200046","G7","54470","59900","Team Manager","<5","Finance","YORKSHIRE AND THE HUMBER"
"Department for Environment Food & Rural Affairs","Department for Environment, Food and Rural Affairs","FINANCE DIRECTORATE","200167","G7","54470","59900","Team Manager","<5","Finance","YORKSHIRE AND THE HUMBER"
"Department for Environment Food & Rural Affairs","Department for Environment, Food and Rural Affairs","FINANCE DIRECTORATE","200325","G7","54470","59900","Team Manager","<5","Finance","YORKSHIRE AND THE HUMBER"
"Department for Environment Food & Rural Affairs","Department for Environment, Food and Rural Affairs","FINANCE DIRECTORATE","200170","G7","54470","59900","Team Manager","<5","Finance","EAST OF ENGLAND"
"Department for Environment Food & Rural Affairs","Department for Environment, Food and Rural Affairs","FINANCE DIRECTORATE","200021","G7","54470","59900","Team Manager","<5","Finance","SOUTH EAST"
"Department for Environment Food & Rural Affairs","Department for Environment, Food and Rural Affairs","STRATEGY, GOVERNANCE & CLIMATE DIRECTORATE","200154","HEO","33590","37480","Officer","<5","Unknown","SOUTH WEST"
"Department for Environment Food & Rural Affairs","Department for Environment, Food and Rural Affairs","ANALYSIS DIRECTORATE","200155","EO","28710","32220","Executive Officer","<5","Unknown","NORTH EAST"
"Department for Environment Food & Rural Affairs","Department for Environment, Food and Rural Affairs","EU AND INTERNATIONAL TRADE DIRECTORATE","200317","EO","28710","32220","Executive Officer","<5","Unknown","NORTH EAST"
"Department for Environment Food & Rural Affairs","Department for Environment, Food and Rural Affairs","ANIMAL AND PLANT HEALTH DIRECTORATE","200118","EO","28710","32220","Executive Officer","<5","Unknown","YORKSHIRE AND THE HUMBER"
"Department for Environment Food & Rural Affairs","Department for Environment, Food and Rural Affairs","OFFICE OF THE CHIEF DATA OFFICER DIRECTORATE","200259","EO","28710","32220","Executive Officer","<5","Unknown","SOUTH EAST"
"Department for Environment Food & Rural Affairs","Department for Environment, Food and Rural Affairs","OFFICE OF THE CHIEF DATA OFFICER DIRECTORATE","200259","AO","25070","28680","Executive Assistant","<5","Unknown","NORTH EAST"
"Department for Environment Food & Rural Affairs","Department for Environment, Food and Rural Affairs","MARINE AND FISHERIES DIRECTORATE","200111","EO","28710","32220","Executive Officer","<5","Unknown","Unknown"
"Department for Environment Food & Rural Affairs","Department for Environment, Food and Rural Affairs","MARINE AND FISHERIES DIRECTORATE","200289","EO","28710","32220","Executive Officer","<5","Unknown","Unknown"
"Department for Environment Food & Rural Affairs","Department for Environment, Food and Rural Affairs","TRADE DELIVERY DIRECTORATE","200185","EO","28710","32220","Executive Officer","<5","Unknown","NORTH WEST"
"Department for Environment Food & Rural Affairs","Department for Environment, Food and Rural Affairs","BIODIVERSITY, LAND USE & INVESTMENT DIRECTORATE","200127","EO","28710","32220","Executive Officer","<5","Unknown","NORTH EAST"
"Department for Environment Food & Rural Affairs","Department for Environment, Food and Rural Affairs","FINANCE DIRECTORATE","200237","EO","28710","32220","Executive Officer","<5","Unknown","Unknown"
"Department for Environment Food & Rural Affairs","Department for Environment, Food and Rural Affairs","FINANCE DIRECTORATE","200237","EO","28710","32220","Executive Officer","<5","Unknown","NORTH EAST"
"Department for Environment Food & Rural Affairs","Department for Environment, Food and Rural Affairs","STRATEGY, GOVERNANCE & CLIMATE DIRECTORATE","200123","EO","28710","32220","Executive Officer","<5","Unknown","WEST MIDLANDS"
"Department for Environment Food & Rural Affairs","Department for Environment, Food and Rural Affairs","COMMUNICATIONS DIRECTORATE","200288","EO","28710","32220","Executive Officer","<5","Unknown","SOUTH WEST"
"Department for Environment Food & Rural Affairs","Department for Environment, Food and Rural Affairs","STRATEGY AND WATER DG OFFICES DIRECTORATE","200239","EO","28710","32220","Executive Officer","<5","Unknown","YORKSHIRE AND THE HUMBER"
"Department for Environment Food & Rural Affairs","Department for Environment, Food and Rural Affairs","INTERNATIONAL BIODIVERSITY AND CLIMATE DIRECTORATE","200287","EO","28710","32220","Executive Officer","<5","Unknown","NORTH EAST"
"Department for Environment Food & Rural Affairs","Department for Environment, Food and Rural Affairs","PORTFOLIO DIRECTORATE","200220","EO","28710","32220","Executive Officer","<5","Unknown","Unknown"
"Department for Environment Food & Rural Affairs","Department for Environment, Food and Rural Affairs","STRATEGY, GOVERNANCE & CLIMATE DIRECTORATE","200207","EO","28710","32220","Executive Officer","<5","Unknown","Unknown"
"Department for Environment Food & Rural Affairs","Department for Environment, Food and Rural Affairs","DEFRA GROUP PROPERTY DIRECTORATE","200299","EO","28710","32220","Executive Officer","<5","Unknown","SOUTH EAST"
"Department for Environment Food & Rural Affairs","Department for Environment, Food and Rural Affairs","DEFRA GROUP PROPERTY DIRECTORATE","200299","EO","28710","32220","Executive Officer","<5","Unknown","SOUTH EAST"
"Department for Environment Food & Rural Affairs","Department for Environment, Food and Rural Affairs","NATIONAL BIOSECURITY CENTRE DIRECTORATE","200280","EO","28710","32220","Executive Officer","<5","Unknown","NORTH WEST"
"Department for Environment Food & Rural Affairs","Department for Environment, Food and Rural Affairs","HUMAN RESOURCES DIRECTORATE","200296","EO","28710","32220","Executive Officer","<5","Unknown","NORTH EAST"
"Department for Environment Food & Rural Affairs","Department for Environment, Food and Rural Affairs","MINISTERIAL, GROWTH AND RESILIENCE DIRECTORATE","200138","EO","28710","32220","Executive Officer","<5","Unknown","Unknown"
"Department for Environment Food & Rural Affairs","Department for Environment, Food and Rural Affairs","TRADE DELIVERY DIRECTORATE","200309","EO","28710","32220","Executive Officer","<5","Unknown","UNKNOWN"
"Department for Environment Food & Rural Affairs","Department for Environment, Food and Rural Affairs","COMMUNICATIONS DIRECTORATE","200119","AO","25070","28680","Executive Assistant","<5","Unknown","YORKSHIRE AND THE HUMBER"
"Department for Environment Food & Rural Affairs","Department for Environment, Food and Rural Affairs","FARMING DIRECTORATE - ADMIN COSTS","200020","HEO","33590","37480","Officer","<5","Unknown","Unknown"
"Department for Environment Food & Rural Affairs","Department for Environment, Food and Rural Affairs","ANALYSIS DIRECTORATE","200155","HEO","33590","37480","Officer","<5","Unknown","SOUTH WEST"
"Department for Environment Food & Rural Affairs","Department for Environment, Food and Rural Affairs","EU AND INTERNATIONAL TRADE DIRECTORATE","200317","HEO","33590","37480","Officer","<5","Unknown","WEST MIDLANDS"
"Department for Environment Food & Rural Affairs","Department for Environment, Food and Rural Affairs","ENVIRONMENT DG OFFICE DIRECTORATE","200206","HEO","33590","37480","Officer","<5","Unknown","YORKSHIRE AND THE HUMBER"
"Department for Environment Food & Rural Affairs","Department for Environment, Food and Rural Affairs","HUMAN RESOURCES DIRECTORATE","200062","HEO","33590","37480","Officer","<5","Unknown","WEST MIDLANDS"
"Department for Environment Food & Rural Affairs","Department for Environment, Food and Rural Affairs","MARINE AND FISHERIES DIRECTORATE","200111","HEO","33590","37480","Officer","<5","Unknown","SOUTH EAST"
"Department for Environment Food & Rural Affairs","Department for Environment, Food and Rural Affairs","WATER AND FLOOD MANAGEMENT DIRECTORATE","200144","HEO","33590","37480","Officer","<5","Unknown","SOUTH WEST"
"Department for Environment Food & Rural Affairs","Department for Environment, Food and Rural Affairs","ENV QUALITY, INFRASTRUCTURE & PLANNING DIRECTORATE","200109","HEO","33590","37480","Officer","<5","Unknown","NORTH EAST"
"Department for Environment Food & Rural Affairs","Department for Environment, Food and Rural Affairs","DEFRA GROUP PROPERTY DIRECTORATE","200300","HEO","33590","37480","Officer","<5","Unknown","SOUTH EAST"
"Department for Environment Food & Rural Affairs","Department for Environment, Food and Rural Affairs","DEFRA GROUP PROPERTY DIRECTORATE","200300","HEO","33590","37480","Officer","<5","Unknown","YORKSHIRE AND THE HUMBER"
"Department for Environment Food & Rural Affairs","Department for Environment, Food and Rural Affairs","MARINE AND FISHERIES DIRECTORATE","200289","HEO","33590","37480","Officer","<5","Unknown","YORKSHIRE AND THE HUMBER"
"Department for Environment Food & Rural Affairs","Department for Environment, Food and Rural Affairs","CIRCULAR ECONOMY DIRECTORATE","200147","HEO","33590","37480","Officer","<5","Unknown","NORTH EAST"
"Department for Environment Food & Rural Affairs","Department for Environment, Food and Rural Affairs","EU AND INTERNATIONAL TRADE DIRECTORATE","200047","HEO","33590","37480","Officer","<5","Unknown","SOUTH WEST"
"Department for Environment Food & Rural Affairs","Department for Environment, Food and Rural Affairs","WATER AND FLOOD MANAGEMENT DIRECTORATE","200128","HEO","33590","37480","Officer","<5","Unknown","SOUTH WEST"
"Department for Environment Food & Rural Affairs","Department for Environment, Food and Rural Affairs","AGRI FOOD CHAIN DIRECTORATE","200090","HEO","33590","37480","Officer","<5","Unknown","Unknown"
"Department for Environment Food & Rural Affairs","Department for Environment, Food and Rural Affairs","AGRI FOOD CHAIN DIRECTORATE","200090","HEO","33590","37480","Officer","<5","Unknown","YORKSHIRE AND THE HUMBER"
"Department for Environment Food & Rural Affairs","Department for Environment, Food and Rural Affairs","AGRI FOOD CHAIN DIRECTORATE","200090","HEO","33590","37480","Officer","<5","Unknown","SOUTH WEST"
"Department for Environment Food & Rural Affairs","Department for Environment, Food and Rural Affairs","AGRI FOOD CHAIN DIRECTORATE","200090","HEO","33590","37480","Officer","<5","Unknown","EAST OF ENGLAND"
"Department for Environment Food & Rural Affairs","Department for Environment, Food and Rural Affairs","COMMUNICATIONS DIRECTORATE","200288","HEO","33590","37480","Officer","<5","Unknown","NORTH WEST"
"Department for Environment Food & Rural Affairs","Department for Environment, Food and Rural Affairs","STRATEGY AND WATER DG OFFICES DIRECTORATE","200239","HEO","33590","37480","Officer","<5","Unknown","SOUTH WEST"
"Department for Environment Food & Rural Affairs","Department for Environment, Food and Rural Affairs","STRATEGY AND WATER DG OFFICES DIRECTORATE","200239","HEO","33590","37480","Officer","<5","Unknown","YORKSHIRE AND THE HUMBER"
"Department for Environment Food & Rural Affairs","Department for Environment, Food and Rural Affairs","MINISTERIAL, GROWTH AND RESILIENCE DIRECTORATE","200241","HEO","33590","37480","Officer","<5","Unknown","EAST OF ENGLAND"
"Department for Environment Food & Rural Affairs","Department for Environment, Food and Rural Affairs","CHANGE DELIVERY DIRECTORATE","200204","HEO","33590","37480","Officer","<5","Unknown","WEST MIDLANDS"
"Department for Environment Food & Rural Affairs","Department for Environment, Food and Rural Affairs","CHANGE DELIVERY DIRECTORATE","200204","HEO","33590","37480","Officer","<5","Unknown","EAST OF ENGLAND"
"Department for Environment Food & Rural Affairs","Department for Environment, Food and Rural Affairs","WATER AND FLOOD MANAGEMENT DIRECTORATE","200145","HEO","33590","37480","Officer","<5","Unknown","WEST MIDLANDS"
"Department for Environment Food & Rural Affairs","Department for Environment, Food and Rural Affairs","DEFRA GROUP PROPERTY DIRECTORATE","200299","HEO","33590","37480","Officer","<5","Unknown","SOUTH EAST"
"Department for Environment Food & Rural Affairs","Department for Environment, Food and Rural Affairs","DEFRA GROUP PROPERTY DIRECTORATE","200299","HEO","33590","37480","Officer","<5","Unknown","SOUTH EAST"
"Department for Environment Food & Rural Affairs","Department for Environment, Food and Rural Affairs","FINANCE DIRECTORATE","200166","HEO","33590","37480","Officer","<5","Unknown","EAST MIDLANDS"
"Department for Environment Food & Rural Affairs","Department for Environment, Food and Rural Affairs","FARMING DIRECTORATE - ADMIN COSTS","200017","HEO","33590","37480","Officer","<5","Unknown","Unknown"
"Department for Environment Food & Rural Affairs","Department for Environment, Food and Rural Affairs","OFFICIAL DEVELOPMENT ASSISTANCE DIRECTORATE","200025","HEO","33590","37480","Officer","<5","Unknown","SOUTH WEST"
"Department for Environment Food & Rural Affairs","Department for Environment, Food and Rural Affairs","COOD DG OFFICE DIRECTORATE","200308","HEO","33590","37480","Officer","<5","Unknown","NORTH EAST"
"Department for Environment Food & Rural Affairs","Department for Environment, Food and Rural Affairs","COMMUNICATIONS DIRECTORATE","200252","HEO","33590","37480","Officer","<5","Unknown","SOUTH WEST"
"Department for Environment Food & Rural Affairs","Department for Environment, Food and Rural Affairs","ANIMAL AND PLANT HEALTH DIRECTORATE","200246","HEO","33590","37480","Officer","<5","Unknown","EAST OF ENGLAND"
"Department for Environment Food & Rural Affairs","Department for Environment, Food and Rural Affairs","ANIMAL AND PLANT HEALTH DIRECTORATE","200083","G6","65430","70690","Senior Manager","<5","Unknown","SOUTH WEST"
"Department for Environment Food & Rural Affairs","Department for Environment, Food and Rural Affairs","AGRI FOOD CHAIN DIRECTORATE","200107","G6","65430","70690","Senior Manager","<5","Unknown","SOUTH WEST"
"Department for Environment Food & Rural Affairs","Department for Environment, Food and Rural Affairs","NATIONAL BIOSECURITY CENTRE DIRECTORATE","200195","G6","65430","70690","Senior Manager","<5","Unknown","SOUTH EAST"
"Department for Environment Food & Rural Affairs","Department for Environment, Food and Rural Affairs","STRATEGY, GOVERNANCE & CLIMATE DIRECTORATE","200154","G6","65430","70690","Senior Manager","<5","Unknown","NORTHERN IRELAND"
"Department for Environment Food & Rural Affairs","Department for Environment, Food and Rural Affairs","BIODIVERSITY, LAND USE & INVESTMENT DIRECTORATE","200127","G6","65430","70690","Senior Manager","<5","Unknown","EAST OF ENGLAND"
"Department for Environment Food & Rural Affairs","Department for Environment, Food and Rural Affairs","GROUP STRATEGY DIRECTORATE","200058","G6","65430","70690","Senior Manager","<5","Unknown","SOUTH WEST"
"Department for Environment Food & Rural Affairs","Department for Environment, Food and Rural Affairs","FARMING DIRECTORATE - ADMIN COSTS","200046","G6","65430","70690","Senior Manager","<5","Unknown","EAST OF ENGLAND"
"Department for Environment Food & Rural Affairs","Department for Environment, Food and Rural Affairs","FARMING DIRECTORATE - ADMIN COSTS","200046","G6","65430","70690","Senior Manager","<5","Unknown","Unknown"
"Department for Environment Food & Rural Affairs","Department for Environment, Food and Rural Affairs","OFFICIAL DEVELOPMENT ASSISTANCE DIRECTORATE","200263","G6","65430","70690","Senior Manager","<5","Unknown","SOUTH WEST"
"Department for Environment Food & Rural Affairs","Department for Environment, Food and Rural Affairs","PORTFOLIO DIRECTORATE","200220","G6","65430","70690","Senior Manager","<5","Unknown","NORTH WEST"
"Department for Environment Food & Rural Affairs","Department for Environment, Food and Rural Affairs","WATER AND FLOOD MANAGEMENT DIRECTORATE","200096","G6","65430","70690","Senior Manager","<5","Unknown","NORTH WEST"
"Department for Environment Food & Rural Affairs","Department for Environment, Food and Rural Affairs","STRATEGY, GOVERNANCE & CLIMATE DIRECTORATE","200095","G6","65430","70690","Senior Manager","<5","Unknown","YORKSHIRE AND THE HUMBER"
"Department for Environment Food & Rural Affairs","Department for Environment, Food and Rural Affairs","BIODIVERSITY, LAND USE & INVESTMENT DIRECTORATE","200269","G6","65430","70690","Senior Manager","<5","Unknown","YORKSHIRE AND THE HUMBER"
"Department for Environment Food & Rural Affairs","Department for Environment, Food and Rural Affairs","FINANCE DIRECTORATE","200021","G6","65430","70690","Senior Manager","<5","Unknown","Unknown"
"Department for Environment Food & Rural Affairs","Department for Environment, Food and Rural Affairs","FARMING DIRECTORATE - ADMIN COSTS","200017","G6","65430","70690","Senior Manager","<5","Unknown","Unknown"
"Department for Environment Food & Rural Affairs","Department for Environment, Food and Rural Affairs","HUMAN RESOURCES DIRECTORATE","200149","G6","65430","70690","Senior Manager","<5","Unknown","WEST MIDLANDS"
"Department for Environment Food & Rural Affairs","Department for Environment, Food and Rural Affairs","OFFICIAL DEVELOPMENT ASSISTANCE DIRECTORATE","200025","G6","65430","70690","Senior Manager","<5","Unknown","YORKSHIRE AND THE HUMBER"
"Department for Environment Food & Rural Affairs","Department for Environment, Food and Rural Affairs","LIVESTOCK INFORMATION TRANSFORMATION DIRECTORATE","200268","G6","65430","70690","Senior Manager","<5","Unknown","NORTH EAST"
"Department for Environment Food & Rural Affairs","Department for Environment, Food and Rural Affairs","HUMAN RESOURCES DIRECTORATE","200296","G6","65430","70690","Senior Manager","<5","Unknown","NORTH WEST"
"Department for Environment Food & Rural Affairs","Department for Environment, Food and Rural Affairs","TRADE DELIVERY DIRECTORATE","200106","G6","65430","70690","Senior Manager","<5","Unknown","YORKSHIRE AND THE HUMBER"
"Department for Environment Food & Rural Affairs","Department for Environment, Food and Rural Affairs","GCS STRATEGY, PARTNERSHIPS AND OPERATIONS DIRECTORATE","200071","G6","65430","70690","Senior Manager","<5","Unknown","NORTH EAST"
"Department for Environment Food & Rural Affairs","Department for Environment, Food and Rural Affairs","GROUP STRATEGY DIRECTORATE","200054","G6","65430","70690","Senior Manager","<5","Unknown","SOUTH WEST"
"Department for Environment Food & Rural Affairs","Department for Environment, Food and Rural Affairs","WATER AND FLOOD MANAGEMENT DIRECTORATE","200187","G6","65430","70690","Senior Manager","<5","Unknown","SOUTH WEST"
"Department for Environment Food & Rural Affairs","Department for Environment, Food and Rural Affairs","ANIMAL AND PLANT HEALTH DIRECTORATE","200104","G7","54470","59900","Team Manager","<5","Unknown","NORTHERN IRELAND"
"Department for Environment Food & Rural Affairs","Department for Environment, Food and Rural Affairs","DEFRA GROUP PROPERTY DIRECTORATE","200078","G7","54470","59900","Team Manager","<5","Unknown","YORKSHIRE AND THE HUMBER"
"Department for Environment Food & Rural Affairs","Department for Environment, Food and Rural Affairs","DEFRA GROUP PROPERTY DIRECTORATE","200078","G7","54470","59900","Team Manager","<5","Unknown","Unknown"
"Department for Environment Food & Rural Affairs","Department for Environment, Food and Rural Affairs","ANIMAL AND PLANT HEALTH DIRECTORATE","200120","G7","54470","59900","Team Manager","<5","Unknown","Unknown"
"Department for Environment Food & Rural Affairs","Department for Environment, Food and Rural Affairs","WATER AND FLOOD MANAGEMENT DIRECTORATE","200085","G7","54470","59900","Team Manager","<5","Unknown","Unknown"
"Department for Environment Food & Rural Affairs","Department for Environment, Food and Rural Affairs","CIRCULAR ECONOMY DIRECTORATE","200227","G7","54470","59900","Team Manager","<5","Unknown","Unknown"
"Department for Environment Food & Rural Affairs","Department for Environment, Food and Rural Affairs","TRADE DELIVERY DIRECTORATE","200256","G7","54470","59900","Team Manager","<5","Unknown","Unknown"
"Department for Environment Food & Rural Affairs","Department for Environment, Food and Rural Affairs","WATER AND FLOOD MANAGEMENT DIRECTORATE","200211","G7","54470","59900","Team Manager","<5","Unknown","SOUTH WEST"
"Department for Environment Food & Rural Affairs","Department for Environment, Food and Rural Affairs","WATER AND FLOOD MANAGEMENT DIRECTORATE","200144","G7","54470","59900","Team Manager","<5","Unknown","SCOTLAND"
"Department for Environment Food & Rural Affairs","Department for Environment, Food and Rural Affairs","DEFRA GROUP PROPERTY DIRECTORATE","200300","G7","54470","59900","Team Manager","<5","Unknown","SOUTH EAST"
"Department for Environment Food & Rural Affairs","Department for Environment, Food and Rural Affairs","INTERNATIONAL BIODIVERSITY AND CLIMATE DIRECTORATE","200212","G7","54470","59900","Team Manager","<5","Unknown","UNKNOWN"
"Department for Environment Food & Rural Affairs","Department for Environment, Food and Rural Affairs","AGRI FOOD CHAIN DIRECTORATE","200107","G7","54470","59900","Team Manager","<5","Unknown","SOUTH WEST"
"Department for Environment Food & Rural Affairs","Department for Environment, Food and Rural Affairs","AGRI FOOD CHAIN DIRECTORATE","200107","G7","54470","59900","Team Manager","<5","Unknown","Unknown"
"Department for Environment Food & Rural Affairs","Department for Environment, Food and Rural Affairs","STRATEGY, GOVERNANCE & CLIMATE DIRECTORATE","200107","G7","54470","59900","Team Manager","<5","Unknown","Unknown"
"Department for Environment Food & Rural Affairs","Department for Environment, Food and Rural Affairs","STRATEGY, GOVERNANCE & CLIMATE DIRECTORATE","200154","G7","54470","59900","Team Manager","<5","Unknown","SOUTH WEST"
"Department for Environment Food & Rural Affairs","Department for Environment, Food and Rural Affairs","BIODIVERSITY, LAND USE & INVESTMENT DIRECTORATE","200154","G7","54470","59900","Team Manager","<5","Unknown","YORKSHIRE AND THE HUMBER"
"Department for Environment Food & Rural Affairs","Department for Environment, Food and Rural Affairs","EU AND INTERNATIONAL TRADE DIRECTORATE","200047","G7","54470","59900","Team Manager","<5","Unknown","SCOTLAND"
"Department for Environment Food & Rural Affairs","Department for Environment, Food and Rural Affairs","EU AND INTERNATIONAL TRADE DIRECTORATE","200047","G7","54470","59900","Team Manager","<5","Unknown","UNKNOWN"
"Department for Environment Food & Rural Affairs","Department for Environment, Food and Rural Affairs","EU AND INTERNATIONAL TRADE DIRECTORATE","200047","G7","54470","59900","Team Manager","<5","Unknown","SOUTH WEST"
"Department for Environment Food & Rural Affairs","Department for Environment, Food and Rural Affairs","BIODIVERSITY, LAND USE & INVESTMENT DIRECTORATE","200127","G7","54470","59900","Team Manager","<5","Unknown","NORTH WEST"
"Department for Environment Food & Rural Affairs","Department for Environment, Food and Rural Affairs","ENV QUALITY, INFRASTRUCTURE & PLANNING DIRECTORATE","200134","G7","54470","59900","Team Manager","<5","Unknown","SOUTH WEST"
"Department for Environment Food & Rural Affairs","Department for Environment, Food and Rural Affairs","DEFRA GROUP PROPERTY DIRECTORATE","200277","G7","54470","59900","Team Manager","<5","Unknown","SOUTH EAST"
"Department for Environment Food & Rural Affairs","Department for Environment, Food and Rural Affairs","MINISTERIAL, GROWTH AND RESILIENCE DIRECTORATE","200239","G7","54470","59900","Team Manager","<5","Unknown","Unknown"
"Department for Environment Food & Rural Affairs","Department for Environment, Food and Rural Affairs","WATER AND FLOOD MANAGEMENT DIRECTORATE","200239","G7","54470","59900","Team Manager","<5","Unknown","WEST MIDLANDS"
"Department for Environment Food & Rural Affairs","Department for Environment, Food and Rural Affairs","GCS STRATEGY, PARTNERSHIPS AND OPERATIONS DIRECTORATE","200253","G7","54470","59900","Team Manager","<5","Unknown","YORKSHIRE AND THE HUMBER"
"Department for Environment Food & Rural Affairs","Department for Environment, Food and Rural Affairs","FINANCE DIRECTORATE","200170","G7","54470","59900","Team Manager","<5","Unknown","Unknown"
"Department for Environment Food & Rural Affairs","Department for Environment, Food and Rural Affairs","WATER AND FLOOD MANAGEMENT DIRECTORATE","200145","G7","54470","59900","Team Manager","<5","Unknown","SOUTH WEST"
"Department for Environment Food & Rural Affairs","Department for Environment, Food and Rural Affairs","DEFRA GROUP PROPERTY DIRECTORATE","200299","G7","54470","59900","Team Manager","<5","Unknown","SOUTH EAST"
"Department for Environment Food & Rural Affairs","Department for Environment, Food and Rural Affairs","FINANCE DIRECTORATE","200166","G7","54470","59900","Team Manager","<5","Unknown","Unknown"
"Department for Environment Food & Rural Affairs","Department for Environment, Food and Rural Affairs","PEPR DIRECTORATE","200329","G7","54470","59900","Team Manager","<5","Unknown","SOUTH WEST"
"Department for Environment Food & Rural Affairs","Department for Environment, Food and Rural Affairs","TRADE DELIVERY DIRECTORATE","200005","G7","54470","59900","Team Manager","<5","Unknown","SOUTH WEST"
"Department for Environment Food & Rural Affairs","Department for Environment, Food and Rural Affairs","EU RESET STRATEGY & LEGISLATION DIRECTORATE","200005","G7","54470","59900","Team Manager","<5","Unknown","UNKNOWN"
"Department for Environment Food & Rural Affairs","Department for Environment, Food and Rural Affairs","ANALYSIS DIRECTORATE","200282","G7","54470","59900","Team Manager","<5","Unknown","YORKSHIRE AND THE HUMBER"
"Department for Environment Food & Rural Affairs","Department for Environment, Food and Rural Affairs","FINANCE DIRECTORATE","200285","G7","54470","59900","Team Manager","<5","Unknown","NORTH WEST"
"Department for Environment Food & Rural Affairs","Department for Environment, Food and Rural Affairs","FARMING DIRECTORATE - ADMIN COSTS","200017","G7","54470","59900","Team Manager","<5","Unknown","SOUTH WEST"
"Department for Environment Food & Rural Affairs","Department for Environment, Food and Rural Affairs","OFFICIAL DEVELOPMENT ASSISTANCE DIRECTORATE","200025","G7","54470","59900","Team Manager","<5","Unknown","Unknown"
"Department for Environment Food & Rural Affairs","Department for Environment, Food and Rural Affairs","TRADE DELIVERY DIRECTORATE","200308","G7","54470","59900","Team Manager","<5","Unknown","NORTH WEST"
"Department for Environment Food & Rural Affairs","Department for Environment, Food and Rural Affairs","TRADE DELIVERY DIRECTORATE","200106","G7","54470","59900","Team Manager","<5","Unknown","EAST MIDLANDS"
"Department for Environment Food & Rural Affairs","Department for Environment, Food and Rural Affairs","GCS STRATEGY, PARTNERSHIPS AND OPERATIONS DIRECTORATE","200071","G7","54470","59900","Team Manager","<5","Unknown","SOUTH EAST"
"Department for Environment Food & Rural Affairs","Department for Environment, Food and Rural Affairs","GROUP STRATEGY DIRECTORATE","200054","G7","54470","59900","Team Manager","<5","Unknown","UNKNOWN"
"Department for Environment Food & Rural Affairs","Department for Environment, Food and Rural Affairs","COMMUNICATIONS DIRECTORATE","200252","G7","54470","59900","Team Manager","<5","Unknown","SOUTH WEST"
"Department for Environment Food & Rural Affairs","Department for Environment, Food and Rural Affairs","ANIMAL AND PLANT HEALTH DIRECTORATE","200246","G7","54470","59900","Team Manager","<5","Unknown","SCOTLAND"
"Department for Environment Food & Rural Affairs","Department for Environment, Food and Rural Affairs","MINISTERIAL, GROWTH AND RESILIENCE DIRECTORATE","200138","G7","54470","59900","Team Manager","<5","Unknown","SOUTH EAST"
"Department for Environment Food & Rural Affairs","Department for Environment, Food and Rural Affairs","GROUP STRATEGY DIRECTORATE","200208","G7","54470","59900","Team Manager","<5","Unknown","SOUTH WEST"
"Department for Environment Food & Rural Affairs","Department for Environment, Food and Rural Affairs","WATER AND FLOOD MANAGEMENT DIRECTORATE","200187","G7","54470","59900","Team Manager","<5","Unknown","YORKSHIRE AND THE HUMBER"
"Department for Environment Food & Rural Affairs","Department for Environment, Food and Rural Affairs","STRATEGY, GOVERNANCE & CLIMATE DIRECTORATE","200199","G7","54470","59900","Team Manager","<5","Unknown","NORTH WEST"
"Department for Environment Food & Rural Affairs","Department for Environment, Food and Rural Affairs","DEFRA GROUP PROPERTY DIRECTORATE","200078","G7","54470","59900","Team Manager","<5","Unknown","NORTH EAST"
"Department for Environment Food & Rural Affairs","Department for Environment, Food and Rural Affairs","FINANCE DIRECTORATE","200167","G7","54470","59900","Team Manager","<5","Unknown","Unknown"
"Department for Environment Food & Rural Affairs","Department for Environment, Food and Rural Affairs","FARMING DIRECTORATE - ADMIN COSTS","200129","SEO","41220","44500","Team Leader","<5","Unknown","SOUTH WEST"
"Department for Environment Food & Rural Affairs","Department for Environment, Food and Rural Affairs","ANALYSIS DIRECTORATE","200070","SEO","41220","44500","Team Leader","<5","Unknown","SOUTH WEST"
"Department for Environment Food & Rural Affairs","Department for Environment, Food and Rural Affairs","GCS STRATEGY, PARTNERSHIPS AND OPERATIONS DIRECTORATE","200253","SEO","41220","44500","Team Leader","<5","Unknown","YORKSHIRE AND THE HUMBER"
"Department for Environment Food & Rural Affairs","Department for Environment, Food and Rural Affairs","BIODIVERSITY, LAND USE & INVESTMENT DIRECTORATE","200124","SEO","41220","44500","Team Leader","<5","Unknown","Unknown"
"Department for Environment Food & Rural Affairs","Department for Environment, Food and Rural Affairs","CIRCULAR ECONOMY DIRECTORATE","200232","SEO","41220","44500","Team Leader","<5","Unknown","Unknown"
"Department for Environment Food & Rural Affairs","Department for Environment, Food and Rural Affairs","WATER AND FLOOD MANAGEMENT DIRECTORATE","200085","SEO","41220","44500","Team Leader","<5","Unknown","Unknown"
"Department for Environment Food & Rural Affairs","Department for Environment, Food and Rural Affairs","HUMAN RESOURCES DIRECTORATE","200062","SEO","41220","44500","Team Leader","<5","Unknown","EAST OF ENGLAND"
"Department for Environment Food & Rural Affairs","Department for Environment, Food and Rural Affairs","FINANCE DIRECTORATE","200103","SEO","41220","44500","Team Leader","<5","Unknown","SOUTH WEST"
"Department for Environment Food & Rural Affairs","Department for Environment, Food and Rural Affairs","ANIMAL AND PLANT HEALTH DIRECTORATE","200089","SEO","41220","44500","Team Leader","<5","Unknown","WALES"
"Department for Environment Food & Rural Affairs","Department for Environment, Food and Rural Affairs","ENV QUALITY, INFRASTRUCTURE & PLANNING DIRECTORATE","200109","SEO","41220","44500","Team Leader","<5","Unknown","Unknown"
"Department for Environment Food & Rural Affairs","Department for Environment, Food and Rural Affairs","DEFRA GROUP PROPERTY DIRECTORATE","200300","SEO","41220","44500","Team Leader","<5","Unknown","NORTH WEST"
"Department for Environment Food & Rural Affairs","Department for Environment, Food and Rural Affairs","DEFRA GROUP PROPERTY DIRECTORATE","200300","SEO","41220","44500","Team Leader","<5","Unknown","YORKSHIRE AND THE HUMBER"
"Department for Environment Food & Rural Affairs","Department for Environment, Food and Rural Affairs","INTERNATIONAL BIODIVERSITY AND CLIMATE DIRECTORATE","200212","SEO","41220","44500","Team Leader","<5","Unknown","SOUTH WEST"
"Department for Environment Food & Rural Affairs","Department for Environment, Food and Rural Affairs","AGRI FOOD CHAIN DIRECTORATE","200107","SEO","41220","44500","Team Leader","<5","Unknown","Unknown"
"Department for Environment Food & Rural Affairs","Department for Environment, Food and Rural Affairs","ANALYSIS DIRECTORATE","200060","SEO","41220","44500","Team Leader","<5","Unknown","YORKSHIRE AND THE HUMBER"
"Department for Environment Food & Rural Affairs","Department for Environment, Food and Rural Affairs","BIODIVERSITY, LAND USE & INVESTMENT DIRECTORATE","200127","SEO","41220","44500","Team Leader","<5","Unknown","YORKSHIRE AND THE HUMBER"
"Department for Environment Food & Rural Affairs","Department for Environment, Food and Rural Affairs","WATER AND FLOOD MANAGEMENT DIRECTORATE","200302","SEO","41220","44500","Team Leader","<5","Unknown","SOUTH WEST"
"Department for Environment Food & Rural Affairs","Department for Environment, Food and Rural Affairs","FARMING DIRECTORATE - ADMIN COSTS","200046","SEO","41220","44500","Team Leader","<5","Unknown","Unknown"
"Department for Environment Food & Rural Affairs","Department for Environment, Food and Rural Affairs","CIRCULAR ECONOMY DIRECTORATE","200293","SEO","41220","44500","Team Leader","<5","Unknown","SOUTH WEST"
"Department for Environment Food & Rural Affairs","Department for Environment, Food and Rural Affairs","STRATEGY, GOVERNANCE & CLIMATE DIRECTORATE","200123","SEO","41220","44500","Team Leader","<5","Unknown","NORTH EAST"
"Department for Environment Food & Rural Affairs","Department for Environment, Food and Rural Affairs","FINANCE DIRECTORATE","200167","SEO","41220","44500","Team Leader","<5","Unknown","WEST MIDLANDS"
"Department for Environment Food & Rural Affairs","Department for Environment, Food and Rural Affairs","FINANCE DIRECTORATE","200167","SEO","41220","44500","Team Leader","<5","Unknown","EAST OF ENGLAND"
"Department for Environment Food & Rural Affairs","Department for Environment, Food and Rural Affairs","FINANCE DIRECTORATE","200167","SEO","41220","44500","Team Leader","<5","Unknown","EAST MIDLANDS"
"Department for Environment Food & Rural Affairs","Department for Environment, Food and Rural Affairs","TRADE DELIVERY DIRECTORATE","200214","SEO","41220","44500","Team Leader","<5","Unknown","Unknown"
"Department for Environment Food & Rural Affairs","Department for Environment, Food and Rural Affairs","AGRI FOOD CHAIN DIRECTORATE","200090","SEO","41220","44500","Team Leader","<5","Unknown","SCOTLAND"
"Department for Environment Food & Rural Affairs","Department for Environment, Food and Rural Affairs","AGRI FOOD CHAIN DIRECTORATE","200090","SEO","41220","44500","Team Leader","<5","Unknown","YORKSHIRE AND THE HUMBER"
"Department for Environment Food & Rural Affairs","Department for Environment, Food and Rural Affairs","COMMUNICATIONS DIRECTORATE","200288","SEO","41220","44500","Team Leader","<5","Unknown","SOUTH EAST"
"Department for Environment Food & Rural Affairs","Department for Environment, Food and Rural Affairs","PORTFOLIO DIRECTORATE","200220","SEO","41220","44500","Team Leader","<5","Unknown","NORTH EAST"
"Department for Environment Food & Rural Affairs","Department for Environment, Food and Rural Affairs","PORTFOLIO DIRECTORATE","200220","SEO","41220","44500","Team Leader","<5","Unknown","YORKSHIRE AND THE HUMBER"
"Department for Environment Food & Rural Affairs","Department for Environment, Food and Rural Affairs","OFFICIAL DEVELOPMENT ASSISTANCE DIRECTORATE","200025","SEO","41220","44500","Team Leader","<5","Unknown","SOUTH WEST"
"Department for Environment Food & Rural Affairs","Department for Environment, Food and Rural Affairs","HUMAN RESOURCES DIRECTORATE","200296","SEO","41220","44500","Team Leader","<5","Unknown","NORTH EAST"
"Department for Environment Food & Rural Affairs","Department for Environment, Food and Rural Affairs","FINANCE DIRECTORATE","200247","SEO","41220","44500","Team Leader","<5","Unknown","SOUTH EAST"
"Department for Environment Food & Rural Affairs","Department for Environment, Food and Rural Affairs","ANIMAL AND PLANT HEALTH DIRECTORATE","200246","SEO","41220","44500","Team Leader","<5","Unknown","YORKSHIRE AND THE HUMBER"
"Department for Environment Food & Rural Affairs","Department for Environment, Food and Rural Affairs","MINISTERIAL, GROWTH AND RESILIENCE DIRECTORATE","200138","SEO","41220","44500","Team Leader","<5","Unknown","SOUTH EAST"
"Department for Environment Food & Rural Affairs","Department for Environment, Food and Rural Affairs","COMMUNICATIONS DIRECTORATE","200200","SEO","41220","44500","Team Leader","<5","Unknown","WEST MIDLANDS"
"Department for Environment Food & Rural Affairs","Department for Environment, Food and Rural Affairs","WATER AND FLOOD MANAGEMENT DIRECTORATE","200302","SEO","41220","44500","Team Leader","<5","Unknown","YORKSHIRE AND THE HUMBER"
"Department for Environment Food & Rural Affairs","Department for Environment, Food and Rural Affairs","FINANCE DIRECTORATE","200167","SEO","41220","44500","Team Leader","<5","Unknown","SOUTH WEST"
"Department for Environment Food & Rural Affairs","Department for Environment, Food and Rural Affairs","STRATEGY, GOVERNANCE & CLIMATE DIRECTORATE","200298","SEO","41220","44500","Team Leader","<5","Unknown","Unknown"
"Department for Environment Food & Rural Affairs","Department for Environment, Food and Rural Affairs","GCS STRATEGY, PARTNERSHIPS AND OPERATIONS DIRECTORATE","200253","G7","54470","59900","Team Manager","<5","Unknown","EAST OF ENGLAND"
"Department for Environment Food & Rural Affairs","Department for Environment, Food and Rural Affairs","FARMING DIRECTORATE - ADMIN COSTS","200020","G7","54470","59900","Team Manager","<5","Unknown","Unknown"
"Department for Environment Food & Rural Affairs","Department for Environment, Food and Rural Affairs","AGRI FOOD CHAIN DIRECTORATE","200174","G7","54470","59900","Team Manager","<5","Unknown","Unknown"
"Department for Environment Food & Rural Affairs","Department for Environment, Food and Rural Affairs","BIODIVERSITY, LAND USE & INVESTMENT DIRECTORATE","200124","HEO","33590","37480","Officer","<5","Unknown","Unknown"
"Department for Environment Food & Rural Affairs","Department for Environment, Food and Rural Affairs","ANIMAL AND PLANT HEALTH DIRECTORATE","200118","AO","25070","28680","Executive Assistant","<5","Unknown","YORKSHIRE AND THE HUMBER"
"Department for Environment Food & Rural Affairs","Department for Environment, Food and Rural Affairs","DEFRA GROUP PROPERTY DIRECTORATE","200313","EO","28710","32220","Executive Officer","<5","Unknown","EAST OF ENGLAND"
"Department for Environment Food & Rural Affairs","Department for Environment, Food and Rural Affairs","OFFICE OF THE CHIEF DATA OFFICER DIRECTORATE","200259","EO","28710","32220","Executive Officer","<5","Unknown","NORTH EAST"
"Department for Environment Food & Rural Affairs","Department for Environment, Food and Rural Affairs","ANALYSIS DIRECTORATE","200060","HEO","33590","37480","Officer","<5","Unknown","NORTH WEST"
"Department for Environment Food & Rural Affairs","Department for Environment, Food and Rural Affairs","FARMING DIRECTORATE - ADMIN COSTS","200126","G6","65430","70690","Senior Manager","<5","Unknown","SOUTH WEST"
"Department for Environment Food & Rural Affairs","Department for Environment, Food and Rural Affairs","COMMUNICATIONS DIRECTORATE","200288","HEO","33590","37480","Officer","<5","Unknown","SOUTH EAST"
"Department for Environment Food & Rural Affairs","Department for Environment, Food and Rural Affairs","STRATEGY, GOVERNANCE & CLIMATE DIRECTORATE","200298","G6","65430","70690","Senior Manager","<5","Unknown","Unknown"
"Department for Environment Food & Rural Affairs","Department for Environment, Food and Rural Affairs","GCS STRATEGY, PARTNERSHIPS AND OPERATIONS DIRECTORATE","200253","HEO","33590","37480","Officer","<5","Unknown","WEST MIDLANDS"
"Department for Environment Food & Rural Affairs","Department for Environment, Food and Rural Affairs","FINANCE DIRECTORATE","200166","HEO","33590","37480","Officer","<5","Unknown","SOUTH WEST"
"Department for Environment Food & Rural Affairs","Department for Environment, Food and Rural Affairs","NATIONAL BIOSECURITY CENTRE DIRECTORATE","200280","HEO","33590","37480","Officer","<5","Unknown","WALES"
"Department for Environment Food & Rural Affairs","Department for Environment, Food and Rural Affairs","CHANGE DELIVERY DIRECTORATE","200048","EO","28710","32220","Executive Officer","<5","Unknown","NORTH EAST"
"Department for Environment Food & Rural Affairs","Department for Environment, Food and Rural Affairs","COMMUNICATIONS DIRECTORATE","200200","EO","28710","32220","Executive Officer","<5","Unknown","NORTH EAST"
"Department for Environment Food & Rural Affairs","Department for Environment, Food and Rural Affairs","SCIENCE DIRECTORATE","200112","HEO","33590","37480","Officer","<5","Unknown","SOUTH WEST"
"Department for Environment Food & Rural Affairs","Department for Environment, Food and Rural Affairs","BIODIVERSITY, LAND USE & INVESTMENT DIRECTORATE","200124","SEO","41220","44500","Team Leader","<5","Unknown","SOUTH WEST"
"Department for Environment Food & Rural Affairs","Department for Environment, Food and Rural Affairs","CIRCULAR ECONOMY DIRECTORATE","200227","SEO","41220","44500","Team Leader","<5","Unknown","Unknown"
"Department for Environment Food & Rural Affairs","Department for Environment, Food and Rural Affairs","STRATEGY, GOVERNANCE & CLIMATE DIRECTORATE","200298","SEO","41220","44500","Team Leader","<5","Unknown","SOUTH EAST"
"Department for Environment Food & Rural Affairs","Department for Environment, Food and Rural Affairs","EU RESET STRATEGY & LEGISLATION DIRECTORATE","200005","SEO","41220","44500","Team Leader","<5","Unknown","YORKSHIRE AND THE HUMBER"
"Department for Environment Food & Rural Affairs","Department for Environment, Food and Rural Affairs","FARMING DIRECTORATE - ADMIN COSTS","200017","SEO","41220","44500","Team Leader","<5","Unknown","Unknown"
"Department for Environment Food & Rural Affairs","Department for Environment, Food and Rural Affairs","AGRI FOOD CHAIN DIRECTORATE","200174","SEO","41220","44500","Team Leader","<5","Unknown","UNKNOWN"
"Department for Environment Food & Rural Affairs","Department for Environment, Food and Rural Affairs","MINISTERIAL, GROWTH AND RESILIENCE DIRECTORATE","200138","SEO","41220","44500","Team Leader","<5","Unknown","Unknown"
"Department for Environment Food & Rural Affairs","Department for Environment, Food and Rural Affairs","SCIENCE DIRECTORATE","200112","SEO","41220","44500","Team Leader","<5","Unknown","NORTH WEST"
"Department for Environment Food & Rural Affairs","Department for Environment, Food and Rural Affairs","ENV QUALITY, INFRASTRUCTURE & PLANNING DIRECTORATE","200135","G7","54470","59900","Team Manager","<5","Unknown","SOUTH WEST"
"Department for Environment Food & Rural Affairs","Department for Environment, Food and Rural Affairs","DEFRA GROUP PROPERTY DIRECTORATE","200313","G7","54470","59900","Team Manager","<5","Unknown","Unknown"
"Department for Environment Food & Rural Affairs","Department for Environment, Food and Rural Affairs","AGRI FOOD CHAIN DIRECTORATE","200107","G7","54470","59900","Team Manager","<5","Unknown","WEST MIDLANDS"
"Department for Environment Food & Rural Affairs","Department for Environment, Food and Rural Affairs","FARMING DIRECTORATE - ADMIN COSTS","200126","G7","54470","59900","Team Manager","<5","Unknown","Unknown"
"Department for Environment Food & Rural Affairs","Department for Environment, Food and Rural Affairs","GROUP STRATEGY DIRECTORATE","200058","G7","54470","59900","Team Manager","<5","Unknown","SOUTH WEST"
"Department for Environment Food & Rural Affairs","Department for Environment, Food and Rural Affairs","FARMING DIRECTORATE - ADMIN COSTS","200046","G7","54470","59900","Team Manager","<5","Unknown","YORKSHIRE AND THE HUMBER"
"Department for Environment Food & Rural Affairs","Department for Environment, Food and Rural Affairs","CIRCULAR ECONOMY DIRECTORATE","200293","G7","54470","59900","Team Manager","<5","Unknown","UNKNOWN"
"Department for Environment Food & Rural Affairs","Department for Environment, Food and Rural Affairs","TRADE DELIVERY DIRECTORATE","200214","G7","54470","59900","Team Manager","<5","Unknown","SOUTH WEST"
"Department for Environment Food & Rural Affairs","Department for Environment, Food and Rural Affairs","OFFICIAL DEVELOPMENT ASSISTANCE DIRECTORATE","200263","G7","54470","59900","Team Manager","<5","Unknown","Unknown"
"Department for Environment Food & Rural Affairs","Department for Environment, Food and Rural Affairs","STRATEGY, GOVERNANCE & CLIMATE DIRECTORATE","200095","G7","54470","59900","Team Manager","<5","Unknown","Unknown"
"Department for Environment Food & Rural Affairs","Department for Environment, Food and Rural Affairs","PEPR DIRECTORATE","200329","G7","54470","59900","Team Manager","<5","Unknown","EAST OF ENGLAND"
"Department for Environment Food & Rural Affairs","Department for Environment, Food and Rural Affairs","FARMING DIRECTORATE - ADMIN COSTS","200119","G7","54470","59900","Team Manager","<5","Unknown","Unknown"
"Department for Environment Food & Rural Affairs","Department for Environment, Food and Rural Affairs","COMMERCIAL DIRECTORATE","200270","EO","28710","32220","Executive Officer","<5","Unknown","EAST OF ENGLAND"
"Department for Environment Food & Rural Affairs","Department for Environment, Food and Rural Affairs","COMMERCIAL DIRECTORATE","200270","EO","28710","32220","Executive Officer","<5","Unknown","WEST MIDLANDS"
"Department for Environment Food & Rural Affairs","Department for Environment, Food and Rural Affairs","COMMERCIAL DIRECTORATE","200270","HEO","33590","37480","Officer","<5","Unknown","WEST MIDLANDS"
"Department for Environment Food & Rural Affairs","Department for Environment, Food and Rural Affairs","COMMERCIAL DIRECTORATE","200270","HEO","33590","37480","Officer","<5","Unknown","SOUTH EAST"
"Department for Environment Food & Rural Affairs","Department for Environment, Food and Rural Affairs","COMMERCIAL DIRECTORATE","200270","G7","54470","59900","Team Manager","<5","Unknown","SOUTH WEST"
"Department for Environment Food & Rural Affairs","Department for Environment, Food and Rural Affairs","COMMERCIAL DIRECTORATE","200270","SEO","41220","44500","Team Leader","<5","Unknown","SOUTH WEST"
"Department for Environment Food & Rural Affairs","Department for Environment, Food and Rural Affairs","COMMERCIAL DIRECTORATE","200270","SEO","41220","44500","Team Leader","<5","Unknown","YORKSHIRE AND THE HUMBER"
"Department for Environment Food & Rural Affairs","Department for Environment, Food and Rural Affairs","COMMERCIAL DIRECTORATE","200270","SEO","41220","44500","Team Leader","<5","Unknown","UNKNOWN"
"Department for Environment Food & Rural Affairs","Department for Environment, Food and Rural Affairs","COMMERCIAL DIRECTORATE","200270","SEO","41220","44500","Team Leader","<5","Unknown","EAST OF ENGLAND"
"Department for Environment Food & Rural Affairs","Department for Environment, Food and Rural Affairs","COMMERCIAL DIRECTORATE","200270","SEO","41220","44500","Team Leader","<5","Unknown","NORTH WEST"
"Department for Environment Food & Rural Affairs","Department for Environment, Food and Rural Affairs","GCS STRATEGY, PARTNERSHIPS AND OPERATIONS DIRECTORATE","200071","G6","65430","70690","Senior Manager","<5","Unknown","Unknown"
"Department for Environment Food & Rural Affairs","Department for Environment, Food and Rural Affairs","COMMERCIAL DIRECTORATE","200270","EO","28710","32220","Executive Officer","<5","Unknown","YORKSHIRE AND THE HUMBER"
"Department for Environment Food & Rural Affairs","Department for Environment, Food and Rural Affairs","DIGITAL, DATA, TECHNOLOGY AND SECURITY DIRECTORATE","200243","G7","54470","59900","Team Manager","<5","Digital  Data and Technology","SOUTH EAST"
"Department for Environment Food & Rural Affairs","Department for Environment, Food and Rural Affairs","DIGITAL, DATA, TECHNOLOGY AND SECURITY DIRECTORATE","200243","G6","65430","70690","Senior Manager","<5","Digital  Data and Technology","NORTH EAST"
"Department for Environment Food & Rural Affairs","Department for Environment, Food and Rural Affairs","DIGITAL, DATA, TECHNOLOGY AND SECURITY DIRECTORATE","200243","HEO","33590","37480","Officer","<5","Digital  Data and Technology","NORTH EAST"
"Department for Environment Food & Rural Affairs","Department for Environment, Food and Rural Affairs","DIGITAL, DATA, TECHNOLOGY AND SECURITY DIRECTORATE","200243","G6","65430","70690","Senior Manager","<5","Digital  Data and Technology","SOUTH WEST"
"Department for Environment Food & Rural Affairs","Department for Environment, Food and Rural Affairs","DIGITAL, DATA, TECHNOLOGY AND SECURITY DIRECTORATE","200036","G6","65430","70690","Senior Manager","<5","Digital  Data and Technology","Unknown"
"Department for Environment Food & Rural Affairs","Department for Environment, Food and Rural Affairs","DIGITAL, DATA, TECHNOLOGY AND SECURITY DIRECTORATE","200036","SEO","41220","44500","Team Leader","<5","Digital  Data and Technology","SOUTH WEST"
"Department for Environment Food & Rural Affairs","Department for Environment, Food and Rural Affairs","DIGITAL, DATA, TECHNOLOGY AND SECURITY DIRECTORATE","200036","G6","65430","70690","Senior Manager","<5","Digital  Data and Technology","WEST MIDLANDS"
"Department for Environment Food & Rural Affairs","Department for Environment, Food and Rural Affairs","DIGITAL, DATA, TECHNOLOGY AND SECURITY DIRECTORATE","200036","HEO","33590","37480","Officer","<5","Digital  Data and Technology","YORKSHIRE AND THE HUMBER"
"Department for Environment Food & Rural Affairs","Department for Environment, Food and Rural Affairs","DIGITAL, DATA, TECHNOLOGY AND SECURITY DIRECTORATE","200073","SEO","41220","44500","Team Leader","<5","Digital  Data and Technology","SOUTH EAST"
"Department for Environment Food & Rural Affairs","Department for Environment, Food and Rural Affairs","DIGITAL, DATA, TECHNOLOGY AND SECURITY DIRECTORATE","200073","HEO","33590","37480","Officer","<5","Digital  Data and Technology","SOUTH EAST"
"Department for Environment Food & Rural Affairs","Department for Environment, Food and Rural Affairs","DIGITAL, DATA, TECHNOLOGY AND SECURITY DIRECTORATE","200073","HEO","33590","37480","Officer","<5","Digital  Data and Technology","EAST OF ENGLAND"
"Department for Environment Food & Rural Affairs","Department for Environment, Food and Rural Affairs","DIGITAL, DATA, TECHNOLOGY AND SECURITY DIRECTORATE","200181","G7","54470","59900","Team Manager","<5","Digital  Data and Technology","YORKSHIRE AND THE HUMBER"
"Department for Environment Food & Rural Affairs","Department for Environment, Food and Rural Affairs","DIGITAL, DATA, TECHNOLOGY AND SECURITY DIRECTORATE","200304","SEO","41220","44500","Team Leader","<5","Digital  Data and Technology","YORKSHIRE AND THE HUMBER"
"Department for Environment Food & Rural Affairs","Department for Environment, Food and Rural Affairs","DIGITAL, DATA, TECHNOLOGY AND SECURITY DIRECTORATE","200304","G7","54470","59900","Team Manager","<5","Digital  Data and Technology","Unknown"
"Department for Environment Food & Rural Affairs","Department for Environment, Food and Rural Affairs","DIGITAL, DATA, TECHNOLOGY AND SECURITY DIRECTORATE","200304","G6","65430","70690","Senior Manager","<5","Digital  Data and Technology","Unknown"
"Department for Environment Food & Rural Affairs","Department for Environment, Food and Rural Affairs","DIGITAL, DATA, TECHNOLOGY AND SECURITY DIRECTORATE","200304","G6","65430","70690","Senior Manager","<5","Digital  Data and Technology","EAST MIDLANDS"
"Department for Environment Food & Rural Affairs","Department for Environment, Food and Rural Affairs","DIGITAL, DATA, TECHNOLOGY AND SECURITY DIRECTORATE","200304","G6","65430","70690","Senior Manager","<5","Digital  Data and Technology","SOUTH WEST"
"Department for Environment Food & Rural Affairs","Department for Environment, Food and Rural Affairs","DIGITAL, DATA, TECHNOLOGY AND SECURITY DIRECTORATE","200304","G7","54470","59900","Team Manager","<5","Digital  Data and Technology","NORTH WEST"
"Department for Environment Food & Rural Affairs","Department for Environment, Food and Rural Affairs","DIGITAL, DATA, TECHNOLOGY AND SECURITY DIRECTORATE","200304","SEO","41220","44500","Team Leader","<5","Digital  Data and Technology","NORTH EAST"
"Department for Environment Food & Rural Affairs","Department for Environment, Food and Rural Affairs","DIGITAL, DATA, TECHNOLOGY AND SECURITY DIRECTORATE","200305","G7","54470","59900","Team Manager","<5","Digital  Data and Technology","NORTH EAST"
"Department for Environment Food & Rural Affairs","Department for Environment, Food and Rural Affairs","DIGITAL, DATA, TECHNOLOGY AND SECURITY DIRECTORATE","200305","G7","54470","59900","Team Manager","<5","Digital  Data and Technology","SOUTH WEST"
"Department for Environment Food & Rural Affairs","Department for Environment, Food and Rural Affairs","DIGITAL, DATA, TECHNOLOGY AND SECURITY DIRECTORATE","200305","G7","54470","59900","Team Manager","<5","Digital  Data and Technology","NORTH WEST"
"Department for Environment Food & Rural Affairs","Department for Environment, Food and Rural Affairs","DIGITAL, DATA, TECHNOLOGY AND SECURITY DIRECTORATE","200305","G7","54470","59900","Team Manager","<5","Digital  Data and Technology","Unknown"
"Department for Environment Food & Rural Affairs","Department for Environment, Food and Rural Affairs","DIGITAL, DATA, TECHNOLOGY AND SECURITY DIRECTORATE","200305","G7","54470","59900","Team Manager","<5","Digital  Data and Technology","EAST MIDLANDS"
"Department for Environment Food & Rural Affairs","Department for Environment, Food and Rural Affairs","DIGITAL, DATA, TECHNOLOGY AND SECURITY DIRECTORATE","200197","G6","65430","70690","Senior Manager","<5","Digital  Data and Technology","WEST MIDLANDS"
"Department for Environment Food & Rural Affairs","Department for Environment, Food and Rural Affairs","DIGITAL, DATA, TECHNOLOGY AND SECURITY DIRECTORATE","200197","G6","65430","70690","Senior Manager","<5","Digital  Data and Technology","NORTH WEST"
"Department for Environment Food & Rural Affairs","Department for Environment, Food and Rural Affairs","DIGITAL, DATA, TECHNOLOGY AND SECURITY DIRECTORATE","200059","G6","65430","70690","Senior Manager","<5","Digital  Data and Technology","Unknown"
"Department for Environment Food & Rural Affairs","Department for Environment, Food and Rural Affairs","DIGITAL, DATA, TECHNOLOGY AND SECURITY DIRECTORATE","200059","G6","65430","70690","Senior Manager","<5","Digital  Data and Technology","SOUTH EAST"
"Department for Environment Food & Rural Affairs","Department for Environment, Food and Rural Affairs","DIGITAL, DATA, TECHNOLOGY AND SECURITY DIRECTORATE","200059","G7","54470","59900","Team Manager","<5","Digital  Data and Technology","SOUTH EAST"
"Department for Environment Food & Rural Affairs","Department for Environment, Food and Rural Affairs","DIGITAL, DATA, TECHNOLOGY AND SECURITY DIRECTORATE","200059","G7","54470","59900","Team Manager","<5","Digital  Data and Technology","YORKSHIRE AND THE HUMBER"
"Department for Environment Food & Rural Affairs","Department for Environment, Food and Rural Affairs","DIGITAL, DATA, TECHNOLOGY AND SECURITY DIRECTORATE","200059","G6","65430","70690","Senior Manager","<5","Digital  Data and Technology","SOUTH WEST"
"Department for Environment Food & Rural Affairs","Department for Environment, Food and Rural Affairs","DIGITAL, DATA, TECHNOLOGY AND SECURITY DIRECTORATE","200059","G7","54470","59900","Team Manager","<5","Digital  Data and Technology","NORTH WEST"
"Department for Environment Food & Rural Affairs","Department for Environment, Food and Rural Affairs","DIGITAL, DATA, TECHNOLOGY AND SECURITY DIRECTORATE","200059","G6","65430","70690","Senior Manager","<5","Digital  Data and Technology","WEST MIDLANDS"
"Department for Environment Food & Rural Affairs","Department for Environment, Food and Rural Affairs","DIGITAL, DATA, TECHNOLOGY AND SECURITY DIRECTORATE","200059","G6","65430","70690","Senior Manager","<5","Digital  Data and Technology","NORTH WEST"
"Department for Environment Food & Rural Affairs","Department for Environment, Food and Rural Affairs","DIGITAL, DATA, TECHNOLOGY AND SECURITY DIRECTORATE","200038","G6","65430","70690","Senior Manager","<5","Digital  Data and Technology","NORTH EAST"
"Department for Environment Food & Rural Affairs","Department for Environment, Food and Rural Affairs","DIGITAL, DATA, TECHNOLOGY AND SECURITY DIRECTORATE","200234","G6","65430","70690","Senior Manager","<5","Digital  Data and Technology","YORKSHIRE AND THE HUMBER"
"Department for Environment Food & Rural Affairs","Department for Environment, Food and Rural Affairs","DIGITAL, DATA, TECHNOLOGY AND SECURITY DIRECTORATE","200234","G7","54470","59900","Team Manager","<5","Digital  Data and Technology","SOUTH WEST"
"Department for Environment Food & Rural Affairs","Department for Environment, Food and Rural Affairs","DIGITAL, DATA, TECHNOLOGY AND SECURITY DIRECTORATE","200234","HEO","33590","37480","Officer","<5","Digital  Data and Technology","SOUTH WEST"
"Department for Environment Food & Rural Affairs","Department for Environment, Food and Rural Affairs","DIGITAL, DATA, TECHNOLOGY AND SECURITY DIRECTORATE","200234","HEO","33590","37480","Officer","<5","Digital  Data and Technology","NORTH WEST"
"Department for Environment Food & Rural Affairs","Department for Environment, Food and Rural Affairs","DIGITAL, DATA, TECHNOLOGY AND SECURITY DIRECTORATE","200076","G6","65430","70690","Senior Manager","<5","Digital  Data and Technology","NORTH WEST"
"Department for Environment Food & Rural Affairs","Department for Environment, Food and Rural Affairs","DIGITAL, DATA, TECHNOLOGY AND SECURITY DIRECTORATE","200076","G6","65430","70690","Senior Manager","<5","Digital  Data and Technology","SOUTH WEST"
"Department for Environment Food & Rural Affairs","Department for Environment, Food and Rural Affairs","DIGITAL, DATA, TECHNOLOGY AND SECURITY DIRECTORATE","200181","G6","65430","70690","Senior Manager","<5","Digital  Data and Technology","WEST MIDLANDS"
"Department for Environment Food & Rural Affairs","Department for Environment, Food and Rural Affairs","DIGITAL, DATA, TECHNOLOGY AND SECURITY DIRECTORATE","200181","G6","65430","70690","Senior Manager","<5","Digital  Data and Technology","Unknown"
"Department for Environment Food & Rural Affairs","Department for Environment, Food and Rural Affairs","DIGITAL, DATA, TECHNOLOGY AND SECURITY DIRECTORATE","200181","G7","54470","59900","Team Manager","<5","Digital  Data and Technology","SOUTH WEST"
"Department for Environment Food & Rural Affairs","Department for Environment, Food and Rural Affairs","DIGITAL, DATA, TECHNOLOGY AND SECURITY DIRECTORATE","200181","HEO","33590","37480","Officer","<5","Digital  Data and Technology","SOUTH WEST"
"Department for Environment Food & Rural Affairs","Department for Environment, Food and Rural Affairs","DIGITAL, DATA, TECHNOLOGY AND SECURITY DIRECTORATE","200181","SEO","41220","44500","Team Leader","<5","Digital  Data and Technology","Unknown"
"Department for Environment Food & Rural Affairs","Department for Environment, Food and Rural Affairs","DIGITAL, DATA, TECHNOLOGY AND SECURITY DIRECTORATE","200181","G7","54470","59900","Team Manager","<5","Digital  Data and Technology","Unknown"
"Department for Environment Food & Rural Affairs","Department for Environment, Food and Rural Affairs","DIGITAL, DATA, TECHNOLOGY AND SECURITY DIRECTORATE","200181","EO","28710","32220","Executive Officer","<5","Digital  Data and Technology","SOUTH EAST"
"Department for Environment Food & Rural Affairs","Department for Environment, Food and Rural Affairs","DIGITAL, DATA, TECHNOLOGY AND SECURITY DIRECTORATE","200181","EO","28710","32220","Executive Officer","<5","Digital  Data and Technology","Unknown"
"Department for Environment Food & Rural Affairs","Department for Environment, Food and Rural Affairs","DIGITAL, DATA, TECHNOLOGY AND SECURITY DIRECTORATE","200181","G7","54470","59900","Team Manager","<5","Digital  Data and Technology","SOUTH EAST"
"Department for Environment Food & Rural Affairs","Department for Environment, Food and Rural Affairs","DIGITAL, DATA, TECHNOLOGY AND SECURITY DIRECTORATE","200181","G7","54470","59900","Team Manager","<5","Digital  Data and Technology","NORTH WEST"
"Department for Environment Food & Rural Affairs","Department for Environment, Food and Rural Affairs","DIGITAL, DATA, TECHNOLOGY AND SECURITY DIRECTORATE","200181","HEO","33590","37480","Officer","<5","Digital  Data and Technology","SOUTH EAST"
"Department for Environment Food & Rural Affairs","Department for Environment, Food and Rural Affairs","DIGITAL, DATA, TECHNOLOGY AND SECURITY DIRECTORATE","200181","EO","28710","32220","Executive Officer","<5","Digital  Data and Technology","SOUTH WEST"
"Department for Environment Food & Rural Affairs","Department for Environment, Food and Rural Affairs","DIGITAL, DATA, TECHNOLOGY AND SECURITY DIRECTORATE","200181","G6","65430","70690","Senior Manager","<5","Digital  Data and Technology","NORTH WEST"
"Department for Environment Food & Rural Affairs","Department for Environment, Food and Rural Affairs","DIGITAL, DATA, TECHNOLOGY AND SECURITY DIRECTORATE","200334","HEO","33590","37480","Officer","<5","Digital  Data and Technology","NORTH WEST"
"Department for Environment Food & Rural Affairs","Department for Environment, Food and Rural Affairs","DIGITAL, DATA, TECHNOLOGY AND SECURITY DIRECTORATE","200334","SEO","41220","44500","Team Leader","<5","Digital  Data and Technology","NORTH WEST"
"Department for Environment Food & Rural Affairs","Department for Environment, Food and Rural Affairs","DIGITAL, DATA, TECHNOLOGY AND SECURITY DIRECTORATE","200334","AO","25070","28680","Executive Assistant","<5","Digital  Data and Technology","SOUTH WEST"
"Department for Environment Food & Rural Affairs","Department for Environment, Food and Rural Affairs","DIGITAL, DATA, TECHNOLOGY AND SECURITY DIRECTORATE","200334","SEO","41220","44500","Team Leader","<5","Digital  Data and Technology","EAST OF ENGLAND"
"Department for Environment Food & Rural Affairs","Department for Environment, Food and Rural Affairs","DIGITAL, DATA, TECHNOLOGY AND SECURITY DIRECTORATE","200334","EO","28710","32220","Executive Officer","<5","Digital  Data and Technology","NORTH WEST"
"Department for Environment Food & Rural Affairs","Department for Environment, Food and Rural Affairs","DIGITAL, DATA, TECHNOLOGY AND SECURITY DIRECTORATE","200334","G7","54470","59900","Team Manager","<5","Digital  Data and Technology","Unknown"
"Department for Environment Food & Rural Affairs","Department for Environment, Food and Rural Affairs","DIGITAL, DATA, TECHNOLOGY AND SECURITY DIRECTORATE","200334","HEO","33590","37480","Officer","<5","Digital  Data and Technology","Unknown"
"Department for Environment Food & Rural Affairs","Department for Environment, Food and Rural Affairs","DIGITAL, DATA, TECHNOLOGY AND SECURITY DIRECTORATE","200334","G7","54470","59900","Team Manager","<5","Digital  Data and Technology","SOUTH EAST"
"Department for Environment Food & Rural Affairs","Department for Environment, Food and Rural Affairs","DIGITAL, DATA, TECHNOLOGY AND SECURITY DIRECTORATE","200334","HEO","33590","37480","Officer","<5","Digital  Data and Technology","NORTH EAST"
"Department for Environment Food & Rural Affairs","Department for Environment, Food and Rural Affairs","DIGITAL, DATA, TECHNOLOGY AND SECURITY DIRECTORATE","200334","EO","28710","32220","Executive Officer","<5","Digital  Data and Technology","Unknown"
"Department for Environment Food & Rural Affairs","Department for Environment, Food and Rural Affairs","DIGITAL, DATA, TECHNOLOGY AND SECURITY DIRECTORATE","200334","SEO","41220","44500","Team Leader","<5","Digital  Data and Technology","SOUTH WEST"
"Department for Environment Food & Rural Affairs","Department for Environment, Food and Rural Affairs","DIGITAL, DATA, TECHNOLOGY AND SECURITY DIRECTORATE","200334","SEO","41220","44500","Team Leader","<5","Digital  Data and Technology","SOUTH EAST"
"Department for Environment Food & Rural Affairs","Department for Environment, Food and Rural Affairs","DIGITAL, DATA, TECHNOLOGY AND SECURITY DIRECTORATE","200334","SEO","41220","44500","Team Leader","<5","Digital  Data and Technology","NORTH EAST"
"Department for Environment Food & Rural Affairs","Department for Environment, Food and Rural Affairs","DIGITAL, DATA, TECHNOLOGY AND SECURITY DIRECTORATE","200334","EO","28710","32220","Executive Officer","<5","Digital  Data and Technology","SOUTH WEST"
"Department for Environment Food & Rural Affairs","Department for Environment, Food and Rural Affairs","DIGITAL, DATA, TECHNOLOGY AND SECURITY DIRECTORATE","200334","G7","54470","59900","Team Manager","<5","Digital  Data and Technology","YORKSHIRE AND THE HUMBER"
"Department for Environment Food & Rural Affairs","Department for Environment, Food and Rural Affairs","DIGITAL, DATA, TECHNOLOGY AND SECURITY DIRECTORATE","200334","HEO","33590","37480","Officer","<5","Digital  Data and Technology","SOUTH EAST"
"Department for Environment Food & Rural Affairs","Department for Environment, Food and Rural Affairs","DIGITAL, DATA, TECHNOLOGY AND SECURITY DIRECTORATE","200334","G6","65430","70690","Senior Manager","<5","Digital  Data and Technology","NORTH WEST"
"Department for Environment Food & Rural Affairs","Department for Environment, Food and Rural Affairs","DIGITAL, DATA, TECHNOLOGY AND SECURITY DIRECTORATE","200334","HEO","33590","37480","Officer","<5","Digital  Data and Technology","SCOTLAND"
"Department for Environment Food & Rural Affairs","Department for Environment, Food and Rural Affairs","DIGITAL, DATA, TECHNOLOGY AND SECURITY DIRECTORATE","200334","HEO","33590","37480","Officer","<5","Digital  Data and Technology","EAST MIDLANDS"
"Department for Environment Food & Rural Affairs","Department for Environment, Food and Rural Affairs","DIGITAL, DATA, TECHNOLOGY AND SECURITY DIRECTORATE","200334","SEO","41220","44500","Team Leader","<5","Digital  Data and Technology","Unknown"
"Department for Environment Food & Rural Affairs","Department for Environment, Food and Rural Affairs","DIGITAL, DATA, TECHNOLOGY AND SECURITY DIRECTORATE","200334","G6","65430","70690","Senior Manager","<5","Digital  Data and Technology","Unknown"
"Department for Environment Food & Rural Affairs","Department for Environment, Food and Rural Affairs","DIGITAL, DATA, TECHNOLOGY AND SECURITY DIRECTORATE","200334","HEO","33590","37480","Officer","<5","Digital  Data and Technology","YORKSHIRE AND THE HUMBER"
"Department for Environment Food & Rural Affairs","Department for Environment, Food and Rural Affairs","DIGITAL, DATA, TECHNOLOGY AND SECURITY DIRECTORATE","200334","EO","28710","32220","Executive Officer","<5","Digital  Data and Technology","SOUTH EAST"
"Department for Environment Food & Rural Affairs","Department for Environment, Food and Rural Affairs","DIGITAL, DATA, TECHNOLOGY AND SECURITY DIRECTORATE","200159","G7","54470","59900","Team Manager","<5","Digital  Data and Technology","YORKSHIRE AND THE HUMBER"
"Department for Environment Food & Rural Affairs","Department for Environment, Food and Rural Affairs","DIGITAL, DATA, TECHNOLOGY AND SECURITY DIRECTORATE","200159","HEO","33590","37480","Officer","<5","Digital  Data and Technology","WEST MIDLANDS"
"Department for Environment Food & Rural Affairs","Department for Environment, Food and Rural Affairs","DIGITAL, DATA, TECHNOLOGY AND SECURITY DIRECTORATE","200159","SEO","41220","44500","Team Leader","<5","Digital  Data and Technology","WEST MIDLANDS"
"Department for Environment Food & Rural Affairs","Department for Environment, Food and Rural Affairs","DIGITAL, DATA, TECHNOLOGY AND SECURITY DIRECTORATE","200159","G6","65430","70690","Senior Manager","<5","Digital  Data and Technology","Unknown"
"Department for Environment Food & Rural Affairs","Department for Environment, Food and Rural Affairs","DIGITAL, DATA, TECHNOLOGY AND SECURITY DIRECTORATE","200159","G7","54470","59900","Team Manager","<5","Digital  Data and Technology","NORTH WEST"
"Department for Environment Food & Rural Affairs","Department for Environment, Food and Rural Affairs","DIGITAL, DATA, TECHNOLOGY AND SECURITY DIRECTORATE","200159","G7","54470","59900","Team Manager","<5","Digital  Data and Technology","Unknown"
"Department for Environment Food & Rural Affairs","Department for Environment, Food and Rural Affairs","DIGITAL, DATA, TECHNOLOGY AND SECURITY DIRECTORATE","200159","G7","54470","59900","Team Manager","<5","Digital  Data and Technology","SOUTH EAST"
"Department for Environment Food & Rural Affairs","Department for Environment, Food and Rural Affairs","DIGITAL, DATA, TECHNOLOGY AND SECURITY DIRECTORATE","200159","G6","65430","70690","Senior Manager","<5","Digital  Data and Technology","NORTH WEST"
"Department for Environment Food & Rural Affairs","Department for Environment, Food and Rural Affairs","DIGITAL, DATA, TECHNOLOGY AND SECURITY DIRECTORATE","200159","SEO","41220","44500","Team Leader","<5","Digital  Data and Technology","EAST MIDLANDS"
"Department for Environment Food & Rural Affairs","Department for Environment, Food and Rural Affairs","DIGITAL, DATA, TECHNOLOGY AND SECURITY DIRECTORATE","200159","G6","65430","70690","Senior Manager","<5","Digital  Data and Technology","WEST MIDLANDS"
"Department for Environment Food & Rural Affairs","Department for Environment, Food and Rural Affairs","DIGITAL, DATA, TECHNOLOGY AND SECURITY DIRECTORATE","200159","G6","65430","70690","Senior Manager","<5","Digital  Data and Technology","NORTH EAST"
"Department for Environment Food & Rural Affairs","Department for Environment, Food and Rural Affairs","DIGITAL, DATA, TECHNOLOGY AND SECURITY DIRECTORATE","200159","SEO","41220","44500","Team Leader","<5","Digital  Data and Technology","NORTH EAST"
"Department for Environment Food & Rural Affairs","Department for Environment, Food and Rural Affairs","DIGITAL, DATA, TECHNOLOGY AND SECURITY DIRECTORATE","200159","HEO","33590","37480","Officer","<5","Digital  Data and Technology","NORTH EAST"
"Department for Environment Food & Rural Affairs","Department for Environment, Food and Rural Affairs","DIGITAL, DATA, TECHNOLOGY AND SECURITY DIRECTORATE","200159","G7","54470","59900","Team Manager","<5","Digital  Data and Technology","NORTH EAST"
"Department for Environment Food & Rural Affairs","Department for Environment, Food and Rural Affairs","DIGITAL, DATA, TECHNOLOGY AND SECURITY DIRECTORATE","200159","G7","54470","59900","Team Manager","<5","Digital  Data and Technology","EAST MIDLANDS"
"Department for Environment Food & Rural Affairs","Department for Environment, Food and Rural Affairs","DIGITAL, DATA, TECHNOLOGY AND SECURITY DIRECTORATE","200069","HEO","33590","37480","Officer","<5","Digital  Data and Technology","WALES"
"Department for Environment Food & Rural Affairs","Department for Environment, Food and Rural Affairs","DIGITAL, DATA, TECHNOLOGY AND SECURITY DIRECTORATE","200069","G6","65430","70690","Senior Manager","<5","Digital  Data and Technology","SOUTH WEST"
"Department for Environment Food & Rural Affairs","Department for Environment, Food and Rural Affairs","DIGITAL, DATA, TECHNOLOGY AND SECURITY DIRECTORATE","200069","G7","54470","59900","Team Manager","<5","Digital  Data and Technology","SOUTH WEST"
"Department for Environment Food & Rural Affairs","Department for Environment, Food and Rural Affairs","DIGITAL, DATA, TECHNOLOGY AND SECURITY DIRECTORATE","200069","EO","28710","32220","Executive Officer","<5","Digital  Data and Technology","WEST MIDLANDS"
"Department for Environment Food & Rural Affairs","Department for Environment, Food and Rural Affairs","DIGITAL, DATA, TECHNOLOGY AND SECURITY DIRECTORATE","200069","SEO","41220","44500","Team Leader","<5","Digital  Data and Technology","SOUTH WEST"
"Department for Environment Food & Rural Affairs","Department for Environment, Food and Rural Affairs","DIGITAL, DATA, TECHNOLOGY AND SECURITY DIRECTORATE","200069","SEO","41220","44500","Team Leader","<5","Digital  Data and Technology","Unknown"
"Department for Environment Food & Rural Affairs","Department for Environment, Food and Rural Affairs","DIGITAL, DATA, TECHNOLOGY AND SECURITY DIRECTORATE","200069","G7","54470","59900","Team Manager","<5","Digital  Data and Technology","YORKSHIRE AND THE HUMBER"
"Department for Environment Food & Rural Affairs","Department for Environment, Food and Rural Affairs","DIGITAL, DATA, TECHNOLOGY AND SECURITY DIRECTORATE","200069","EO","28710","32220","Executive Officer","<5","Digital  Data and Technology","YORKSHIRE AND THE HUMBER"
"Department for Environment Food & Rural Affairs","Department for Environment, Food and Rural Affairs","DIGITAL, DATA, TECHNOLOGY AND SECURITY DIRECTORATE","200069","G7","54470","59900","Team Manager","<5","Digital  Data and Technology","NORTH EAST"
"Department for Environment Food & Rural Affairs","Department for Environment, Food and Rural Affairs","DIGITAL, DATA, TECHNOLOGY AND SECURITY DIRECTORATE","200069","EO","28710","32220","Executive Officer","<5","Digital  Data and Technology","SOUTH WEST"
"Department for Environment Food & Rural Affairs","Department for Environment, Food and Rural Affairs","DIGITAL, DATA, TECHNOLOGY AND SECURITY DIRECTORATE","200069","G7","54470","59900","Team Manager","<5","Digital  Data and Technology","EAST OF ENGLAND"
"Department for Environment Food & Rural Affairs","Department for Environment, Food and Rural Affairs","DIGITAL, DATA, TECHNOLOGY AND SECURITY DIRECTORATE","200069","AO","25070","28680","Executive Assistant","<5","Digital  Data and Technology","NORTH WEST"
"Department for Environment Food & Rural Affairs","Department for Environment, Food and Rural Affairs","DIGITAL, DATA, TECHNOLOGY AND SECURITY DIRECTORATE","200069","G6","65430","70690","Senior Manager","<5","Digital  Data and Technology","Unknown"
"Department for Environment Food & Rural Affairs","Department for Environment, Food and Rural Affairs","DIGITAL, DATA, TECHNOLOGY AND SECURITY DIRECTORATE","200069","G7","54470","59900","Team Manager","<5","Digital  Data and Technology","NORTH WEST"
"Department for Environment Food & Rural Affairs","Department for Environment, Food and Rural Affairs","DIGITAL, DATA, TECHNOLOGY AND SECURITY DIRECTORATE","200069","SEO","41220","44500","Team Leader","<5","Digital  Data and Technology","NORTH WEST"
"Department for Environment Food & Rural Affairs","Department for Environment, Food and Rural Affairs","DIGITAL, DATA, TECHNOLOGY AND SECURITY DIRECTORATE","200069","G6","65430","70690","Senior Manager","<5","Digital  Data and Technology","NORTH WEST"
"Department for Environment Food & Rural Affairs","Department for Environment, Food and Rural Affairs","DIGITAL, DATA, TECHNOLOGY AND SECURITY DIRECTORATE","200161","G6","65430","70690","Senior Manager","<5","Digital  Data and Technology","NORTH EAST"
"Department for Environment Food & Rural Affairs","Department for Environment, Food and Rural Affairs","DIGITAL, DATA, TECHNOLOGY AND SECURITY DIRECTORATE","200161","EO","28710","32220","Executive Officer","<5","Digital  Data and Technology","SOUTH EAST"
"Department for Environment Food & Rural Affairs","Department for Environment, Food and Rural Affairs","DIGITAL, DATA, TECHNOLOGY AND SECURITY DIRECTORATE","200161","SEO","41220","44500","Team Leader","<5","Digital  Data and Technology","WEST MIDLANDS"
"Department for Environment Food & Rural Affairs","Department for Environment, Food and Rural Affairs","DIGITAL, DATA, TECHNOLOGY AND SECURITY DIRECTORATE","200161","HEO","33590","37480","Officer","<5","Digital  Data and Technology","Unknown"
"Department for Environment Food & Rural Affairs","Department for Environment, Food and Rural Affairs","DIGITAL, DATA, TECHNOLOGY AND SECURITY DIRECTORATE","200161","EO","28710","32220","Executive Officer","<5","Digital  Data and Technology","NORTH WEST"
"Department for Environment Food & Rural Affairs","Department for Environment, Food and Rural Affairs","DIGITAL, DATA, TECHNOLOGY AND SECURITY DIRECTORATE","200161","SEO","41220","44500","Team Leader","<5","Digital  Data and Technology","SOUTH EAST"
"Department for Environment Food & Rural Affairs","Department for Environment, Food and Rural Affairs","DIGITAL, DATA, TECHNOLOGY AND SECURITY DIRECTORATE","200161","EO","28710","32220","Executive Officer","<5","Digital  Data and Technology","SOUTH WEST"
"Department for Environment Food & Rural Affairs","Department for Environment, Food and Rural Affairs","DIGITAL, DATA, TECHNOLOGY AND SECURITY DIRECTORATE","200161","G7","54470","59900","Team Manager","<5","Digital  Data and Technology","EAST OF ENGLAND"
"Department for Environment Food & Rural Affairs","Department for Environment, Food and Rural Affairs","DIGITAL, DATA, TECHNOLOGY AND SECURITY DIRECTORATE","200161","SEO","41220","44500","Team Leader","<5","Digital  Data and Technology","EAST MIDLANDS"
"Department for Environment Food & Rural Affairs","Department for Environment, Food and Rural Affairs","DIGITAL, DATA, TECHNOLOGY AND SECURITY DIRECTORATE","200161","SEO","41220","44500","Team Leader","<5","Digital  Data and Technology","EAST OF ENGLAND"
"Department for Environment Food & Rural Affairs","Department for Environment, Food and Rural Affairs","DIGITAL, DATA, TECHNOLOGY AND SECURITY DIRECTORATE","200161","G7","54470","59900","Team Manager","<5","Digital  Data and Technology","UNKNOWN"
"Department for Environment Food & Rural Affairs","Department for Environment, Food and Rural Affairs","DIGITAL, DATA, TECHNOLOGY AND SECURITY DIRECTORATE","200161","G6","65430","70690","Senior Manager","<5","Digital  Data and Technology","WALES"
"Department for Environment Food & Rural Affairs","Department for Environment, Food and Rural Affairs","DIGITAL, DATA, TECHNOLOGY AND SECURITY DIRECTORATE","200161","SEO","41220","44500","Team Leader","<5","Digital  Data and Technology","UNKNOWN"
"Department for Environment Food & Rural Affairs","Department for Environment, Food and Rural Affairs","DIGITAL, DATA, TECHNOLOGY AND SECURITY DIRECTORATE","200161","EO","28710","32220","Executive Officer","<5","Digital  Data and Technology","YORKSHIRE AND THE HUMBER"
"Department for Environment Food & Rural Affairs","Department for Environment, Food and Rural Affairs","DIGITAL, DATA, TECHNOLOGY AND SECURITY DIRECTORATE","200161","HEO","33590","37480","Officer","<5","Digital  Data and Technology","NORTH EAST"
"Department for Environment Food & Rural Affairs","Department for Environment, Food and Rural Affairs","DIGITAL, DATA, TECHNOLOGY AND SECURITY DIRECTORATE","200161","EO","28710","32220","Executive Officer","<5","Digital  Data and Technology","NORTH EAST"
"Department for Environment Food & Rural Affairs","Department for Environment, Food and Rural Affairs","DIGITAL, DATA, TECHNOLOGY AND SECURITY DIRECTORATE","200161","SEO","41220","44500","Team Leader","<5","Digital  Data and Technology","SCOTLAND"
"Department for Environment Food & Rural Affairs","Department for Environment, Food and Rural Affairs","DIGITAL, DATA, TECHNOLOGY AND SECURITY DIRECTORATE","200161","HEO","33590","37480","Officer","<5","Digital  Data and Technology","SOUTH EAST"
"Department for Environment Food & Rural Affairs","Department for Environment, Food and Rural Affairs","DIGITAL, DATA, TECHNOLOGY AND SECURITY DIRECTORATE","200036","G7","54470","59900","Team Manager","<5","Digital  Data and Technology","SOUTH WEST"
"Department for Environment Food & Rural Affairs","Department for Environment, Food and Rural Affairs","DIGITAL, DATA, TECHNOLOGY AND SECURITY DIRECTORATE","200334","G7","54470","59900","Team Manager","<5","Digital  Data and Technology","SCOTLAND"
"Department for Environment Food & Rural Affairs","Department for Environment, Food and Rural Affairs","DIGITAL, DATA, TECHNOLOGY AND SECURITY DIRECTORATE","200234","G7","54470","59900","Team Manager","<5","Digital  Data and Technology","NORTH WEST"
"Department for Environment Food & Rural Affairs","Department for Environment, Food and Rural Affairs","DIGITAL, DATA, TECHNOLOGY AND SECURITY DIRECTORATE","200161","G7","54470","59900","Team Manager","<5","Digital  Data and Technology","EAST MIDLANDS"
"Department for Environment Food & Rural Affairs","Department for Environment, Food and Rural Affairs","DIGITAL, DATA, TECHNOLOGY AND SECURITY DIRECTORATE","200036","HEO","33590","37480","Officer","<5","Digital  Data and Technology","NORTH WEST"
"Department for Environment Food & Rural Affairs","Department for Environment, Food and Rural Affairs","DIGITAL, DATA, TECHNOLOGY AND SECURITY DIRECTORATE","200334","HEO","33590","37480","Officer","<5","Digital  Data and Technology","WEST MIDLANDS"
"Department for Environment Food & Rural Affairs","Department for Environment, Food and Rural Affairs","DIGITAL, DATA, TECHNOLOGY AND SECURITY DIRECTORATE","200334","AO","25070","28680","Executive Assistant","<5","Digital  Data and Technology","NORTH WEST"
"Department for Environment Food & Rural Affairs","Department for Environment, Food and Rural Affairs","DIGITAL, DATA, TECHNOLOGY AND SECURITY DIRECTORATE","200334","G6","65430","70690","Senior Manager","<5","Digital  Data and Technology","NORTH EAST"
"Department for Environment Food & Rural Affairs","Department for Environment, Food and Rural Affairs","DIGITAL, DATA, TECHNOLOGY AND SECURITY DIRECTORATE","200069","AO","25070","28680","Executive Assistant","<5","Digital  Data and Technology","Unknown"
"Department for Environment Food & Rural Affairs","Department for Environment, Food and Rural Affairs","DIGITAL, DATA, TECHNOLOGY AND SECURITY DIRECTORATE","200069","EO","28710","32220","Executive Officer","<5","Digital  Data and Technology","NORTH EAST"
"Department for Environment Food & Rural Affairs","Department for Environment, Food and Rural Affairs","DIGITAL, DATA, TECHNOLOGY AND SECURITY DIRECTORATE","200234","G6","65430","70690","Senior Manager","<5","Digital  Data and Technology","Unknown"
"Department for Environment Food & Rural Affairs","Department for Environment, Food and Rural Affairs","DIGITAL, DATA, TECHNOLOGY AND SECURITY DIRECTORATE","200076","G6","65430","70690","Senior Manager","<5","Digital  Data and Technology","Unknown"
"Department for Environment Food & Rural Affairs","Department for Environment, Food and Rural Affairs","DIGITAL, DATA, TECHNOLOGY AND SECURITY DIRECTORATE","200159","G7","54470","59900","Team Manager","<5","Digital  Data and Technology","WEST MIDLANDS"
"Department for Environment Food & Rural Affairs","Department for Environment, Food and Rural Affairs","DIGITAL, DATA, TECHNOLOGY AND SECURITY DIRECTORATE","200304","G7","54470","59900","Team Manager","<5","Digital  Data and Technology","SOUTH EAST"
"Department for Environment Food & Rural Affairs","Department for Environment, Food and Rural Affairs","DIGITAL, DATA, TECHNOLOGY AND SECURITY DIRECTORATE","200161","SEO","41220","44500","Team Leader","<5","Unknown","Unknown"
"Department for Environment Food & Rural Affairs","Department for Environment, Food and Rural Affairs","DIGITAL, DATA, TECHNOLOGY AND SECURITY DIRECTORATE","200161","G6","65430","70690","Senior Manager","<5","Project Management Delivery","SOUTH WEST"
"Department for Environment Food & Rural Affairs","Department for Environment, Food and Rural Affairs","DIGITAL, DATA, TECHNOLOGY AND SECURITY DIRECTORATE","200161","SEO","41220","44500","Team Leader","<5","Project Management Delivery","SOUTH WEST"
"Department for Environment Food & Rural Affairs","Department for Environment, Food and Rural Affairs","DIGITAL, DATA, TECHNOLOGY AND SECURITY DIRECTORATE","200161","G6","65430","70690","Senior Manager","<5","Project Management Delivery","Unknown"
"Department for Environment Food & Rural Affairs","Department for Environment, Food and Rural Affairs","DIGITAL, DATA, TECHNOLOGY AND SECURITY DIRECTORATE","200161","G6","65430","70690","Senior Manager","<5","Unknown","SOUTH WEST"
"Department for Environment Food & Rural Affairs","Department for Environment, Food and Rural Affairs","DIGITAL, DATA, TECHNOLOGY AND SECURITY DIRECTORATE","200161","SEO","41220","44500","Team Leader","<5","Unknown","NORTH EAST"
"Department for Environment Food & Rural Affairs","Department for Environment, Food and Rural Affairs","DIGITAL, DATA, TECHNOLOGY AND SECURITY DIRECTORATE","200161","G7","54470","59900","Team Manager","<5","Data Analysis","NORTH WEST"
"Department for Environment Food & Rural Affairs","Department for Environment, Food and Rural Affairs","DIGITAL, DATA, TECHNOLOGY AND SECURITY DIRECTORATE","200161","G6","65430","70690","Senior Manager","<5","Unknown","YORKSHIRE AND THE HUMBER"
"Department for Environment Food & Rural Affairs","Department for Environment, Food and Rural Affairs","DIGITAL, DATA, TECHNOLOGY AND SECURITY DIRECTORATE","200161","G6","65430","70690","Senior Manager","<5","Project Management Delivery","YORKSHIRE AND THE HUMBER"
"Department for Environment Food & Rural Affairs","Department for Environment, Food and Rural Affairs","DIGITAL, DATA, TECHNOLOGY AND SECURITY DIRECTORATE","200161","SEO","41220","44500","Team Leader","<5","Unknown","YORKSHIRE AND THE HUMBER"
"Department for Environment Food & Rural Affairs","Department for Environment, Food and Rural Affairs","DIGITAL, DATA, TECHNOLOGY AND SECURITY DIRECTORATE","200161","G7","54470","59900","Team Manager","<5","Unknown","SOUTH EAST"
"Department for Environment Food & Rural Affairs","Department for Environment, Food and Rural Affairs","DIGITAL, DATA, TECHNOLOGY AND SECURITY DIRECTORATE","200161","G6","65430","70690","Senior Manager","<5","Unknown","SOUTH EAST"
"Department for Environment Food & Rural Affairs","Department for Environment, Food and Rural Affairs","DIGITAL, DATA, TECHNOLOGY AND SECURITY DIRECTORATE","200161","G6","65430","70690","Senior Manager","<5","Unknown","NORTH WEST"
"Department for Environment Food & Rural Affairs","Department for Environment, Food and Rural Affairs","DIGITAL, DATA, TECHNOLOGY AND SECURITY DIRECTORATE","200161","G7","54470","59900","Team Manager","<5","Unknown","YORKSHIRE AND THE HUMBER"
"Department for Environment Food & Rural Affairs","Department for Environment, Food and Rural Affairs","DIGITAL, DATA, TECHNOLOGY AND SECURITY DIRECTORATE","200243","G6","65430","70690","Senior Manager","<5","Unknown","SOUTH WEST"
"Department for Environment Food & Rural Affairs","Department for Environment, Food and Rural Affairs","DIGITAL, DATA, TECHNOLOGY AND SECURITY DIRECTORATE","200243","G7","54470","59900","Team Manager","<5","Project Management Delivery","Unknown"
"Department for Environment Food & Rural Affairs","Department for Environment, Food and Rural Affairs","DIGITAL, DATA, TECHNOLOGY AND SECURITY DIRECTORATE","200243","G7","54470","59900","Team Manager","<5","Other","Unknown"
"Department for Environment Food & Rural Affairs","Department for Environment, Food and Rural Affairs","DIGITAL, DATA, TECHNOLOGY AND SECURITY DIRECTORATE","200243","G6","65430","70690","Senior Manager","<5","Unknown","NORTH WEST"
"Department for Environment Food & Rural Affairs","Department for Environment, Food and Rural Affairs","DIGITAL, DATA, TECHNOLOGY AND SECURITY DIRECTORATE","200036","EO","28710","32220","Executive Officer","<5","Other","NORTH WEST"
"Department for Environment Food & Rural Affairs","Department for Environment, Food and Rural Affairs","DIGITAL, DATA, TECHNOLOGY AND SECURITY DIRECTORATE","200036","SEO","41220","44500","Team Leader","<5","Communications","SOUTH WEST"
"Department for Environment Food & Rural Affairs","Department for Environment, Food and Rural Affairs","DIGITAL, DATA, TECHNOLOGY AND SECURITY DIRECTORATE","200036","G7","54470","59900","Team Manager","<5","Unknown","Unknown"
"Department for Environment Food & Rural Affairs","Department for Environment, Food and Rural Affairs","DIGITAL, DATA, TECHNOLOGY AND SECURITY DIRECTORATE","200036","G6","65430","70690","Senior Manager","<5","Communications","SOUTH EAST"
"Department for Environment Food & Rural Affairs","Department for Environment, Food and Rural Affairs","DIGITAL, DATA, TECHNOLOGY AND SECURITY DIRECTORATE","200036","G6","65430","70690","Senior Manager","<5","Communications","Unknown"
"Department for Environment Food & Rural Affairs","Department for Environment, Food and Rural Affairs","DIGITAL, DATA, TECHNOLOGY AND SECURITY DIRECTORATE","200036","G7","54470","59900","Team Manager","<5","Communications","NORTH WEST"
"Department for Environment Food & Rural Affairs","Department for Environment, Food and Rural Affairs","DIGITAL, DATA, TECHNOLOGY AND SECURITY DIRECTORATE","200036","HEO","33590","37480","Officer","<5","Unknown","NORTH WEST"
"Department for Environment Food & Rural Affairs","Department for Environment, Food and Rural Affairs","DIGITAL, DATA, TECHNOLOGY AND SECURITY DIRECTORATE","200036","G6","65430","70690","Senior Manager","<5","Data Analysis","NORTH WEST"
"Department for Environment Food & Rural Affairs","Department for Environment, Food and Rural Affairs","DIGITAL, DATA, TECHNOLOGY AND SECURITY DIRECTORATE","200036","SEO","41220","44500","Team Leader","<5","Human Resources","YORKSHIRE AND THE HUMBER"
"Department for Environment Food & Rural Affairs","Department for Environment, Food and Rural Affairs","DIGITAL, DATA, TECHNOLOGY AND SECURITY DIRECTORATE","200036","G7","54470","59900","Team Manager","<5","Project Management Delivery","NORTH WEST"
"Department for Environment Food & Rural Affairs","Department for Environment, Food and Rural Affairs","DIGITAL, DATA, TECHNOLOGY AND SECURITY DIRECTORATE","200036","SEO","41220","44500","Team Leader","<5","Human Resources","WALES"
"Department for Environment Food & Rural Affairs","Department for Environment, Food and Rural Affairs","DIGITAL, DATA, TECHNOLOGY AND SECURITY DIRECTORATE","200036","EO","28710","32220","Executive Officer","<5","Data Analysis","WEST MIDLANDS"
"Department for Environment Food & Rural Affairs","Department for Environment, Food and Rural Affairs","DIGITAL, DATA, TECHNOLOGY AND SECURITY DIRECTORATE","200146","HEO","33590","37480","Officer","<5","Other","Unknown"
"Department for Environment Food & Rural Affairs","Department for Environment, Food and Rural Affairs","DIGITAL, DATA, TECHNOLOGY AND SECURITY DIRECTORATE","200146","SEO","41220","44500","Team Leader","<5","Unknown","Unknown"
"Department for Environment Food & Rural Affairs","Department for Environment, Food and Rural Affairs","DIGITAL, DATA, TECHNOLOGY AND SECURITY DIRECTORATE","200146","EO","28710","32220","Executive Officer","<5","Other","SOUTH EAST"
"Department for Environment Food & Rural Affairs","Department for Environment, Food and Rural Affairs","DIGITAL, DATA, TECHNOLOGY AND SECURITY DIRECTORATE","200146","EO","28710","32220","Executive Officer","<5","Other","Unknown"
"Department for Environment Food & Rural Affairs","Department for Environment, Food and Rural Affairs","DIGITAL, DATA, TECHNOLOGY AND SECURITY DIRECTORATE","200146","EO","28710","32220","Executive Officer","<5","Unknown","NORTH EAST"
"Department for Environment Food & Rural Affairs","Department for Environment, Food and Rural Affairs","DIGITAL, DATA, TECHNOLOGY AND SECURITY DIRECTORATE","200073","HEO","33590","37480","Officer","<5","Security","NORTH WEST"
"Department for Environment Food & Rural Affairs","Department for Environment, Food and Rural Affairs","DIGITAL, DATA, TECHNOLOGY AND SECURITY DIRECTORATE","200073","SEO","41220","44500","Team Leader","<5","Security","SOUTH WEST"
"Department for Environment Food & Rural Affairs","Department for Environment, Food and Rural Affairs","DIGITAL, DATA, TECHNOLOGY AND SECURITY DIRECTORATE","200073","SEO","41220","44500","Team Leader","<5","Security","Unknown"
"Department for Environment Food & Rural Affairs","Department for Environment, Food and Rural Affairs","DIGITAL, DATA, TECHNOLOGY AND SECURITY DIRECTORATE","200073","G6","65430","70690","Senior Manager","<5","Security","Unknown"
"Department for Environment Food & Rural Affairs","Department for Environment, Food and Rural Affairs","DIGITAL, DATA, TECHNOLOGY AND SECURITY DIRECTORATE","200073","SEO","41220","44500","Team Leader","<5","Security","SOUTH EAST"
"Department for Environment Food & Rural Affairs","Department for Environment, Food and Rural Affairs","DIGITAL, DATA, TECHNOLOGY AND SECURITY DIRECTORATE","200073","G7","54470","59900","Team Manager","<5","Security","SOUTH EAST"
"Department for Environment Food & Rural Affairs","Department for Environment, Food and Rural Affairs","DIGITAL, DATA, TECHNOLOGY AND SECURITY DIRECTORATE","200073","HEO","33590","37480","Officer","<5","Security","EAST OF ENGLAND"
"Department for Environment Food & Rural Affairs","Department for Environment, Food and Rural Affairs","DIGITAL, DATA, TECHNOLOGY AND SECURITY DIRECTORATE","200073","G7","54470","59900","Team Manager","<5","Security","Unknown"
"Department for Environment Food & Rural Affairs","Department for Environment, Food and Rural Affairs","DIGITAL, DATA, TECHNOLOGY AND SECURITY DIRECTORATE","200073","G7","54470","59900","Team Manager","<5","Security","EAST MIDLANDS"
"Department for Environment Food & Rural Affairs","Department for Environment, Food and Rural Affairs","DIGITAL, DATA, TECHNOLOGY AND SECURITY DIRECTORATE","200073","SEO","41220","44500","Team Leader","<5","Security","EAST OF ENGLAND"
"Department for Environment Food & Rural Affairs","Department for Environment, Food and Rural Affairs","DIGITAL, DATA, TECHNOLOGY AND SECURITY DIRECTORATE","200073","G6","65430","70690","Senior Manager","<5","Security","SOUTH EAST"
"Department for Environment Food & Rural Affairs","Department for Environment, Food and Rural Affairs","DIGITAL, DATA, TECHNOLOGY AND SECURITY DIRECTORATE","200073","HEO","33590","37480","Officer","<5","Security","NORTH EAST"
"Department for Environment Food & Rural Affairs","Department for Environment, Food and Rural Affairs","DIGITAL, DATA, TECHNOLOGY AND SECURITY DIRECTORATE","200073","SEO","41220","44500","Team Leader","<5","Security","YORKSHIRE AND THE HUMBER"
"Department for Environment Food & Rural Affairs","Department for Environment, Food and Rural Affairs","DIGITAL, DATA, TECHNOLOGY AND SECURITY DIRECTORATE","200073","G7","54470","59900","Team Manager","<5","Security","NORTH WEST"
"Department for Environment Food & Rural Affairs","Department for Environment, Food and Rural Affairs","DIGITAL, DATA, TECHNOLOGY AND SECURITY DIRECTORATE","200181","EO","28710","32220","Executive Officer","<5","Unknown","SOUTH EAST"
"Department for Environment Food & Rural Affairs","Department for Environment, Food and Rural Affairs","DIGITAL, DATA, TECHNOLOGY AND SECURITY DIRECTORATE","200181","HEO","33590","37480","Officer","<5","Unknown","SOUTH EAST"
"Department for Environment Food & Rural Affairs","Department for Environment, Food and Rural Affairs","DIGITAL, DATA, TECHNOLOGY AND SECURITY DIRECTORATE","200181","G6","65430","70690","Senior Manager","<5","Unknown","SOUTH WEST"
"Department for Environment Food & Rural Affairs","Department for Environment, Food and Rural Affairs","DIGITAL, DATA, TECHNOLOGY AND SECURITY DIRECTORATE","200181","G6","65430","70690","Senior Manager","<5","Unknown","NORTH WEST"
"Department for Environment Food & Rural Affairs","Department for Environment, Food and Rural Affairs","DIGITAL, DATA, TECHNOLOGY AND SECURITY DIRECTORATE","200181","HEO","33590","37480","Officer","<5","Finance","NORTH EAST"
"Department for Environment Food & Rural Affairs","Department for Environment, Food and Rural Affairs","DIGITAL, DATA, TECHNOLOGY AND SECURITY DIRECTORATE","200181","SEO","41220","44500","Team Leader","<5","Unknown","NORTH WEST"
"Department for Environment Food & Rural Affairs","Department for Environment, Food and Rural Affairs","DIGITAL, DATA, TECHNOLOGY AND SECURITY DIRECTORATE","200334","G6","65430","70690","Senior Manager","<5","Unknown","UNKNOWN"
"Department for Environment Food & Rural Affairs","Department for Environment, Food and Rural Affairs","DIGITAL, DATA, TECHNOLOGY AND SECURITY DIRECTORATE","200334","HEO","33590","37480","Officer","<5","Unknown","YORKSHIRE AND THE HUMBER"
"Department for Environment Food & Rural Affairs","Department for Environment, Food and Rural Affairs","DIGITAL, DATA, TECHNOLOGY AND SECURITY DIRECTORATE","200334","HEO","33590","37480","Officer","<5","Unknown","SOUTH EAST"
"Department for Environment Food & Rural Affairs","Department for Environment, Food and Rural Affairs","DIGITAL, DATA, TECHNOLOGY AND SECURITY DIRECTORATE","200334","G7","54470","59900","Team Manager","<5","Unknown","SOUTH EAST"
"Department for Environment Food & Rural Affairs","Department for Environment, Food and Rural Affairs","DIGITAL, DATA, TECHNOLOGY AND SECURITY DIRECTORATE","200334","HEO","33590","37480","Officer","<5","Security","SOUTH EAST"
"Department for Environment Food & Rural Affairs","Department for Environment, Food and Rural Affairs","DIGITAL, DATA, TECHNOLOGY AND SECURITY DIRECTORATE","200334","AO","25070","28680","Executive Assistant","<5","Knowledge and Information Management","WEST MIDLANDS"
"Department for Environment Food & Rural Affairs","Department for Environment, Food and Rural Affairs","DIGITAL, DATA, TECHNOLOGY AND SECURITY DIRECTORATE","200334","EO","28710","32220","Executive Officer","<5","Unknown","NORTH EAST"
"Department for Environment Food & Rural Affairs","Department for Environment, Food and Rural Affairs","DIGITAL, DATA, TECHNOLOGY AND SECURITY DIRECTORATE","200334","HEO","33590","37480","Officer","<5","Unknown","SCOTLAND"
"Department for Environment Food & Rural Affairs","Department for Environment, Food and Rural Affairs","DIGITAL, DATA, TECHNOLOGY AND SECURITY DIRECTORATE","200159","G7","54470","59900","Team Manager","<5","Project Management Delivery","SOUTH WEST"
"Department for Environment Food & Rural Affairs","Department for Environment, Food and Rural Affairs","DIGITAL, DATA, TECHNOLOGY AND SECURITY DIRECTORATE","200159","HEO","33590","37480","Officer","<5","Operational Delivery","SOUTH EAST"
"Department for Environment Food & Rural Affairs","Department for Environment, Food and Rural Affairs","DIGITAL, DATA, TECHNOLOGY AND SECURITY DIRECTORATE","200159","G7","54470","59900","Team Manager","<5","Project Management Delivery","NORTH WEST"
"Department for Environment Food & Rural Affairs","Department for Environment, Food and Rural Affairs","DIGITAL, DATA, TECHNOLOGY AND SECURITY DIRECTORATE","200159","EO","28710","32220","Executive Officer","<5","Operational Delivery","NORTH WEST"
"Department for Environment Food & Rural Affairs","Department for Environment, Food and Rural Affairs","DIGITAL, DATA, TECHNOLOGY AND SECURITY DIRECTORATE","200069","G7","54470","59900","Team Manager","<5","Knowledge and Information Management","Unknown"
"Department for Environment Food & Rural Affairs","Department for Environment, Food and Rural Affairs","DIGITAL, DATA, TECHNOLOGY AND SECURITY DIRECTORATE","200304","SEO","41220","44500","Team Leader","<5","Unknown","Unknown"
"Department for Environment Food & Rural Affairs","Department for Environment, Food and Rural Affairs","DIGITAL, DATA, TECHNOLOGY AND SECURITY DIRECTORATE","200304","EO","28710","32220","Executive Officer","<5","Unknown","NORTH EAST"
"Department for Environment Food & Rural Affairs","Department for Environment, Food and Rural Affairs","DIGITAL, DATA, TECHNOLOGY AND SECURITY DIRECTORATE","200304","SEO","41220","44500","Team Leader","<5","Statistics","SOUTH EAST"
"Department for Environment Food & Rural Affairs","Department for Environment, Food and Rural Affairs","DIGITAL, DATA, TECHNOLOGY AND SECURITY DIRECTORATE","200304","HEO","33590","37480","Officer","<5","Unknown","NORTH EAST"
"Department for Environment Food & Rural Affairs","Department for Environment, Food and Rural Affairs","DIGITAL, DATA, TECHNOLOGY AND SECURITY DIRECTORATE","200305","SEO","41220","44500","Team Leader","<5","Unknown","SOUTH EAST"
"Department for Environment Food & Rural Affairs","Department for Environment, Food and Rural Affairs","DIGITAL, DATA, TECHNOLOGY AND SECURITY DIRECTORATE","200059","G7","54470","59900","Team Manager","<5","Unknown","WEST MIDLANDS"
"Department for Environment Food & Rural Affairs","Department for Environment, Food and Rural Affairs","DIGITAL, DATA, TECHNOLOGY AND SECURITY DIRECTORATE","200234","EO","28710","32220","Executive Officer","<5","Unknown","SOUTH WEST"
"Department for Environment Food & Rural Affairs","Department for Environment, Food and Rural Affairs","DIGITAL, DATA, TECHNOLOGY AND SECURITY DIRECTORATE","200251","SEO","41220","44500","Team Leader","<5","Operational Delivery","EAST OF ENGLAND"
"Department for Environment Food & Rural Affairs","Department for Environment, Food and Rural Affairs","DIGITAL, DATA, TECHNOLOGY AND SECURITY DIRECTORATE","200251","G6","65430","70690","Senior Manager","<5","Operational Delivery","Unknown"
"Department for Environment Food & Rural Affairs","Department for Environment, Food and Rural Affairs","DIGITAL, DATA, TECHNOLOGY AND SECURITY DIRECTORATE","200251","G6","65430","70690","Senior Manager","<5","Project Management Delivery","YORKSHIRE AND THE HUMBER"
"Department for Environment Food & Rural Affairs","Department for Environment, Food and Rural Affairs","DIGITAL, DATA, TECHNOLOGY AND SECURITY DIRECTORATE","200073","G7","54470","59900","Team Manager","<5","Security","SOUTH WEST"
"Department for Environment Food & Rural Affairs","Department for Environment, Food and Rural Affairs","DIGITAL, DATA, TECHNOLOGY AND SECURITY DIRECTORATE","200159","G7","54470","59900","Team Manager","<5","Unknown","SOUTH WEST"
"Department for Environment Food & Rural Affairs","Department for Environment, Food and Rural Affairs","DIGITAL, DATA, TECHNOLOGY AND SECURITY DIRECTORATE","200161","G7","54470","59900","Team Manager","<5","Unknown","SOUTH WEST"
"Department for Environment Food & Rural Affairs","Department for Environment, Food and Rural Affairs","DIGITAL, DATA, TECHNOLOGY AND SECURITY DIRECTORATE","200161","G7","54470","59900","Team Manager","<5","Unknown","NORTH WEST"
"Department for Environment Food & Rural Affairs","Department for Environment, Food and Rural Affairs","DIGITAL, DATA, TECHNOLOGY AND SECURITY DIRECTORATE","200161","G7","54470","59900","Team Manager","<5","Unknown","Unknown"
"Department for Environment Food & Rural Affairs","Department for Environment, Food and Rural Affairs","DIGITAL, DATA, TECHNOLOGY AND SECURITY DIRECTORATE","200243","G6","65430","70690","Senior Manager","<5","Other","UNKNOWN"
"Department for Environment Food & Rural Affairs","Department for Environment, Food and Rural Affairs","DIGITAL, DATA, TECHNOLOGY AND SECURITY DIRECTORATE","200243","G6","65430","70690","Senior Manager","<5","Project Management Delivery","Unknown"
"Department for Environment Food & Rural Affairs","Department for Environment, Food and Rural Affairs","DIGITAL, DATA, TECHNOLOGY AND SECURITY DIRECTORATE","200036","EO","28710","32220","Executive Officer","<5","Other","SOUTH WEST"
"Department for Environment Food & Rural Affairs","Department for Environment, Food and Rural Affairs","DIGITAL, DATA, TECHNOLOGY AND SECURITY DIRECTORATE","200036","EO","28710","32220","Executive Officer","<5","Project Management Delivery","NORTH WEST"
"Department for Environment Food & Rural Affairs","Department for Environment, Food and Rural Affairs","DIGITAL, DATA, TECHNOLOGY AND SECURITY DIRECTORATE","200146","EO","28710","32220","Executive Officer","<5","Other","SOUTH WEST"
"Department for Environment Food & Rural Affairs","Department for Environment, Food and Rural Affairs","DIGITAL, DATA, TECHNOLOGY AND SECURITY DIRECTORATE","200073","HEO","33590","37480","Officer","<5","Security","WEST MIDLANDS"
"Department for Environment Food & Rural Affairs","Department for Environment, Food and Rural Affairs","DIGITAL, DATA, TECHNOLOGY AND SECURITY DIRECTORATE","200334","EO","28710","32220","Executive Officer","<5","Unknown","SOUTH EAST"
"Department for Environment Food & Rural Affairs","Department for Environment, Food and Rural Affairs","DIGITAL, DATA, TECHNOLOGY AND SECURITY DIRECTORATE","200159","HEO","33590","37480","Officer","<5","Other","Unknown"
"Department for Environment Food & Rural Affairs","Department for Environment, Food and Rural Affairs","DIGITAL, DATA, TECHNOLOGY AND SECURITY DIRECTORATE","200036","SEO","41220","44500","Team Leader","<5","Human Resources","NORTH EAST"
"Department for Environment Food & Rural Affairs","Department for Environment, Food and Rural Affairs","DIGITAL, DATA, TECHNOLOGY AND SECURITY DIRECTORATE","200069","SEO","41220","44500","Team Leader","<5","Operational Delivery","SOUTH WEST"
"Department for Environment Food & Rural Affairs","Department for Environment, Food and Rural Affairs","DIGITAL, DATA, TECHNOLOGY AND SECURITY DIRECTORATE","200059","G7","54470","59900","Team Manager","<5","Unknown","YORKSHIRE AND THE HUMBER"
"Department for Environment Food & Rural Affairs","Department for Environment, Food and Rural Affairs","DIGITAL, DATA, TECHNOLOGY AND SECURITY DIRECTORATE","200160","G7","54470","59900","Team Manager","<5","Unknown","YORKSHIRE AND THE HUMBER"
"Department for Environment Food & Rural Affairs","Department for Environment, Food and Rural Affairs","ANIMAL AND PLANT HEALTH DIRECTORATE","200104","SEO","41220","44500","Team Leader","<5","Policy","WEST MIDLANDS"
"Department for Environment Food & Rural Affairs","Department for Environment, Food and Rural Affairs","BIODIVERSITY, LAND USE & INVESTMENT DIRECTORATE","200124","SEO","41220","44500","Team Leader","<5","Policy","YORKSHIRE AND THE HUMBER"
"Department for Environment Food & Rural Affairs","Department for Environment, Food and Rural Affairs","ENV QUALITY, INFRASTRUCTURE & PLANNING DIRECTORATE","200134","SEO","41220","44500","Team Leader","<5","Policy","YORKSHIRE AND THE HUMBER"
"Department for Environment Food & Rural Affairs","Department for Environment, Food and Rural Affairs","MARINE AND FISHERIES DIRECTORATE","200098","SEO","41220","44500","Team Leader","<5","Policy","EAST OF ENGLAND"
"Department for Environment Food & Rural Affairs","Department for Environment, Food and Rural Affairs","WATER AND FLOOD MANAGEMENT DIRECTORATE","200144","G7","54470","59900","Team Manager","<5","Policy","YORKSHIRE AND THE HUMBER"
"Department for Environment Food & Rural Affairs","Department for Environment, Food and Rural Affairs","WATER AND FLOOD MANAGEMENT DIRECTORATE","200145","SEO","41220","44500","Team Leader","<5","Policy","YORKSHIRE AND THE HUMBER"
"Department for Environment Food & Rural Affairs","Department for Environment, Food and Rural Affairs","ANIMAL AND PLANT HEALTH DIRECTORATE","200104","SEO","41220","44500","Team Leader","<5","Policy","YORKSHIRE AND THE HUMBER"
"Department for Environment Food & Rural Affairs","Department for Environment, Food and Rural Affairs","ANIMAL AND PLANT HEALTH DIRECTORATE","200104","EO","28710","32220","Executive Officer","<5","Policy","NORTH EAST"
"Department for Environment Food & Rural Affairs","Department for Environment, Food and Rural Affairs","ANIMAL AND PLANT HEALTH DIRECTORATE","200104","SEO","41220","44500","Team Leader","<5","Policy","SOUTH EAST"
"Department for Environment Food & Rural Affairs","Department for Environment, Food and Rural Affairs","ANIMAL AND PLANT HEALTH DIRECTORATE","200104","HEO","33590","37480","Officer","<5","Policy","NORTH EAST"
"Department for Environment Food & Rural Affairs","Department for Environment, Food and Rural Affairs","MARINE AND FISHERIES DIRECTORATE","200098","G7","54470","59900","Team Manager","<5","Policy","NORTH EAST"
"Department for Environment Food & Rural Affairs","Department for Environment, Food and Rural Affairs","MARINE AND FISHERIES DIRECTORATE","200098","HEO","33590","37480","Officer","<5","Policy","NORTH WEST"
"Department for Environment Food & Rural Affairs","Department for Environment, Food and Rural Affairs","MARINE AND FISHERIES DIRECTORATE","200098","HEO","33590","37480","Officer","<5","Policy","YORKSHIRE AND THE HUMBER"
"Department for Environment Food & Rural Affairs","Department for Environment, Food and Rural Affairs","MARINE AND FISHERIES DIRECTORATE","200098","EO","28710","32220","Executive Officer","<5","Policy","EAST OF ENGLAND"
"Department for Environment Food & Rural Affairs","Department for Environment, Food and Rural Affairs","AGRI FOOD CHAIN DIRECTORATE","200077","SEO","41220","44500","Team Leader","<5","Policy","SCOTLAND"
"Department for Environment Food & Rural Affairs","Department for Environment, Food and Rural Affairs","ANIMAL AND PLANT HEALTH DIRECTORATE","200118","HEO","33590","37480","Officer","<5","Policy","YORKSHIRE AND THE HUMBER"
"Department for Environment Food & Rural Affairs","Department for Environment, Food and Rural Affairs","ANIMAL AND PLANT HEALTH DIRECTORATE","200118","G7","54470","59900","Team Manager","<5","Policy","YORKSHIRE AND THE HUMBER"
"Department for Environment Food & Rural Affairs","Department for Environment, Food and Rural Affairs","ANIMAL AND PLANT HEALTH DIRECTORATE","200118","G6","65430","70690","Senior Manager","<5","Policy","YORKSHIRE AND THE HUMBER"
"Department for Environment Food & Rural Affairs","Department for Environment, Food and Rural Affairs","ANIMAL AND PLANT HEALTH DIRECTORATE","200118","SEO","41220","44500","Team Leader","<5","Policy","YORKSHIRE AND THE HUMBER"
"Department for Environment Food & Rural Affairs","Department for Environment, Food and Rural Affairs","ANIMAL AND PLANT HEALTH DIRECTORATE","200118","SEO","41220","44500","Team Leader","<5","Policy","SOUTH EAST"
"Department for Environment Food & Rural Affairs","Department for Environment, Food and Rural Affairs","AGRI FOOD CHAIN DIRECTORATE","200332","HEO","33590","37480","Officer","<5","Policy","WEST MIDLANDS"
"Department for Environment Food & Rural Affairs","Department for Environment, Food and Rural Affairs","AGRI FOOD CHAIN DIRECTORATE","200332","SEO","41220","44500","Team Leader","<5","Policy","NORTH WEST"
"Department for Environment Food & Rural Affairs","Department for Environment, Food and Rural Affairs","AGRI FOOD CHAIN DIRECTORATE","200332","SEO","41220","44500","Team Leader","<5","Policy","NORTH EAST"
"Department for Environment Food & Rural Affairs","Department for Environment, Food and Rural Affairs","CIRCULAR ECONOMY DIRECTORATE","200227","HEO","33590","37480","Officer","<5","Policy","NORTH EAST"
"Department for Environment Food & Rural Affairs","Department for Environment, Food and Rural Affairs","WATER AND FLOOD MANAGEMENT DIRECTORATE","200211","G7","54470","59900","Team Manager","<5","Policy","YORKSHIRE AND THE HUMBER"
"Department for Environment Food & Rural Affairs","Department for Environment, Food and Rural Affairs","WATER AND FLOOD MANAGEMENT DIRECTORATE","200211","SEO","41220","44500","Team Leader","<5","Policy","EAST OF ENGLAND"
"Department for Environment Food & Rural Affairs","Department for Environment, Food and Rural Affairs","MARINE AND FISHERIES DIRECTORATE","200115","HEO","33590","37480","Officer","<5","Policy","NORTH EAST"
"Department for Environment Food & Rural Affairs","Department for Environment, Food and Rural Affairs","MARINE AND FISHERIES DIRECTORATE","200115","EO","28710","32220","Executive Officer","<5","Policy","YORKSHIRE AND THE HUMBER"
"Department for Environment Food & Rural Affairs","Department for Environment, Food and Rural Affairs","WATER AND FLOOD MANAGEMENT DIRECTORATE","200019","HEO","33590","37480","Officer","<5","Policy","WEST MIDLANDS"
"Department for Environment Food & Rural Affairs","Department for Environment, Food and Rural Affairs","WATER AND FLOOD MANAGEMENT DIRECTORATE","200019","HEO","33590","37480","Officer","<5","Policy","YORKSHIRE AND THE HUMBER"
"Department for Environment Food & Rural Affairs","Department for Environment, Food and Rural Affairs","WATER AND FLOOD MANAGEMENT DIRECTORATE","200019","G7","54470","59900","Team Manager","<5","Policy","YORKSHIRE AND THE HUMBER"
"Department for Environment Food & Rural Affairs","Department for Environment, Food and Rural Affairs","WATER AND FLOOD MANAGEMENT DIRECTORATE","200019","HEO","33590","37480","Officer","<5","Policy","NORTH EAST"
"Department for Environment Food & Rural Affairs","Department for Environment, Food and Rural Affairs","ANIMAL AND PLANT HEALTH DIRECTORATE","200089","SEO","41220","44500","Team Leader","<5","Policy","WALES"
"Department for Environment Food & Rural Affairs","Department for Environment, Food and Rural Affairs","MARINE AND FISHERIES DIRECTORATE","200111","EO","28710","32220","Executive Officer","<5","Policy","NORTH WEST"
"Department for Environment Food & Rural Affairs","Department for Environment, Food and Rural Affairs","ANIMAL AND PLANT HEALTH DIRECTORATE","200110","G6","65430","70690","Senior Manager","<5","Policy","UNKNOWN"
"Department for Environment Food & Rural Affairs","Department for Environment, Food and Rural Affairs","ANIMAL AND PLANT HEALTH DIRECTORATE","200110","SEO","41220","44500","Team Leader","<5","Policy","EAST OF ENGLAND"
"Department for Environment Food & Rural Affairs","Department for Environment, Food and Rural Affairs","ANIMAL AND PLANT HEALTH DIRECTORATE","200110","HEO","33590","37480","Officer","<5","Policy","SCOTLAND"
"Department for Environment Food & Rural Affairs","Department for Environment, Food and Rural Affairs","WATER AND FLOOD MANAGEMENT DIRECTORATE","200144","HEO","33590","37480","Officer","<5","Policy","YORKSHIRE AND THE HUMBER"
"Department for Environment Food & Rural Affairs","Department for Environment, Food and Rural Affairs","ENV QUALITY, INFRASTRUCTURE & PLANNING DIRECTORATE","200109","G7","54470","59900","Team Manager","<5","Policy","UNKNOWN"
"Department for Environment Food & Rural Affairs","Department for Environment, Food and Rural Affairs","ENV QUALITY, INFRASTRUCTURE & PLANNING DIRECTORATE","200109","SEO","41220","44500","Team Leader","<5","Policy","NORTHERN IRELAND"
"Department for Environment Food & Rural Affairs","Department for Environment, Food and Rural Affairs","ENV QUALITY, INFRASTRUCTURE & PLANNING DIRECTORATE","200109","G7","54470","59900","Team Manager","<5","Policy","NORTH WEST"
"Department for Environment Food & Rural Affairs","Department for Environment, Food and Rural Affairs","ANIMAL AND PLANT HEALTH DIRECTORATE","200083","SEO","41220","44500","Team Leader","<5","Policy","EAST OF ENGLAND"
"Department for Environment Food & Rural Affairs","Department for Environment, Food and Rural Affairs","ANIMAL AND PLANT HEALTH DIRECTORATE","200083","G7","54470","59900","Team Manager","<5","Policy","NORTH EAST"
"Department for Environment Food & Rural Affairs","Department for Environment, Food and Rural Affairs","ANIMAL AND PLANT HEALTH DIRECTORATE","200083","EO","28710","32220","Executive Officer","<5","Policy","NORTH WEST"
"Department for Environment Food & Rural Affairs","Department for Environment, Food and Rural Affairs","INTERNATIONAL BIODIVERSITY AND CLIMATE DIRECTORATE","200212","G7","54470","59900","Team Manager","<5","Policy","SCOTLAND"
"Department for Environment Food & Rural Affairs","Department for Environment, Food and Rural Affairs","INTERNATIONAL BIODIVERSITY AND CLIMATE DIRECTORATE","200212","G7","54470","59900","Team Manager","<5","Policy","UNKNOWN"
"Department for Environment Food & Rural Affairs","Department for Environment, Food and Rural Affairs","AGRI FOOD CHAIN DIRECTORATE","200107","G6","65430","70690","Senior Manager","<5","Policy","YORKSHIRE AND THE HUMBER"
"Department for Environment Food & Rural Affairs","Department for Environment, Food and Rural Affairs","AGRI FOOD CHAIN DIRECTORATE","200107","HEO","33590","37480","Officer","<5","Policy","NORTH WEST"
"Department for Environment Food & Rural Affairs","Department for Environment, Food and Rural Affairs","AGRI FOOD CHAIN DIRECTORATE","200107","SEO","41220","44500","Team Leader","<5","Policy","SCOTLAND"
"Department for Environment Food & Rural Affairs","Department for Environment, Food and Rural Affairs","AGRI FOOD CHAIN DIRECTORATE","200107","SEO","41220","44500","Team Leader","<5","Policy","YORKSHIRE AND THE HUMBER"
"Department for Environment Food & Rural Affairs","Department for Environment, Food and Rural Affairs","AGRI FOOD CHAIN DIRECTORATE","200107","SEO","41220","44500","Team Leader","<5","Policy","UNKNOWN"
"Department for Environment Food & Rural Affairs","Department for Environment, Food and Rural Affairs","MINISTERIAL, GROWTH AND RESILIENCE DIRECTORATE","200194","G7","54470","59900","Team Manager","<5","Policy","NORTH WEST"
"Department for Environment Food & Rural Affairs","Department for Environment, Food and Rural Affairs","MINISTERIAL, GROWTH AND RESILIENCE DIRECTORATE","200194","G7","54470","59900","Team Manager","<5","Policy","SCOTLAND"
"Department for Environment Food & Rural Affairs","Department for Environment, Food and Rural Affairs","MARINE AND FISHERIES DIRECTORATE","200289","SEO","41220","44500","Team Leader","<5","Policy","NORTH EAST"
"Department for Environment Food & Rural Affairs","Department for Environment, Food and Rural Affairs","CIRCULAR ECONOMY DIRECTORATE","200147","HEO","33590","37480","Officer","<5","Policy","NORTH WEST"
"Department for Environment Food & Rural Affairs","Department for Environment, Food and Rural Affairs","FARMING DIRECTORATE - ADMIN COSTS","200195","SEO","41220","44500","Team Leader","<5","Policy","EAST OF ENGLAND"
"Department for Environment Food & Rural Affairs","Department for Environment, Food and Rural Affairs","AGRI FOOD CHAIN DIRECTORATE","200137","HEO","33590","37480","Officer","<5","Policy","NORTH EAST"
"Department for Environment Food & Rural Affairs","Department for Environment, Food and Rural Affairs","BIODIVERSITY, LAND USE & INVESTMENT DIRECTORATE","200132","G6","65430","70690","Senior Manager","<5","Policy","SCOTLAND"
"Department for Environment Food & Rural Affairs","Department for Environment, Food and Rural Affairs","BIODIVERSITY, LAND USE & INVESTMENT DIRECTORATE","200132","G7","54470","59900","Team Manager","<5","Policy","EAST OF ENGLAND"
"Department for Environment Food & Rural Affairs","Department for Environment, Food and Rural Affairs","MARINE AND FISHERIES DIRECTORATE","200088","HEO","33590","37480","Officer","<5","Policy","NORTH EAST"
"Department for Environment Food & Rural Affairs","Department for Environment, Food and Rural Affairs","MARINE AND FISHERIES DIRECTORATE","200088","HEO","33590","37480","Officer","<5","Policy","YORKSHIRE AND THE HUMBER"
"Department for Environment Food & Rural Affairs","Department for Environment, Food and Rural Affairs","ENV QUALITY, INFRASTRUCTURE & PLANNING DIRECTORATE","200134","HEO","33590","37480","Officer","<5","Policy","NORTH WEST"
"Department for Environment Food & Rural Affairs","Department for Environment, Food and Rural Affairs","ENV QUALITY, INFRASTRUCTURE & PLANNING DIRECTORATE","200134","G7","54470","59900","Team Manager","<5","Policy","YORKSHIRE AND THE HUMBER"
"Department for Environment Food & Rural Affairs","Department for Environment, Food and Rural Affairs","ENV QUALITY, INFRASTRUCTURE & PLANNING DIRECTORATE","200134","EO","28710","32220","Executive Officer","<5","Policy","NORTH EAST"
"Department for Environment Food & Rural Affairs","Department for Environment, Food and Rural Affairs","WATER AND FLOOD MANAGEMENT DIRECTORATE","200302","SEO","41220","44500","Team Leader","<5","Policy","YORKSHIRE AND THE HUMBER"
"Department for Environment Food & Rural Affairs","Department for Environment, Food and Rural Affairs","WATER AND FLOOD MANAGEMENT DIRECTORATE","200302","HEO","33590","37480","Officer","<5","Policy","YORKSHIRE AND THE HUMBER"
"Department for Environment Food & Rural Affairs","Department for Environment, Food and Rural Affairs","FARMING DIRECTORATE - ADMIN COSTS","200126","HEO","33590","37480","Officer","<5","Policy","UNKNOWN"
"Department for Environment Food & Rural Affairs","Department for Environment, Food and Rural Affairs","FARMING DIRECTORATE - ADMIN COSTS","200126","SEO","41220","44500","Team Leader","<5","Policy","YORKSHIRE AND THE HUMBER"
"Department for Environment Food & Rural Affairs","Department for Environment, Food and Rural Affairs","FARMING DIRECTORATE - ADMIN COSTS","200126","HEO","33590","37480","Officer","<5","Policy","NORTH EAST"
"Department for Environment Food & Rural Affairs","Department for Environment, Food and Rural Affairs","GROUP STRATEGY DIRECTORATE","200058","SEO","41220","44500","Team Leader","<5","Policy","NORTH WEST"
"Department for Environment Food & Rural Affairs","Department for Environment, Food and Rural Affairs","GROUP STRATEGY DIRECTORATE","200058","HEO","33590","37480","Officer","<5","Policy","NORTH WEST"
"Department for Environment Food & Rural Affairs","Department for Environment, Food and Rural Affairs","GROUP STRATEGY DIRECTORATE","200058","G7","54470","59900","Team Manager","<5","Policy","YORKSHIRE AND THE HUMBER"
"Department for Environment Food & Rural Affairs","Department for Environment, Food and Rural Affairs","FARMING DIRECTORATE - ADMIN COSTS","200046","SEO","41220","44500","Team Leader","<5","Policy","UNKNOWN"
"Department for Environment Food & Rural Affairs","Department for Environment, Food and Rural Affairs","CIRCULAR ECONOMY DIRECTORATE","200293","HEO","33590","37480","Officer","<5","Policy","YORKSHIRE AND THE HUMBER"
"Department for Environment Food & Rural Affairs","Department for Environment, Food and Rural Affairs","STRATEGY, GOVERNANCE & CLIMATE DIRECTORATE","200123","G7","54470","59900","Team Manager","<5","Policy","NORTH EAST"
"Department for Environment Food & Rural Affairs","Department for Environment, Food and Rural Affairs","STRATEGY, GOVERNANCE & CLIMATE DIRECTORATE","200123","HEO","33590","37480","Officer","<5","Policy","YORKSHIRE AND THE HUMBER"
"Department for Environment Food & Rural Affairs","Department for Environment, Food and Rural Affairs","WATER AND FLOOD MANAGEMENT DIRECTORATE","200128","HEO","33590","37480","Officer","<5","Policy","YORKSHIRE AND THE HUMBER"
"Department for Environment Food & Rural Affairs","Department for Environment, Food and Rural Affairs","OFFICIAL DEVELOPMENT ASSISTANCE DIRECTORATE","200263","SEO","41220","44500","Team Leader","<5","Policy","YORKSHIRE AND THE HUMBER"
"Department for Environment Food & Rural Affairs","Department for Environment, Food and Rural Affairs","WATER AND FLOOD MANAGEMENT DIRECTORATE","200008","SEO","41220","44500","Team Leader","<5","Policy","SOUTH EAST"
"Department for Environment Food & Rural Affairs","Department for Environment, Food and Rural Affairs","WATER AND FLOOD MANAGEMENT DIRECTORATE","200008","SEO","41220","44500","Team Leader","<5","Policy","NORTH EAST"
"Department for Environment Food & Rural Affairs","Department for Environment, Food and Rural Affairs","TRADE DELIVERY DIRECTORATE","200008","SEO","41220","44500","Team Leader","<5","Policy","NORTH EAST"
"Department for Environment Food & Rural Affairs","Department for Environment, Food and Rural Affairs","STRATEGY AND WATER DG OFFICES DIRECTORATE","200239","HEO","33590","37480","Officer","<5","Policy","YORKSHIRE AND THE HUMBER"
"Department for Environment Food & Rural Affairs","Department for Environment, Food and Rural Affairs","MINISTERIAL, GROWTH AND RESILIENCE DIRECTORATE","200239","SEO","41220","44500","Team Leader","<5","Policy","YORKSHIRE AND THE HUMBER"
"Department for Environment Food & Rural Affairs","Department for Environment, Food and Rural Affairs","STRATEGY, GOVERNANCE & CLIMATE DIRECTORATE","200298","HEO","33590","37480","Officer","<5","Policy","EAST OF ENGLAND"
"Department for Environment Food & Rural Affairs","Department for Environment, Food and Rural Affairs","INTERNATIONAL BIODIVERSITY AND CLIMATE DIRECTORATE","200287","G6","65430","70690","Senior Manager","<5","Policy","UNKNOWN"
"Department for Environment Food & Rural Affairs","Department for Environment, Food and Rural Affairs","STRATEGY, GOVERNANCE & CLIMATE DIRECTORATE","200095","HEO","33590","37480","Officer","<5","Policy","WEST MIDLANDS"
"Department for Environment Food & Rural Affairs","Department for Environment, Food and Rural Affairs","STRATEGY, GOVERNANCE & CLIMATE DIRECTORATE","200095","G6","65430","70690","Senior Manager","<5","Policy","UNKNOWN"
"Department for Environment Food & Rural Affairs","Department for Environment, Food and Rural Affairs","STRATEGY, GOVERNANCE & CLIMATE DIRECTORATE","200095","HEO","33590","37480","Officer","<5","Policy","NORTH EAST"
"Department for Environment Food & Rural Affairs","Department for Environment, Food and Rural Affairs","STRATEGY, GOVERNANCE & CLIMATE DIRECTORATE","200095","SEO","41220","44500","Team Leader","<5","Policy","NORTH WEST"
"Department for Environment Food & Rural Affairs","Department for Environment, Food and Rural Affairs","MINISTERIAL, GROWTH AND RESILIENCE DIRECTORATE","200205","HEO","33590","37480","Officer","<5","Policy","UNKNOWN"
"Department for Environment Food & Rural Affairs","Department for Environment, Food and Rural Affairs","BIODIVERSITY, LAND USE & INVESTMENT DIRECTORATE","200269","G7","54470","59900","Team Manager","<5","Policy","YORKSHIRE AND THE HUMBER"
"Department for Environment Food & Rural Affairs","Department for Environment, Food and Rural Affairs","BIODIVERSITY, LAND USE & INVESTMENT DIRECTORATE","200269","EO","28710","32220","Executive Officer","<5","Policy","NORTH EAST"
"Department for Environment Food & Rural Affairs","Department for Environment, Food and Rural Affairs","TRADE DELIVERY DIRECTORATE","200012","SEO","41220","44500","Team Leader","<5","Policy","SOUTH EAST"
"Department for Environment Food & Rural Affairs","Department for Environment, Food and Rural Affairs","DEFRA GROUP PROPERTY DIRECTORATE","200186","HEO","33590","37480","Officer","<5","Policy","WEST MIDLANDS"
"Department for Environment Food & Rural Affairs","Department for Environment, Food and Rural Affairs","PEPR DIRECTORATE","200329","EO","28710","32220","Executive Officer","<5","Policy","YORKSHIRE AND THE HUMBER"
"Department for Environment Food & Rural Affairs","Department for Environment, Food and Rural Affairs","PEPR DIRECTORATE","200329","G6","65430","70690","Senior Manager","<5","Policy","NORTH WEST"
"Department for Environment Food & Rural Affairs","Department for Environment, Food and Rural Affairs","TRADE DELIVERY DIRECTORATE","200005","G7","54470","59900","Team Manager","<5","Policy","YORKSHIRE AND THE HUMBER"
"Department for Environment Food & Rural Affairs","Department for Environment, Food and Rural Affairs","TRADE DELIVERY DIRECTORATE","200005","G6","65430","70690","Senior Manager","<5","Policy","NORTHERN IRELAND"
"Department for Environment Food & Rural Affairs","Department for Environment, Food and Rural Affairs","DEFRA GROUP PROPERTY DIRECTORATE","200189","G6","65430","70690","Senior Manager","<5","Policy","NORTH EAST"
"Department for Environment Food & Rural Affairs","Department for Environment, Food and Rural Affairs","CIRCULAR ECONOMY DIRECTORATE","200026","G6","65430","70690","Senior Manager","<5","Policy","YORKSHIRE AND THE HUMBER"
"Department for Environment Food & Rural Affairs","Department for Environment, Food and Rural Affairs","CIRCULAR ECONOMY DIRECTORATE","200026","HEO","33590","37480","Officer","<5","Policy","YORKSHIRE AND THE HUMBER"
"Department for Environment Food & Rural Affairs","Department for Environment, Food and Rural Affairs","NATIONAL BIOSECURITY CENTRE DIRECTORATE","200280","G6","65430","70690","Senior Manager","<5","Policy","SOUTH EAST"
"Department for Environment Food & Rural Affairs","Department for Environment, Food and Rural Affairs","INTERNATIONAL BIODIVERSITY AND CLIMATE DIRECTORATE","200219","HEO","33590","37480","Officer","<5","Policy","UNKNOWN"
"Department for Environment Food & Rural Affairs","Department for Environment, Food and Rural Affairs","ENV QUALITY, INFRASTRUCTURE & PLANNING DIRECTORATE","200217","G6","65430","70690","Senior Manager","<5","Policy","NORTHERN IRELAND"
"Department for Environment Food & Rural Affairs","Department for Environment, Food and Rural Affairs","OFFICIAL DEVELOPMENT ASSISTANCE DIRECTORATE","200025","G6","65430","70690","Senior Manager","<5","Policy","YORKSHIRE AND THE HUMBER"
"Department for Environment Food & Rural Affairs","Department for Environment, Food and Rural Affairs","OFFICIAL DEVELOPMENT ASSISTANCE DIRECTORATE","200025","G7","54470","59900","Team Manager","<5","Policy","UNKNOWN"
"Department for Environment Food & Rural Affairs","Department for Environment, Food and Rural Affairs","EU AND INTERNATIONAL TRADE DIRECTORATE","200108","SEO","41220","44500","Team Leader","<5","Policy","UNKNOWN"
"Department for Environment Food & Rural Affairs","Department for Environment, Food and Rural Affairs","FOOD FARMING AND BIOSECURITY DG OFFICE DIRECTORATE","200268","EO","28710","32220","Executive Officer","<5","Policy","YORKSHIRE AND THE HUMBER"
"Department for Environment Food & Rural Affairs","Department for Environment, Food and Rural Affairs","PEPR DIRECTORATE","200238","G7","54470","59900","Team Manager","<5","Policy","NORTHERN IRELAND"
"Department for Environment Food & Rural Affairs","Department for Environment, Food and Rural Affairs","PEPR DIRECTORATE","200238","G6","65430","70690","Senior Manager","<5","Policy","NORTH EAST"
"Department for Environment Food & Rural Affairs","Department for Environment, Food and Rural Affairs","GROUP STRATEGY DIRECTORATE","200054","SEO","41220","44500","Team Leader","<5","Policy","YORKSHIRE AND THE HUMBER"
"Department for Environment Food & Rural Affairs","Department for Environment, Food and Rural Affairs","MARINE AND FISHERIES DIRECTORATE","200130","G7","54470","59900","Team Manager","<5","Policy","NORTH EAST"
"Department for Environment Food & Rural Affairs","Department for Environment, Food and Rural Affairs","MARINE AND FISHERIES DIRECTORATE","200130","G7","54470","59900","Team Manager","<5","Policy","NORTH WEST"
"Department for Environment Food & Rural Affairs","Department for Environment, Food and Rural Affairs","AGRI FOOD CHAIN DIRECTORATE","200174","G6","65430","70690","Senior Manager","<5","Policy","YORKSHIRE AND THE HUMBER"
"Department for Environment Food & Rural Affairs","Department for Environment, Food and Rural Affairs","AGRI FOOD CHAIN DIRECTORATE","200174","SEO","41220","44500","Team Leader","<5","Policy","WEST MIDLANDS"
"Department for Environment Food & Rural Affairs","Department for Environment, Food and Rural Affairs","AGRI FOOD CHAIN DIRECTORATE","200174","SEO","41220","44500","Team Leader","<5","Policy","YORKSHIRE AND THE HUMBER"
"Department for Environment Food & Rural Affairs","Department for Environment, Food and Rural Affairs","AGRI FOOD CHAIN DIRECTORATE","200174","HEO","33590","37480","Officer","<5","Policy","NORTH EAST"
"Department for Environment Food & Rural Affairs","Department for Environment, Food and Rural Affairs","ANIMAL AND PLANT HEALTH DIRECTORATE","200246","SEO","41220","44500","Team Leader","<5","Policy","WEST MIDLANDS"
"Department for Environment Food & Rural Affairs","Department for Environment, Food and Rural Affairs","WATER AND FLOOD MANAGEMENT DIRECTORATE","200187","HEO","33590","37480","Officer","<5","Policy","YORKSHIRE AND THE HUMBER"
"Department for Environment Food & Rural Affairs","Department for Environment, Food and Rural Affairs","ENV QUALITY, INFRASTRUCTURE & PLANNING DIRECTORATE","200112","HEO","33590","37480","Officer","<5","Policy","YORKSHIRE AND THE HUMBER"
"Department for Environment Food & Rural Affairs","Department for Environment, Food and Rural Affairs","FARMING DIRECTORATE - ADMIN COSTS","200119","EO","28710","32220","Executive Officer","<5","Policy","EAST MIDLANDS"
"Department for Environment Food & Rural Affairs","Department for Environment, Food and Rural Affairs","ANIMAL AND PLANT HEALTH DIRECTORATE","200104","G7","54470","59900","Team Manager","<5","Policy","EAST MIDLANDS"
"Department for Environment Food & Rural Affairs","Department for Environment, Food and Rural Affairs","AGRI FOOD CHAIN DIRECTORATE","200332","G7","54470","59900","Team Manager","<5","Policy","YORKSHIRE AND THE HUMBER"
"Department for Environment Food & Rural Affairs","Department for Environment, Food and Rural Affairs","MARINE AND FISHERIES DIRECTORATE","200115","G7","54470","59900","Team Manager","<5","Policy","NORTH EAST"
"Department for Environment Food & Rural Affairs","Department for Environment, Food and Rural Affairs","AGRI FOOD CHAIN DIRECTORATE","200137","G7","54470","59900","Team Manager","<5","Policy","NORTH WEST"
"Department for Environment Food & Rural Affairs","Department for Environment, Food and Rural Affairs","ANIMAL AND PLANT HEALTH DIRECTORATE","200104","G7","54470","59900","Team Manager","<5","Policy","YORKSHIRE AND THE HUMBER"
"Department for Environment Food & Rural Affairs","Department for Environment, Food and Rural Affairs","ANIMAL AND PLANT HEALTH DIRECTORATE","200104","G6","65430","70690","Senior Manager","<5","Policy","YORKSHIRE AND THE HUMBER"
"Department for Environment Food & Rural Affairs","Department for Environment, Food and Rural Affairs","INTERNATIONAL BIODIVERSITY AND CLIMATE DIRECTORATE","200212","HEO","33590","37480","Officer","<5","Policy","SOUTH EAST"
"Department for Environment Food & Rural Affairs","Department for Environment, Food and Rural Affairs","ENV QUALITY, INFRASTRUCTURE & PLANNING DIRECTORATE","200082","G7","54470","59900","Team Manager","<5","Policy","EAST OF ENGLAND"
"Department for Environment Food & Rural Affairs","Department for Environment, Food and Rural Affairs","MINISTERIAL, GROWTH AND RESILIENCE DIRECTORATE","200239","G6","65430","70690","Senior Manager","<5","Policy","YORKSHIRE AND THE HUMBER"
"Department for Environment Food & Rural Affairs","Department for Environment, Food and Rural Affairs","STRATEGY, GOVERNANCE & CLIMATE DIRECTORATE","200298","G6","65430","70690","Senior Manager","<5","Policy","NORTH EAST"
"Department for Environment Food & Rural Affairs","Department for Environment, Food and Rural Affairs","DEFRA GROUP PROPERTY DIRECTORATE","200186","G6","65430","70690","Senior Manager","<5","Policy","YORKSHIRE AND THE HUMBER"
"Department for Environment Food & Rural Affairs","Department for Environment, Food and Rural Affairs","CIRCULAR ECONOMY DIRECTORATE","200026","G6","65430","70690","Senior Manager","<5","Policy","SCOTLAND"
"Department for Environment Food & Rural Affairs","Department for Environment, Food and Rural Affairs","CIRCULAR ECONOMY DIRECTORATE","200026","G7","54470","59900","Team Manager","<5","Policy","EAST OF ENGLAND"
"Department for Environment Food & Rural Affairs","Department for Environment, Food and Rural Affairs","AGRI FOOD CHAIN DIRECTORATE","200174","SEO","41220","44500","Team Leader","<5","Policy","SOUTH EAST"
"Department for Environment Food & Rural Affairs","Department for Environment, Food and Rural Affairs","WATER AND FLOOD MANAGEMENT DIRECTORATE","200187","EO","28710","32220","Executive Officer","<5","Policy","YORKSHIRE AND THE HUMBER"
"Department for Environment Food & Rural Affairs","Department for Environment, Food and Rural Affairs","BIODIVERSITY, LAND USE & INVESTMENT DIRECTORATE","200140","SEO","41220","44500","Team Leader","<5","Policy","SOUTH EAST"
"Department for Environment Food & Rural Affairs","Department for Environment, Food and Rural Affairs","ANIMAL AND PLANT HEALTH DIRECTORATE","200104","SEO","41220","44500","Team Leader","<5","Policy","Unknown"
"Department for Environment Food & Rural Affairs","Department for Environment, Food and Rural Affairs","ENV QUALITY, INFRASTRUCTURE & PLANNING DIRECTORATE","200109","SEO","41220","44500","Team Leader","<5","Policy","Unknown"
"Department for Environment Food & Rural Affairs","Department for Environment, Food and Rural Affairs","ANIMAL AND PLANT HEALTH DIRECTORATE","200083","SEO","41220","44500","Team Leader","<5","Policy","Unknown"
"Department for Environment Food & Rural Affairs","Department for Environment, Food and Rural Affairs","MINISTERIAL, GROWTH AND RESILIENCE DIRECTORATE","200194","SEO","41220","44500","Team Leader","<5","Policy","Unknown"
"Department for Environment Food & Rural Affairs","Department for Environment, Food and Rural Affairs","ENV QUALITY, INFRASTRUCTURE & PLANNING DIRECTORATE","200082","SEO","41220","44500","Team Leader","<5","Policy","Unknown"
"Department for Environment Food & Rural Affairs","Department for Environment, Food and Rural Affairs","AGRI FOOD CHAIN DIRECTORATE","200137","SEO","41220","44500","Team Leader","<5","Policy","Unknown"
"Department for Environment Food & Rural Affairs","Department for Environment, Food and Rural Affairs","WATER AND FLOOD MANAGEMENT DIRECTORATE","200302","SEO","41220","44500","Team Leader","<5","Policy","Unknown"
"Department for Environment Food & Rural Affairs","Department for Environment, Food and Rural Affairs","FARMING DIRECTORATE - ADMIN COSTS","200126","SEO","41220","44500","Team Leader","<5","Policy","Unknown"
"Department for Environment Food & Rural Affairs","Department for Environment, Food and Rural Affairs","STRATEGY, GOVERNANCE & CLIMATE DIRECTORATE","200095","SEO","41220","44500","Team Leader","<5","Policy","Unknown"
"Department for Environment Food & Rural Affairs","Department for Environment, Food and Rural Affairs","BIODIVERSITY, LAND USE & INVESTMENT DIRECTORATE","200269","SEO","41220","44500","Team Leader","<5","Policy","Unknown"
"Department for Environment Food & Rural Affairs","Department for Environment, Food and Rural Affairs","MARINE AND FISHERIES DIRECTORATE","200130","SEO","41220","44500","Team Leader","<5","Policy","Unknown"
"Department for Environment Food & Rural Affairs","Department for Environment, Food and Rural Affairs","FARMING DIRECTORATE - ADMIN COSTS","200020","SEO","41220","44500","Team Leader","<5","Policy","Unknown"
"Department for Environment Food & Rural Affairs","Department for Environment, Food and Rural Affairs","ANIMAL AND PLANT HEALTH DIRECTORATE","200118","SEO","41220","44500","Team Leader","<5","Policy","Unknown"
"Department for Environment Food & Rural Affairs","Department for Environment, Food and Rural Affairs","WATER AND FLOOD MANAGEMENT DIRECTORATE","200128","SEO","41220","44500","Team Leader","<5","Policy","Unknown"
"Department for Environment Food & Rural Affairs","Department for Environment, Food and Rural Affairs","WATER AND FLOOD MANAGEMENT DIRECTORATE","200187","SEO","41220","44500","Team Leader","<5","Policy","Unknown"
"Department for Environment Food & Rural Affairs","Department for Environment, Food and Rural Affairs","EU AND INTERNATIONAL TRADE DIRECTORATE","200322","SEO","41220","44500","Team Leader","<5","Policy","Unknown"
"Department for Environment Food & Rural Affairs","Department for Environment, Food and Rural Affairs","ANIMAL AND PLANT HEALTH DIRECTORATE","200104","HEO","33590","37480","Officer","<5","Policy","Unknown"
"Department for Environment Food & Rural Affairs","Department for Environment, Food and Rural Affairs","ANIMAL AND PLANT HEALTH DIRECTORATE","200120","HEO","33590","37480","Officer","<5","Policy","Unknown"
"Department for Environment Food & Rural Affairs","Department for Environment, Food and Rural Affairs","BIODIVERSITY, LAND USE & INVESTMENT DIRECTORATE","200124","G7","54470","59900","Team Manager","<5","Policy","Unknown"
"Department for Environment Food & Rural Affairs","Department for Environment, Food and Rural Affairs","MARINE AND FISHERIES DIRECTORATE","200098","G6","65430","70690","Senior Manager","<5","Policy","Unknown"
"Department for Environment Food & Rural Affairs","Department for Environment, Food and Rural Affairs","MARINE AND FISHERIES DIRECTORATE","200098","G7","54470","59900","Team Manager","<5","Policy","Unknown"
"Department for Environment Food & Rural Affairs","Department for Environment, Food and Rural Affairs","MARINE AND FISHERIES DIRECTORATE","200098","HEO","33590","37480","Officer","<5","Policy","Unknown"
"Department for Environment Food & Rural Affairs","Department for Environment, Food and Rural Affairs","ANIMAL AND PLANT HEALTH DIRECTORATE","200118","G7","54470","59900","Team Manager","<5","Policy","Unknown"
"Department for Environment Food & Rural Affairs","Department for Environment, Food and Rural Affairs","ANIMAL AND PLANT HEALTH DIRECTORATE","200118","G6","65430","70690","Senior Manager","<5","Policy","Unknown"
"Department for Environment Food & Rural Affairs","Department for Environment, Food and Rural Affairs","ANIMAL AND PLANT HEALTH DIRECTORATE","200118","HEO","33590","37480","Officer","<5","Policy","Unknown"
"Department for Environment Food & Rural Affairs","Department for Environment, Food and Rural Affairs","AGRI FOOD CHAIN DIRECTORATE","200332","G6","65430","70690","Senior Manager","<5","Policy","Unknown"
"Department for Environment Food & Rural Affairs","Department for Environment, Food and Rural Affairs","AGRI FOOD CHAIN DIRECTORATE","200332","SEO","41220","44500","Team Leader","<5","Policy","Unknown"
"Department for Environment Food & Rural Affairs","Department for Environment, Food and Rural Affairs","AGRI FOOD CHAIN DIRECTORATE","200332","HEO","33590","37480","Officer","<5","Policy","Unknown"
"Department for Environment Food & Rural Affairs","Department for Environment, Food and Rural Affairs","WATER AND FLOOD MANAGEMENT DIRECTORATE","200211","G6","65430","70690","Senior Manager","<5","Policy","Unknown"
"Department for Environment Food & Rural Affairs","Department for Environment, Food and Rural Affairs","ENV QUALITY, INFRASTRUCTURE & PLANNING DIRECTORATE","200135","HEO","33590","37480","Officer","<5","Policy","Unknown"
"Department for Environment Food & Rural Affairs","Department for Environment, Food and Rural Affairs","ANIMAL AND PLANT HEALTH DIRECTORATE","200089","G7","54470","59900","Team Manager","<5","Policy","Unknown"
"Department for Environment Food & Rural Affairs","Department for Environment, Food and Rural Affairs","ANIMAL AND PLANT HEALTH DIRECTORATE","200089","G6","65430","70690","Senior Manager","<5","Policy","Unknown"
"Department for Environment Food & Rural Affairs","Department for Environment, Food and Rural Affairs","ANIMAL AND PLANT HEALTH DIRECTORATE","200089","HEO","33590","37480","Officer","<5","Policy","Unknown"
"Department for Environment Food & Rural Affairs","Department for Environment, Food and Rural Affairs","MARINE AND FISHERIES DIRECTORATE","200111","EO","28710","32220","Executive Officer","<5","Policy","Unknown"
"Department for Environment Food & Rural Affairs","Department for Environment, Food and Rural Affairs","WATER AND FLOOD MANAGEMENT DIRECTORATE","200144","SEO","41220","44500","Team Leader","<5","Policy","Unknown"
"Department for Environment Food & Rural Affairs","Department for Environment, Food and Rural Affairs","INTERNATIONAL BIODIVERSITY AND CLIMATE DIRECTORATE","200212","EO","28710","32220","Executive Officer","<5","Policy","Unknown"
"Department for Environment Food & Rural Affairs","Department for Environment, Food and Rural Affairs","INTERNATIONAL BIODIVERSITY AND CLIMATE DIRECTORATE","200212","SEO","41220","44500","Team Leader","<5","Policy","Unknown"
"Department for Environment Food & Rural Affairs","Department for Environment, Food and Rural Affairs","AGRI FOOD CHAIN DIRECTORATE","200107","G7","54470","59900","Team Manager","<5","Policy","Unknown"
"Department for Environment Food & Rural Affairs","Department for Environment, Food and Rural Affairs","AGRI FOOD CHAIN DIRECTORATE","200107","HEO","33590","37480","Officer","<5","Policy","Unknown"
"Department for Environment Food & Rural Affairs","Department for Environment, Food and Rural Affairs","AGRI FOOD CHAIN DIRECTORATE","200107","EO","28710","32220","Executive Officer","<5","Policy","Unknown"
"Department for Environment Food & Rural Affairs","Department for Environment, Food and Rural Affairs","MARINE AND FISHERIES DIRECTORATE","200289","SEO","41220","44500","Team Leader","<5","Policy","Unknown"
"Department for Environment Food & Rural Affairs","Department for Environment, Food and Rural Affairs","MARINE AND FISHERIES DIRECTORATE","200289","G7","54470","59900","Team Manager","<5","Policy","Unknown"
"Department for Environment Food & Rural Affairs","Department for Environment, Food and Rural Affairs","AGRI FOOD CHAIN DIRECTORATE","200137","G7","54470","59900","Team Manager","<5","Policy","Unknown"
"Department for Environment Food & Rural Affairs","Department for Environment, Food and Rural Affairs","AGRI FOOD CHAIN DIRECTORATE","200137","G6","65430","70690","Senior Manager","<5","Policy","Unknown"
"Department for Environment Food & Rural Affairs","Department for Environment, Food and Rural Affairs","AGRI FOOD CHAIN DIRECTORATE","200137","HEO","33590","37480","Officer","<5","Policy","Unknown"
"Department for Environment Food & Rural Affairs","Department for Environment, Food and Rural Affairs","ENV QUALITY, INFRASTRUCTURE & PLANNING DIRECTORATE","200134","G7","54470","59900","Team Manager","<5","Policy","Unknown"
"Department for Environment Food & Rural Affairs","Department for Environment, Food and Rural Affairs","WATER AND FLOOD MANAGEMENT DIRECTORATE","200302","G7","54470","59900","Team Manager","<5","Policy","Unknown"
"Department for Environment Food & Rural Affairs","Department for Environment, Food and Rural Affairs","FARMING DIRECTORATE - ADMIN COSTS","200126","G7","54470","59900","Team Manager","<5","Policy","Unknown"
"Department for Environment Food & Rural Affairs","Department for Environment, Food and Rural Affairs","GROUP STRATEGY DIRECTORATE","200058","SEO","41220","44500","Team Leader","<5","Policy","Unknown"
"Department for Environment Food & Rural Affairs","Department for Environment, Food and Rural Affairs","MARINE AND FISHERIES DIRECTORATE","200272","SEO","41220","44500","Team Leader","<5","Policy","Unknown"
"Department for Environment Food & Rural Affairs","Department for Environment, Food and Rural Affairs","MARINE AND FISHERIES DIRECTORATE","200272","EO","28710","32220","Executive Officer","<5","Policy","Unknown"
"Department for Environment Food & Rural Affairs","Department for Environment, Food and Rural Affairs","FARMING DIRECTORATE - ADMIN COSTS","200046","G6","65430","70690","Senior Manager","<5","Policy","Unknown"
"Department for Environment Food & Rural Affairs","Department for Environment, Food and Rural Affairs","FARMING DIRECTORATE - ADMIN COSTS","200046","HEO","33590","37480","Officer","<5","Policy","Unknown"
"Department for Environment Food & Rural Affairs","Department for Environment, Food and Rural Affairs","STRATEGY, GOVERNANCE & CLIMATE DIRECTORATE","200123","G6","65430","70690","Senior Manager","<5","Policy","Unknown"
"Department for Environment Food & Rural Affairs","Department for Environment, Food and Rural Affairs","STRATEGY, GOVERNANCE & CLIMATE DIRECTORATE","200123","HEO","33590","37480","Officer","<5","Policy","Unknown"
"Department for Environment Food & Rural Affairs","Department for Environment, Food and Rural Affairs","STRATEGY, GOVERNANCE & CLIMATE DIRECTORATE","200298","G7","54470","59900","Team Manager","<5","Policy","Unknown"
"Department for Environment Food & Rural Affairs","Department for Environment, Food and Rural Affairs","STRATEGY, GOVERNANCE & CLIMATE DIRECTORATE","200095","HEO","33590","37480","Officer","<5","Policy","Unknown"
"Department for Environment Food & Rural Affairs","Department for Environment, Food and Rural Affairs","TRADE DELIVERY DIRECTORATE","200205","G6","65430","70690","Senior Manager","<5","Policy","Unknown"
"Department for Environment Food & Rural Affairs","Department for Environment, Food and Rural Affairs","MINISTERIAL, GROWTH AND RESILIENCE DIRECTORATE","200241","G7","54470","59900","Team Manager","<5","Policy","Unknown"
"Department for Environment Food & Rural Affairs","Department for Environment, Food and Rural Affairs","MINISTERIAL, GROWTH AND RESILIENCE DIRECTORATE","200241","G6","65430","70690","Senior Manager","<5","Policy","Unknown"
"Department for Environment Food & Rural Affairs","Department for Environment, Food and Rural Affairs","DEFRA GROUP PROPERTY DIRECTORATE","200186","G7","54470","59900","Team Manager","<5","Policy","Unknown"
"Department for Environment Food & Rural Affairs","Department for Environment, Food and Rural Affairs","INTERNATIONAL BIODIVERSITY AND CLIMATE DIRECTORATE","200286","G7","54470","59900","Team Manager","<5","Policy","Unknown"
"Department for Environment Food & Rural Affairs","Department for Environment, Food and Rural Affairs","TRADE DELIVERY DIRECTORATE","200219","SEO","41220","44500","Team Leader","<5","Policy","Unknown"
"Department for Environment Food & Rural Affairs","Department for Environment, Food and Rural Affairs","AGRI FOOD CHAIN DIRECTORATE","200174","G7","54470","59900","Team Manager","<5","Policy","Unknown"
"Department for Environment Food & Rural Affairs","Department for Environment, Food and Rural Affairs","AGRI FOOD CHAIN DIRECTORATE","200174","SEO","41220","44500","Team Leader","<5","Policy","Unknown"
"Department for Environment Food & Rural Affairs","Department for Environment, Food and Rural Affairs","AGRI FOOD CHAIN DIRECTORATE","200174","G6","65430","70690","Senior Manager","<5","Policy","Unknown"
"Department for Environment Food & Rural Affairs","Department for Environment, Food and Rural Affairs","ANIMAL AND PLANT HEALTH DIRECTORATE","200246","G7","54470","59900","Team Manager","<5","Policy","Unknown"
"Department for Environment Food & Rural Affairs","Department for Environment, Food and Rural Affairs","MINISTERIAL, GROWTH AND RESILIENCE DIRECTORATE","200138","G7","54470","59900","Team Manager","<5","Policy","Unknown"
"Department for Environment Food & Rural Affairs","Department for Environment, Food and Rural Affairs","MINISTERIAL, GROWTH AND RESILIENCE DIRECTORATE","200138","G6","65430","70690","Senior Manager","<5","Policy","Unknown"
"Department for Environment Food & Rural Affairs","Department for Environment, Food and Rural Affairs","WATER AND FLOOD MANAGEMENT DIRECTORATE","200187","G6","65430","70690","Senior Manager","<5","Policy","Unknown"
"Department for Environment Food & Rural Affairs","Department for Environment, Food and Rural Affairs","WATER AND FLOOD MANAGEMENT DIRECTORATE","200187","HEO","33590","37480","Officer","<5","Policy","Unknown"
"Department for Environment Food & Rural Affairs","Department for Environment, Food and Rural Affairs","MARINE AND FISHERIES DIRECTORATE","200130","G7","54470","59900","Team Manager","<5","Policy","Unknown"
"Department for Environment Food & Rural Affairs","Department for Environment, Food and Rural Affairs","ANIMAL AND PLANT HEALTH DIRECTORATE","200104","G7","54470","59900","Team Manager","<5","Policy","Unknown"
"Department for Environment Food & Rural Affairs","Department for Environment, Food and Rural Affairs","MARINE AND FISHERIES DIRECTORATE","200115","G7","54470","59900","Team Manager","<5","Policy","Unknown"
"Department for Environment Food & Rural Affairs","Department for Environment, Food and Rural Affairs","WATER AND FLOOD MANAGEMENT DIRECTORATE","200019","HEO","33590","37480","Officer","<5","Policy","Unknown"
"Department for Environment Food & Rural Affairs","Department for Environment, Food and Rural Affairs","MARINE AND FISHERIES DIRECTORATE","200111","HEO","33590","37480","Officer","<5","Policy","Unknown"
"Department for Environment Food & Rural Affairs","Department for Environment, Food and Rural Affairs","MARINE AND FISHERIES DIRECTORATE","200272","G7","54470","59900","Team Manager","<5","Policy","Unknown"
"Department for Environment Food & Rural Affairs","Department for Environment, Food and Rural Affairs","STRATEGY, GOVERNANCE & CLIMATE DIRECTORATE","200123","G7","54470","59900","Team Manager","<5","Policy","Unknown"
"Department for Environment Food & Rural Affairs","Department for Environment, Food and Rural Affairs","TRADE DELIVERY DIRECTORATE","200012","G6","65430","70690","Senior Manager","<5","Policy","Unknown"
"Department for Environment Food & Rural Affairs","Department for Environment, Food and Rural Affairs","MARINE AND FISHERIES DIRECTORATE","200130","HEO","33590","37480","Officer","<5","Policy","Unknown"
"Department for Environment Food & Rural Affairs","Department for Environment, Food and Rural Affairs","ANIMAL AND PLANT HEALTH DIRECTORATE","200120","SEO","41220","44500","Team Leader","<5","Policy","SOUTH WEST"
"Department for Environment Food & Rural Affairs","Department for Environment, Food and Rural Affairs","BIODIVERSITY, LAND USE & INVESTMENT DIRECTORATE","200124","SEO","41220","44500","Team Leader","<5","Policy","SOUTH WEST"
"Department for Environment Food & Rural Affairs","Department for Environment, Food and Rural Affairs","ANIMAL AND PLANT HEALTH DIRECTORATE","200118","SEO","41220","44500","Team Leader","<5","Policy","SOUTH WEST"
"Department for Environment Food & Rural Affairs","Department for Environment, Food and Rural Affairs","AGRI FOOD CHAIN DIRECTORATE","200332","SEO","41220","44500","Team Leader","<5","Policy","SOUTH WEST"
"Department for Environment Food & Rural Affairs","Department for Environment, Food and Rural Affairs","MARINE AND FISHERIES DIRECTORATE","200115","SEO","41220","44500","Team Leader","<5","Policy","SOUTH WEST"
"Department for Environment Food & Rural Affairs","Department for Environment, Food and Rural Affairs","WATER AND FLOOD MANAGEMENT DIRECTORATE","200019","SEO","41220","44500","Team Leader","<5","Policy","SOUTH WEST"
"Department for Environment Food & Rural Affairs","Department for Environment, Food and Rural Affairs","ANIMAL AND PLANT HEALTH DIRECTORATE","200083","SEO","41220","44500","Team Leader","<5","Policy","SOUTH WEST"
"Department for Environment Food & Rural Affairs","Department for Environment, Food and Rural Affairs","AGRI FOOD CHAIN DIRECTORATE","200107","SEO","41220","44500","Team Leader","<5","Policy","SOUTH WEST"
"Department for Environment Food & Rural Affairs","Department for Environment, Food and Rural Affairs","STRATEGY, GOVERNANCE & CLIMATE DIRECTORATE","200154","SEO","41220","44500","Team Leader","<5","Policy","SOUTH WEST"
"Department for Environment Food & Rural Affairs","Department for Environment, Food and Rural Affairs","ENV QUALITY, INFRASTRUCTURE & PLANNING DIRECTORATE","200134","SEO","41220","44500","Team Leader","<5","Policy","SOUTH WEST"
"Department for Environment Food & Rural Affairs","Department for Environment, Food and Rural Affairs","FARMING DIRECTORATE - ADMIN COSTS","200046","SEO","41220","44500","Team Leader","<5","Policy","SOUTH WEST"
"Department for Environment Food & Rural Affairs","Department for Environment, Food and Rural Affairs","CIRCULAR ECONOMY DIRECTORATE","200293","SEO","41220","44500","Team Leader","<5","Policy","SOUTH WEST"
"Department for Environment Food & Rural Affairs","Department for Environment, Food and Rural Affairs","STRATEGY, GOVERNANCE & CLIMATE DIRECTORATE","200123","SEO","41220","44500","Team Leader","<5","Policy","SOUTH WEST"
"Department for Environment Food & Rural Affairs","Department for Environment, Food and Rural Affairs","WATER AND FLOOD MANAGEMENT DIRECTORATE","200128","SEO","41220","44500","Team Leader","<5","Policy","SOUTH WEST"
"Department for Environment Food & Rural Affairs","Department for Environment, Food and Rural Affairs","BIODIVERSITY, LAND USE & INVESTMENT DIRECTORATE","200269","SEO","41220","44500","Team Leader","<5","Policy","SOUTH WEST"
"Department for Environment Food & Rural Affairs","Department for Environment, Food and Rural Affairs","MARINE AND FISHERIES DIRECTORATE","200130","SEO","41220","44500","Team Leader","<5","Policy","SOUTH WEST"
"Department for Environment Food & Rural Affairs","Department for Environment, Food and Rural Affairs","WATER AND FLOOD MANAGEMENT DIRECTORATE","200187","SEO","41220","44500","Team Leader","<5","Policy","SOUTH WEST"
"Department for Environment Food & Rural Affairs","Department for Environment, Food and Rural Affairs","INTERNATIONAL BIODIVERSITY AND CLIMATE DIRECTORATE","200212","SEO","41220","44500","Team Leader","<5","Policy","SOUTH WEST"
"Department for Environment Food & Rural Affairs","Department for Environment, Food and Rural Affairs","WATER AND FLOOD MANAGEMENT DIRECTORATE","200302","SEO","41220","44500","Team Leader","<5","Policy","SOUTH WEST"
"Department for Environment Food & Rural Affairs","Department for Environment, Food and Rural Affairs","STRATEGY, GOVERNANCE & CLIMATE DIRECTORATE","200298","SEO","41220","44500","Team Leader","<5","Policy","SOUTH WEST"
"Department for Environment Food & Rural Affairs","Department for Environment, Food and Rural Affairs","CIRCULAR ECONOMY DIRECTORATE","200026","SEO","41220","44500","Team Leader","<5","Policy","SOUTH WEST"
"Department for Environment Food & Rural Affairs","Department for Environment, Food and Rural Affairs","STRATEGY, GOVERNANCE & CLIMATE DIRECTORATE","200199","SEO","41220","44500","Team Leader","<5","Policy","SOUTH WEST"
"Department for Environment Food & Rural Affairs","Department for Environment, Food and Rural Affairs","ANIMAL AND PLANT HEALTH DIRECTORATE","200104","HEO","33590","37480","Officer","<5","Policy","SOUTH WEST"
"Department for Environment Food & Rural Affairs","Department for Environment, Food and Rural Affairs","ANIMAL AND PLANT HEALTH DIRECTORATE","200104","SEO","41220","44500","Team Leader","<5","Policy","SOUTH WEST"
"Department for Environment Food & Rural Affairs","Department for Environment, Food and Rural Affairs","ANIMAL AND PLANT HEALTH DIRECTORATE","200120","G6","65430","70690","Senior Manager","<5","Policy","SOUTH WEST"
"Department for Environment Food & Rural Affairs","Department for Environment, Food and Rural Affairs","BIODIVERSITY, LAND USE & INVESTMENT DIRECTORATE","200124","G7","54470","59900","Team Manager","<5","Policy","SOUTH WEST"
"Department for Environment Food & Rural Affairs","Department for Environment, Food and Rural Affairs","MARINE AND FISHERIES DIRECTORATE","200098","HEO","33590","37480","Officer","<5","Policy","SOUTH WEST"
"Department for Environment Food & Rural Affairs","Department for Environment, Food and Rural Affairs","MARINE AND FISHERIES DIRECTORATE","200098","G7","54470","59900","Team Manager","<5","Policy","SOUTH WEST"
"Department for Environment Food & Rural Affairs","Department for Environment, Food and Rural Affairs","TRADE DELIVERY DIRECTORATE","200256","G7","54470","59900","Team Manager","<5","Policy","SOUTH WEST"
"Department for Environment Food & Rural Affairs","Department for Environment, Food and Rural Affairs","TRADE DELIVERY DIRECTORATE","200215","SEO","41220","44500","Team Leader","<5","Policy","SOUTH WEST"
"Department for Environment Food & Rural Affairs","Department for Environment, Food and Rural Affairs","WATER AND FLOOD MANAGEMENT DIRECTORATE","200211","G7","54470","59900","Team Manager","<5","Policy","SOUTH WEST"
"Department for Environment Food & Rural Affairs","Department for Environment, Food and Rural Affairs","MARINE AND FISHERIES DIRECTORATE","200115","HEO","33590","37480","Officer","<5","Policy","SOUTH WEST"
"Department for Environment Food & Rural Affairs","Department for Environment, Food and Rural Affairs","ANIMAL AND PLANT HEALTH DIRECTORATE","200089","SEO","41220","44500","Team Leader","<5","Policy","SOUTH WEST"
"Department for Environment Food & Rural Affairs","Department for Environment, Food and Rural Affairs","MARINE AND FISHERIES DIRECTORATE","200111","EO","28710","32220","Executive Officer","<5","Policy","SOUTH WEST"
"Department for Environment Food & Rural Affairs","Department for Environment, Food and Rural Affairs","ANIMAL AND PLANT HEALTH DIRECTORATE","200110","HEO","33590","37480","Officer","<5","Policy","SOUTH WEST"
"Department for Environment Food & Rural Affairs","Department for Environment, Food and Rural Affairs","ANIMAL AND PLANT HEALTH DIRECTORATE","200083","G7","54470","59900","Team Manager","<5","Policy","SOUTH WEST"
"Department for Environment Food & Rural Affairs","Department for Environment, Food and Rural Affairs","ANIMAL AND PLANT HEALTH DIRECTORATE","200083","HEO","33590","37480","Officer","<5","Policy","SOUTH WEST"
"Department for Environment Food & Rural Affairs","Department for Environment, Food and Rural Affairs","STRATEGY, GOVERNANCE & CLIMATE DIRECTORATE","200212","SEO","41220","44500","Team Leader","<5","Policy","SOUTH WEST"
"Department for Environment Food & Rural Affairs","Department for Environment, Food and Rural Affairs","OFFICIAL DEVELOPMENT ASSISTANCE DIRECTORATE","200212","G7","54470","59900","Team Manager","<5","Policy","SOUTH WEST"
"Department for Environment Food & Rural Affairs","Department for Environment, Food and Rural Affairs","INTERNATIONAL BIODIVERSITY AND CLIMATE DIRECTORATE","200212","G7","54470","59900","Team Manager","<5","Policy","SOUTH WEST"
"Department for Environment Food & Rural Affairs","Department for Environment, Food and Rural Affairs","AGRI FOOD CHAIN DIRECTORATE","200107","HEO","33590","37480","Officer","<5","Policy","SOUTH WEST"
"Department for Environment Food & Rural Affairs","Department for Environment, Food and Rural Affairs","AGRI FOOD CHAIN DIRECTORATE","200107","G7","54470","59900","Team Manager","<5","Policy","SOUTH WEST"
"Department for Environment Food & Rural Affairs","Department for Environment, Food and Rural Affairs","MINISTERIAL, GROWTH AND RESILIENCE DIRECTORATE","200194","G6","65430","70690","Senior Manager","<5","Policy","SOUTH WEST"
"Department for Environment Food & Rural Affairs","Department for Environment, Food and Rural Affairs","MINISTERIAL, GROWTH AND RESILIENCE DIRECTORATE","200194","HEO","33590","37480","Officer","<5","Policy","SOUTH WEST"
"Department for Environment Food & Rural Affairs","Department for Environment, Food and Rural Affairs","CIRCULAR ECONOMY DIRECTORATE","200147","HEO","33590","37480","Officer","<5","Policy","SOUTH WEST"
"Department for Environment Food & Rural Affairs","Department for Environment, Food and Rural Affairs","CIRCULAR ECONOMY DIRECTORATE","200147","SEO","41220","44500","Team Leader","<5","Policy","SOUTH WEST"
"Department for Environment Food & Rural Affairs","Department for Environment, Food and Rural Affairs","CIRCULAR ECONOMY DIRECTORATE","200147","G7","54470","59900","Team Manager","<5","Policy","SOUTH WEST"
"Department for Environment Food & Rural Affairs","Department for Environment, Food and Rural Affairs","STRATEGY, GOVERNANCE & CLIMATE DIRECTORATE","200154","G6","65430","70690","Senior Manager","<5","Policy","SOUTH WEST"
"Department for Environment Food & Rural Affairs","Department for Environment, Food and Rural Affairs","STRATEGY, GOVERNANCE & CLIMATE DIRECTORATE","200154","G7","54470","59900","Team Manager","<5","Policy","SOUTH WEST"
"Department for Environment Food & Rural Affairs","Department for Environment, Food and Rural Affairs","EU AND INTERNATIONAL TRADE DIRECTORATE","200047","G7","54470","59900","Team Manager","<5","Policy","SOUTH WEST"
"Department for Environment Food & Rural Affairs","Department for Environment, Food and Rural Affairs","AGRI FOOD CHAIN DIRECTORATE","200137","G7","54470","59900","Team Manager","<5","Policy","SOUTH WEST"
"Department for Environment Food & Rural Affairs","Department for Environment, Food and Rural Affairs","AGRI FOOD CHAIN DIRECTORATE","200137","HEO","33590","37480","Officer","<5","Policy","SOUTH WEST"
"Department for Environment Food & Rural Affairs","Department for Environment, Food and Rural Affairs","BIODIVERSITY, LAND USE & INVESTMENT DIRECTORATE","200132","G7","54470","59900","Team Manager","<5","Policy","SOUTH WEST"
"Department for Environment Food & Rural Affairs","Department for Environment, Food and Rural Affairs","EU AND INTERNATIONAL TRADE DIRECTORATE","200328","G7","54470","59900","Team Manager","<5","Policy","SOUTH WEST"
"Department for Environment Food & Rural Affairs","Department for Environment, Food and Rural Affairs","BIODIVERSITY, LAND USE & INVESTMENT DIRECTORATE","200127","HEO","33590","37480","Officer","<5","Policy","SOUTH WEST"
"Department for Environment Food & Rural Affairs","Department for Environment, Food and Rural Affairs","BIODIVERSITY, LAND USE & INVESTMENT DIRECTORATE","200127","SEO","41220","44500","Team Leader","<5","Policy","SOUTH WEST"
"Department for Environment Food & Rural Affairs","Department for Environment, Food and Rural Affairs","ENV QUALITY, INFRASTRUCTURE & PLANNING DIRECTORATE","200134","HEO","33590","37480","Officer","<5","Policy","SOUTH WEST"
"Department for Environment Food & Rural Affairs","Department for Environment, Food and Rural Affairs","WATER AND FLOOD MANAGEMENT DIRECTORATE","200302","G7","54470","59900","Team Manager","<5","Policy","SOUTH WEST"
"Department for Environment Food & Rural Affairs","Department for Environment, Food and Rural Affairs","FARMING DIRECTORATE - ADMIN COSTS","200126","G7","54470","59900","Team Manager","<5","Policy","SOUTH WEST"
"Department for Environment Food & Rural Affairs","Department for Environment, Food and Rural Affairs","GROUP STRATEGY DIRECTORATE","200058","G7","54470","59900","Team Manager","<5","Policy","SOUTH WEST"
"Department for Environment Food & Rural Affairs","Department for Environment, Food and Rural Affairs","MARINE AND FISHERIES DIRECTORATE","200272","G7","54470","59900","Team Manager","<5","Policy","SOUTH WEST"
"Department for Environment Food & Rural Affairs","Department for Environment, Food and Rural Affairs","CIRCULAR ECONOMY DIRECTORATE","200293","G7","54470","59900","Team Manager","<5","Policy","SOUTH WEST"
"Department for Environment Food & Rural Affairs","Department for Environment, Food and Rural Affairs","CIRCULAR ECONOMY DIRECTORATE","200293","HEO","33590","37480","Officer","<5","Policy","SOUTH WEST"
"Department for Environment Food & Rural Affairs","Department for Environment, Food and Rural Affairs","STRATEGY, GOVERNANCE & CLIMATE DIRECTORATE","200123","G7","54470","59900","Team Manager","<5","Policy","SOUTH WEST"
"Department for Environment Food & Rural Affairs","Department for Environment, Food and Rural Affairs","WATER AND FLOOD MANAGEMENT DIRECTORATE","200008","SEO","41220","44500","Team Leader","<5","Policy","SOUTH WEST"
"Department for Environment Food & Rural Affairs","Department for Environment, Food and Rural Affairs","WATER AND FLOOD MANAGEMENT DIRECTORATE","200008","G6","65430","70690","Senior Manager","<5","Policy","SOUTH WEST"
"Department for Environment Food & Rural Affairs","Department for Environment, Food and Rural Affairs","EU AND INTERNATIONAL TRADE DIRECTORATE","200105","G6","65430","70690","Senior Manager","<5","Policy","SOUTH WEST"
"Department for Environment Food & Rural Affairs","Department for Environment, Food and Rural Affairs","BIODIVERSITY, LAND USE & INVESTMENT DIRECTORATE","200040","G7","54470","59900","Team Manager","<5","Policy","SOUTH WEST"
"Department for Environment Food & Rural Affairs","Department for Environment, Food and Rural Affairs","BIODIVERSITY, LAND USE & INVESTMENT DIRECTORATE","200040","G6","65430","70690","Senior Manager","<5","Policy","SOUTH WEST"
"Department for Environment Food & Rural Affairs","Department for Environment, Food and Rural Affairs","INTERNATIONAL BIODIVERSITY AND CLIMATE DIRECTORATE","200287","HEO","33590","37480","Officer","<5","Policy","SOUTH WEST"
"Department for Environment Food & Rural Affairs","Department for Environment, Food and Rural Affairs","INTERNATIONAL BIODIVERSITY AND CLIMATE DIRECTORATE","200287","G6","65430","70690","Senior Manager","<5","Policy","SOUTH WEST"
"Department for Environment Food & Rural Affairs","Department for Environment, Food and Rural Affairs","WATER AND FLOOD MANAGEMENT DIRECTORATE","200096","SEO","41220","44500","Team Leader","<5","Policy","SOUTH WEST"
"Department for Environment Food & Rural Affairs","Department for Environment, Food and Rural Affairs","STRATEGY, GOVERNANCE & CLIMATE DIRECTORATE","200095","G7","54470","59900","Team Manager","<5","Policy","SOUTH WEST"
"Department for Environment Food & Rural Affairs","Department for Environment, Food and Rural Affairs","BIODIVERSITY, LAND USE & INVESTMENT DIRECTORATE","200269","HEO","33590","37480","Officer","<5","Policy","SOUTH WEST"
"Department for Environment Food & Rural Affairs","Department for Environment, Food and Rural Affairs","BIODIVERSITY, LAND USE & INVESTMENT DIRECTORATE","200269","G6","65430","70690","Senior Manager","<5","Policy","SOUTH WEST"
"Department for Environment Food & Rural Affairs","Department for Environment, Food and Rural Affairs","DEFRA GROUP PROPERTY DIRECTORATE","200186","SEO","41220","44500","Team Leader","<5","Policy","SOUTH WEST"
"Department for Environment Food & Rural Affairs","Department for Environment, Food and Rural Affairs","OFFICIAL DEVELOPMENT ASSISTANCE DIRECTORATE","200286","G7","54470","59900","Team Manager","<5","Policy","SOUTH WEST"
"Department for Environment Food & Rural Affairs","Department for Environment, Food and Rural Affairs","OFFICIAL DEVELOPMENT ASSISTANCE DIRECTORATE","200286","G6","65430","70690","Senior Manager","<5","Policy","SOUTH WEST"
"Department for Environment Food & Rural Affairs","Department for Environment, Food and Rural Affairs","INTERNATIONAL BIODIVERSITY AND CLIMATE DIRECTORATE","200219","G7","54470","59900","Team Manager","<5","Policy","SOUTH WEST"
"Department for Environment Food & Rural Affairs","Department for Environment, Food and Rural Affairs","TRADE DELIVERY DIRECTORATE","200219","HEO","33590","37480","Officer","<5","Policy","SOUTH WEST"
"Department for Environment Food & Rural Affairs","Department for Environment, Food and Rural Affairs","TRADE DELIVERY DIRECTORATE","200333","SEO","41220","44500","Team Leader","<5","Policy","SOUTH WEST"
"Department for Environment Food & Rural Affairs","Department for Environment, Food and Rural Affairs","TRADE DELIVERY DIRECTORATE","200333","G7","54470","59900","Team Manager","<5","Policy","SOUTH WEST"
"Department for Environment Food & Rural Affairs","Department for Environment, Food and Rural Affairs","OFFICIAL DEVELOPMENT ASSISTANCE DIRECTORATE","200025","G7","54470","59900","Team Manager","<5","Policy","SOUTH WEST"
"Department for Environment Food & Rural Affairs","Department for Environment, Food and Rural Affairs","GROUP STRATEGY DIRECTORATE","200337","G7","54470","59900","Team Manager","<5","Policy","SOUTH WEST"
"Department for Environment Food & Rural Affairs","Department for Environment, Food and Rural Affairs","AGRI FOOD CHAIN DIRECTORATE","200174","HEO","33590","37480","Officer","<5","Policy","SOUTH WEST"
"Department for Environment Food & Rural Affairs","Department for Environment, Food and Rural Affairs","ANIMAL AND PLANT HEALTH DIRECTORATE","200246","HEO","33590","37480","Officer","<5","Policy","SOUTH WEST"
"Department for Environment Food & Rural Affairs","Department for Environment, Food and Rural Affairs","ANIMAL AND PLANT HEALTH DIRECTORATE","200246","G7","54470","59900","Team Manager","<5","Policy","SOUTH WEST"
"Department for Environment Food & Rural Affairs","Department for Environment, Food and Rural Affairs","ANIMAL AND PLANT HEALTH DIRECTORATE","200246","G6","65430","70690","Senior Manager","<5","Policy","SOUTH WEST"
"Department for Environment Food & Rural Affairs","Department for Environment, Food and Rural Affairs","ANIMAL AND PLANT HEALTH DIRECTORATE","200246","SEO","41220","44500","Team Leader","<5","Policy","SOUTH WEST"
"Department for Environment Food & Rural Affairs","Department for Environment, Food and Rural Affairs","MINISTERIAL, GROWTH AND RESILIENCE DIRECTORATE","200138","G6","65430","70690","Senior Manager","<5","Policy","SOUTH WEST"
"Department for Environment Food & Rural Affairs","Department for Environment, Food and Rural Affairs","GROUP STRATEGY DIRECTORATE","200208","G6","65430","70690","Senior Manager","<5","Policy","SOUTH WEST"
"Department for Environment Food & Rural Affairs","Department for Environment, Food and Rural Affairs","WATER AND FLOOD MANAGEMENT DIRECTORATE","200187","HEO","33590","37480","Officer","<5","Policy","SOUTH WEST"
"Department for Environment Food & Rural Affairs","Department for Environment, Food and Rural Affairs","DIGITAL, DATA, TECHNOLOGY AND SECURITY DIRECTORATE","200146","G7","54470","59900","Team Manager","<5","Policy","SOUTH WEST"
"Department for Environment Food & Rural Affairs","Department for Environment, Food and Rural Affairs","ANIMAL AND PLANT HEALTH DIRECTORATE","200104","G7","54470","59900","Team Manager","<5","Policy","SOUTH WEST"
"Department for Environment Food & Rural Affairs","Department for Environment, Food and Rural Affairs","ANIMAL AND PLANT HEALTH DIRECTORATE","200118","G7","54470","59900","Team Manager","<5","Policy","SOUTH WEST"
"Department for Environment Food & Rural Affairs","Department for Environment, Food and Rural Affairs","ANIMAL AND PLANT HEALTH DIRECTORATE","200089","G7","54470","59900","Team Manager","<5","Policy","SOUTH WEST"
"Department for Environment Food & Rural Affairs","Department for Environment, Food and Rural Affairs","MINISTERIAL, GROWTH AND RESILIENCE DIRECTORATE","200194","G7","54470","59900","Team Manager","<5","Policy","SOUTH WEST"
"Department for Environment Food & Rural Affairs","Department for Environment, Food and Rural Affairs","WATER AND FLOOD MANAGEMENT DIRECTORATE","200019","G7","54470","59900","Team Manager","<5","Policy","SOUTH WEST"
"Department for Environment Food & Rural Affairs","Department for Environment, Food and Rural Affairs","WATER AND FLOOD MANAGEMENT DIRECTORATE","200019","G6","65430","70690","Senior Manager","<5","Policy","SOUTH WEST"
"Department for Environment Food & Rural Affairs","Department for Environment, Food and Rural Affairs","MARINE AND FISHERIES DIRECTORATE","200111","G6","65430","70690","Senior Manager","<5","Policy","SOUTH WEST"
"Department for Environment Food & Rural Affairs","Department for Environment, Food and Rural Affairs","WATER AND FLOOD MANAGEMENT DIRECTORATE","200144","HEO","33590","37480","Officer","<5","Policy","SOUTH WEST"
"Department for Environment Food & Rural Affairs","Department for Environment, Food and Rural Affairs","EU AND INTERNATIONAL TRADE DIRECTORATE","200328","HEO","33590","37480","Officer","<5","Policy","SOUTH WEST"
"Department for Environment Food & Rural Affairs","Department for Environment, Food and Rural Affairs","BIODIVERSITY, LAND USE & INVESTMENT DIRECTORATE","200127","G7","54470","59900","Team Manager","<5","Policy","SOUTH WEST"
"Department for Environment Food & Rural Affairs","Department for Environment, Food and Rural Affairs","WATER AND FLOOD MANAGEMENT DIRECTORATE","200302","G6","65430","70690","Senior Manager","<5","Policy","SOUTH WEST"
"Department for Environment Food & Rural Affairs","Department for Environment, Food and Rural Affairs","GROUP STRATEGY DIRECTORATE","200058","EO","28710","32220","Executive Officer","<5","Policy","SOUTH WEST"
"Department for Environment Food & Rural Affairs","Department for Environment, Food and Rural Affairs","FARMING DIRECTORATE - ADMIN COSTS","200046","G7","54470","59900","Team Manager","<5","Policy","SOUTH WEST"
"Department for Environment Food & Rural Affairs","Department for Environment, Food and Rural Affairs","STRATEGY, GOVERNANCE & CLIMATE DIRECTORATE","200298","G7","54470","59900","Team Manager","<5","Policy","SOUTH WEST"
"Department for Environment Food & Rural Affairs","Department for Environment, Food and Rural Affairs","STRATEGY, GOVERNANCE & CLIMATE DIRECTORATE","200095","SEO","41220","44500","Team Leader","<5","Policy","SOUTH WEST"
"Department for Environment Food & Rural Affairs","Department for Environment, Food and Rural Affairs","BIODIVERSITY, LAND USE & INVESTMENT DIRECTORATE","200269","G7","54470","59900","Team Manager","<5","Policy","SOUTH WEST"
"Department for Environment Food & Rural Affairs","Department for Environment, Food and Rural Affairs","MARINE AND FISHERIES DIRECTORATE","200130","G7","54470","59900","Team Manager","<5","Policy","SOUTH WEST"
"Department for Environment Food & Rural Affairs","Department for Environment, Food and Rural Affairs","AGRI FOOD CHAIN DIRECTORATE","200174","SEO","41220","44500","Team Leader","<5","Policy","SOUTH WEST"
"Department for Environment Food & Rural Affairs","Department for Environment, Food and Rural Affairs","DEFRA GROUP PROPERTY DIRECTORATE","200078","G6","65430","70690","Senior Manager","<5","Property","YORKSHIRE AND THE HUMBER"
"Department for Environment Food & Rural Affairs","Department for Environment, Food and Rural Affairs","FARMING DIRECTORATE - ADMIN COSTS","200020","G6","65430","70690","Senior Manager","<5","Unknown","SOUTH WEST"
"Department for Environment Food & Rural Affairs","Department for Environment, Food and Rural Affairs","FARMING DIRECTORATE - ADMIN COSTS","200129","G6","65430","70690","Senior Manager","<5","Social Research","SOUTH WEST"
"Department for Environment Food & Rural Affairs","Department for Environment, Food and Rural Affairs","AGRI FOOD CHAIN DIRECTORATE","200077","G6","65430","70690","Senior Manager","<5","Unknown","YORKSHIRE AND THE HUMBER"
"Department for Environment Food & Rural Affairs","Department for Environment, Food and Rural Affairs","CIRCULAR ECONOMY DIRECTORATE","200227","G6","65430","70690","Senior Manager","<5","Project Management Delivery","NORTH EAST"
"Department for Environment Food & Rural Affairs","Department for Environment, Food and Rural Affairs","TRADE DELIVERY DIRECTORATE","200256","G6","65430","70690","Senior Manager","<5","Project Management Delivery","YORKSHIRE AND THE HUMBER"
"Department for Environment Food & Rural Affairs","Department for Environment, Food and Rural Affairs","ENV QUALITY, INFRASTRUCTURE & PLANNING DIRECTORATE","200135","G6","65430","70690","Senior Manager","<5","Project Management Delivery","SOUTH WEST"
"Department for Environment Food & Rural Affairs","Department for Environment, Food and Rural Affairs","DEFRA GROUP PROPERTY DIRECTORATE","200313","G6","65430","70690","Senior Manager","<5","Unknown","NORTH EAST"
"Department for Environment Food & Rural Affairs","Department for Environment, Food and Rural Affairs","MARINE AND FISHERIES DIRECTORATE","200111","G6","65430","70690","Senior Manager","<5","Project Management Delivery","YORKSHIRE AND THE HUMBER"
"Department for Environment Food & Rural Affairs","Department for Environment, Food and Rural Affairs","INTERNATIONAL BIODIVERSITY AND CLIMATE DIRECTORATE","200212","G6","65430","70690","Senior Manager","<5","International Trade and Negotiation","SCOTLAND"
"Department for Environment Food & Rural Affairs","Department for Environment, Food and Rural Affairs","TRADE DELIVERY DIRECTORATE","200185","G6","65430","70690","Senior Manager","<5","Project Management Delivery","Unknown"
"Department for Environment Food & Rural Affairs","Department for Environment, Food and Rural Affairs","TRADE DELIVERY DIRECTORATE","200185","G6","65430","70690","Senior Manager","<5","Project Management Delivery","NORTH EAST"
"Department for Environment Food & Rural Affairs","Department for Environment, Food and Rural Affairs","TRADE DELIVERY DIRECTORATE","200185","G6","65430","70690","Senior Manager","<5","Unknown","Unknown"
"Department for Environment Food & Rural Affairs","Department for Environment, Food and Rural Affairs","AGRI FOOD CHAIN DIRECTORATE","200137","G6","65430","70690","Senior Manager","<5","Unknown","YORKSHIRE AND THE HUMBER"
"Department for Environment Food & Rural Affairs","Department for Environment, Food and Rural Affairs","GCS STRATEGY, PARTNERSHIPS AND OPERATIONS DIRECTORATE","200306","G6","65430","70690","Senior Manager","<5","Data Analysis","Unknown"
"Department for Environment Food & Rural Affairs","Department for Environment, Food and Rural Affairs","FINANCE DIRECTORATE","200320","G6","65430","70690","Senior Manager","<5","Finance","NORTH WEST"
"Department for Environment Food & Rural Affairs","Department for Environment, Food and Rural Affairs","BIODIVERSITY, LAND USE & INVESTMENT DIRECTORATE","200040","G6","65430","70690","Senior Manager","<5","Project Management Delivery","Unknown"
"Department for Environment Food & Rural Affairs","Department for Environment, Food and Rural Affairs","GCS STRATEGY, PARTNERSHIPS AND OPERATIONS DIRECTORATE","200253","G6","65430","70690","Senior Manager","<5","Knowledge and Information Management","SOUTH WEST"
"Department for Environment Food & Rural Affairs","Department for Environment, Food and Rural Affairs","GCS STRATEGY, PARTNERSHIPS AND OPERATIONS DIRECTORATE","200253","G6","65430","70690","Senior Manager","<5","Other","Unknown"
"Department for Environment Food & Rural Affairs","Department for Environment, Food and Rural Affairs","GCS STRATEGY, PARTNERSHIPS AND OPERATIONS DIRECTORATE","200253","G6","65430","70690","Senior Manager","<5","Commercial and Procurement","NORTH WEST"
"Department for Environment Food & Rural Affairs","Department for Environment, Food and Rural Affairs","GCS STRATEGY, PARTNERSHIPS AND OPERATIONS DIRECTORATE","200253","G6","65430","70690","Senior Manager","<5","Project Management Delivery","SOUTH WEST"
"Department for Environment Food & Rural Affairs","Department for Environment, Food and Rural Affairs","STRATEGY, GOVERNANCE & CLIMATE DIRECTORATE","200207","G6","65430","70690","Senior Manager","<5","Unknown","Unknown"
"Department for Environment Food & Rural Affairs","Department for Environment, Food and Rural Affairs","DEFRA GROUP PROPERTY DIRECTORATE","200049","G6","65430","70690","Senior Manager","<5","Property","YORKSHIRE AND THE HUMBER"
"Department for Environment Food & Rural Affairs","Department for Environment, Food and Rural Affairs","DEFRA GROUP PROPERTY DIRECTORATE","200049","G6","65430","70690","Senior Manager","<5","Project Management Delivery","SOUTH EAST"
"Department for Environment Food & Rural Affairs","Department for Environment, Food and Rural Affairs","PORTFOLIO DIRECTORATE","200338","G6","65430","70690","Senior Manager","<5","Project Management Delivery","NORTH WEST"
"Department for Environment Food & Rural Affairs","Department for Environment, Food and Rural Affairs","PORTFOLIO DIRECTORATE","200338","G6","65430","70690","Senior Manager","<5","Project Management Delivery","YORKSHIRE AND THE HUMBER"
"Department for Environment Food & Rural Affairs","Department for Environment, Food and Rural Affairs","FINANCE DIRECTORATE","200170","G6","65430","70690","Senior Manager","<5","Finance","SOUTH WEST"
"Department for Environment Food & Rural Affairs","Department for Environment, Food and Rural Affairs","DEFRA GROUP PROPERTY DIRECTORATE","200189","G6","65430","70690","Senior Manager","<5","Operational Delivery","Unknown"
"Department for Environment Food & Rural Affairs","Department for Environment, Food and Rural Affairs","FINANCE DIRECTORATE","200285","G6","65430","70690","Senior Manager","<5","Finance","EAST OF ENGLAND"
"Department for Environment Food & Rural Affairs","Department for Environment, Food and Rural Affairs","FINANCE DIRECTORATE","200021","G6","65430","70690","Senior Manager","<5","Finance","YORKSHIRE AND THE HUMBER"
"Department for Environment Food & Rural Affairs","Department for Environment, Food and Rural Affairs","FINANCE DIRECTORATE","200247","G6","65430","70690","Senior Manager","<5","Project Management Delivery","Unknown"
"Department for Environment Food & Rural Affairs","Department for Environment, Food and Rural Affairs","TRADE DELIVERY DIRECTORATE","200106","G6","65430","70690","Senior Manager","<5","Project Management Delivery","SOUTH WEST"
"Department for Environment Food & Rural Affairs","Department for Environment, Food and Rural Affairs","FINANCE DIRECTORATE","200150","G6","65430","70690","Senior Manager","<5","Finance","NORTH WEST"
"Department for Environment Food & Rural Affairs","Department for Environment, Food and Rural Affairs","FINANCE DIRECTORATE","200326","G6","65430","70690","Senior Manager","<5","Finance","Unknown"
"Department for Environment Food & Rural Affairs","Department for Environment, Food and Rural Affairs","TRADE DELIVERY DIRECTORATE","200191","G6","65430","70690","Senior Manager","<5","Project Management Delivery","YORKSHIRE AND THE HUMBER"
"Department for Environment Food & Rural Affairs","Department for Environment, Food and Rural Affairs","CHANGE DELIVERY DIRECTORATE","200048","G6","65430","70690","Senior Manager","<5","Unknown","Unknown"
"Department for Environment Food & Rural Affairs","Department for Environment, Food and Rural Affairs","FINANCE DIRECTORATE","200265","G6","65430","70690","Senior Manager","<5","Finance","SOUTH WEST"
"Department for Environment Food & Rural Affairs","Department for Environment, Food and Rural Affairs","HUMAN RESOURCES DIRECTORATE","200240","G6","65430","70690","Senior Manager","<5","Human Resources","Unknown"
"Department for Environment Food & Rural Affairs","Department for Environment, Food and Rural Affairs","TRADE DELIVERY DIRECTORATE","200335","G6","65430","70690","Senior Manager","<5","Project Management Delivery","Unknown"
"Department for Environment Food & Rural Affairs","Department for Environment, Food and Rural Affairs","FINANCE DIRECTORATE","200114","G6","65430","70690","Senior Manager","<5","Risk","SOUTH WEST"
"Department for Environment Food & Rural Affairs","Department for Environment, Food and Rural Affairs","MARINE AND FISHERIES DIRECTORATE","200115","G6","65430","70690","Senior Manager","<5","Policy","YORKSHIRE AND THE HUMBER"
"Department for Environment Food & Rural Affairs","Department for Environment, Food and Rural Affairs","ANIMAL AND PLANT HEALTH DIRECTORATE","200089","G6","65430","70690","Senior Manager","<5","Policy","WEST MIDLANDS"
"Department for Environment Food & Rural Affairs","Department for Environment, Food and Rural Affairs","ANIMAL AND PLANT HEALTH DIRECTORATE","200089","G6","65430","70690","Senior Manager","<5","Policy","NORTH WEST"
"Department for Environment Food & Rural Affairs","Department for Environment, Food and Rural Affairs","ANIMAL AND PLANT HEALTH DIRECTORATE","200083","G6","65430","70690","Senior Manager","<5","Policy","YORKSHIRE AND THE HUMBER"
"Department for Environment Food & Rural Affairs","Department for Environment, Food and Rural Affairs","MARINE AND FISHERIES DIRECTORATE","200272","G6","65430","70690","Senior Manager","<5","Policy","NORTH EAST"
"Department for Environment Food & Rural Affairs","Department for Environment, Food and Rural Affairs","EU AND INTERNATIONAL TRADE DIRECTORATE","200105","G6","65430","70690","Senior Manager","<5","Policy","YORKSHIRE AND THE HUMBER"
"Department for Environment Food & Rural Affairs","Department for Environment, Food and Rural Affairs","MINISTERIAL, GROWTH AND RESILIENCE DIRECTORATE","200241","G6","65430","70690","Senior Manager","<5","Policy","YORKSHIRE AND THE HUMBER"
"Department for Environment Food & Rural Affairs","Department for Environment, Food and Rural Affairs","DEFRA GROUP PROPERTY DIRECTORATE","200189","G6","65430","70690","Senior Manager","<5","Policy","YORKSHIRE AND THE HUMBER"
"Department for Environment Food & Rural Affairs","Department for Environment, Food and Rural Affairs","TRADE DELIVERY DIRECTORATE","200333","G6","65430","70690","Senior Manager","<5","Policy","NORTH WEST"
"Department for Environment Food & Rural Affairs","Department for Environment, Food and Rural Affairs","EU RESET STRATEGY & LEGISLATION DIRECTORATE","200205","G6","65430","70690","Senior Manager","<5","Policy","Unknown"
"Department for Environment Food & Rural Affairs","Department for Environment, Food and Rural Affairs","FARMING DIRECTORATE - ADMIN COSTS","200020","G6","65430","70690","Senior Manager","<5","Policy","SOUTH WEST"
"Department for Environment Food & Rural Affairs","Department for Environment, Food and Rural Affairs","MARINE AND FISHERIES DIRECTORATE","200088","G6","65430","70690","Senior Manager","<5","Policy","SOUTH WEST"
"Department for Environment Food & Rural Affairs","Department for Environment, Food and Rural Affairs","CIRCULAR ECONOMY DIRECTORATE","200293","G6","65430","70690","Senior Manager","<5","Policy","SOUTH WEST"
"Department for Environment Food & Rural Affairs","Department for Environment, Food and Rural Affairs","CIRCULAR ECONOMY DIRECTORATE","200026","G6","65430","70690","Senior Manager","<5","Policy","SOUTH WEST"
"Department for Environment Food & Rural Affairs","Department for Environment, Food and Rural Affairs","DIGITAL, DATA, TECHNOLOGY AND SECURITY DIRECTORATE","200146","G6","65430","70690","Senior Manager","<5","Digital  Data and Technology","SOUTH EAST"
"Department for Environment Food & Rural Affairs","Department for Environment, Food and Rural Affairs","DIGITAL, DATA, TECHNOLOGY AND SECURITY DIRECTORATE","200181","G6","65430","70690","Senior Manager","<5","Digital  Data and Technology","SOUTH WEST"
"Department for Environment Food & Rural Affairs","Department for Environment, Food and Rural Affairs","DIGITAL, DATA, TECHNOLOGY AND SECURITY DIRECTORATE","200334","G6","65430","70690","Senior Manager","<5","Digital  Data and Technology","SOUTH WEST"
"Department for Environment Food & Rural Affairs","Department for Environment, Food and Rural Affairs","DIGITAL, DATA, TECHNOLOGY AND SECURITY DIRECTORATE","200161","G6","65430","70690","Senior Manager","<5","Digital  Data and Technology","SOUTH EAST"
"Department for Environment Food & Rural Affairs","Department for Environment, Food and Rural Affairs","DIGITAL, DATA, TECHNOLOGY AND SECURITY DIRECTORATE","200161","G6","65430","70690","Senior Manager","<5","Digital  Data and Technology","UNKNOWN"
"Department for Environment Food & Rural Affairs","Department for Environment, Food and Rural Affairs","DIGITAL, DATA, TECHNOLOGY AND SECURITY DIRECTORATE","200036","G6","65430","70690","Senior Manager","<5","Project Management Delivery","EAST OF ENGLAND"
"Department for Environment Food & Rural Affairs","Department for Environment, Food and Rural Affairs","DIGITAL, DATA, TECHNOLOGY AND SECURITY DIRECTORATE","200036","G6","65430","70690","Senior Manager","<5","Human Resources","Unknown"
"Department for Environment Food & Rural Affairs","Department for Environment, Food and Rural Affairs","DIGITAL, DATA, TECHNOLOGY AND SECURITY DIRECTORATE","200334","G6","65430","70690","Senior Manager","<5","Security","SOUTH WEST"
"Department for Environment Food & Rural Affairs","Department for Environment, Food and Rural Affairs","DIGITAL, DATA, TECHNOLOGY AND SECURITY DIRECTORATE","200251","G6","65430","70690","Senior Manager","<5","Project Management Delivery","EAST OF ENGLAND"
"Department for Environment Food & Rural Affairs","Department for Environment, Food and Rural Affairs","DIGITAL, DATA, TECHNOLOGY AND SECURITY DIRECTORATE","200251","G6","65430","70690","Senior Manager","<5","Project Management Delivery","Unknown"
"Department for Environment Food & Rural Affairs","Department for Environment, Food and Rural Affairs","DIGITAL, DATA, TECHNOLOGY AND SECURITY DIRECTORATE","200036","G6","65430","70690","Senior Manager","<5","Unknown","Unknown"
"Department for Environment Food & Rural Affairs","Department for Environment, Food and Rural Affairs","WATER AND FLOOD MANAGEMENT DIRECTORATE","200144","G6","65430","70690","Senior Manager","<5","Project Management Delivery","SOUTH WEST"
"Department for Environment Food & Rural Affairs","Department for Environment, Food and Rural Affairs","FARMING DIRECTORATE - ADMIN COSTS","200195","G6","65430","70690","Senior Manager","<5","Project Management Delivery","Unknown"
"Department for Environment Food & Rural Affairs","Department for Environment, Food and Rural Affairs","ANIMAL AND PLANT HEALTH DIRECTORATE","200004","G6","65430","70690","Senior Manager","<5","Economic","SOUTH WEST"
"Department for Environment Food & Rural Affairs","Department for Environment, Food and Rural Affairs","DIGITAL, DATA, TECHNOLOGY AND SECURITY DIRECTORATE","200181","G6","65430","70690","Senior Manager","<5","Digital  Data and Technology","NORTH EAST"
"Department for Environment Food & Rural Affairs","Department for Environment, Food and Rural Affairs","WATER AND FLOOD MANAGEMENT DIRECTORATE","200302","G6","65430","70690","Senior Manager","<5","Unknown","SOUTH WEST"
"Department for Environment Food & Rural Affairs","Department for Environment, Food and Rural Affairs","AGRI FOOD CHAIN DIRECTORATE","200090","G6","65430","70690","Senior Manager","<5","Statistics","YORKSHIRE AND THE HUMBER"
"Department for Environment Food & Rural Affairs","Department for Environment, Food and Rural Affairs","MINISTERIAL, GROWTH AND RESILIENCE DIRECTORATE","200239","G6","65430","70690","Senior Manager","<5","Science and Engineering","EAST OF ENGLAND"
"Department for Environment Food & Rural Affairs","Department for Environment, Food and Rural Affairs","DIGITAL, DATA, TECHNOLOGY AND SECURITY DIRECTORATE","200069","G6","65430","70690","Senior Manager","<5","Unknown","NORTH WEST"
"Department for Environment Food & Rural Affairs","Department for Environment, Food and Rural Affairs","GCS STRATEGY, PARTNERSHIPS AND OPERATIONS DIRECTORATE","200253","G6","65430","70690","Senior Manager","<5","Other","SOUTH EAST"
"Department for Environment Food & Rural Affairs","Department for Environment, Food and Rural Affairs","BIODIVERSITY, LAND USE & INVESTMENT DIRECTORATE","200269","G6","65430","70690","Senior Manager","<5","Unknown","SOUTH WEST"
"Department for Environment Food & Rural Affairs","Department for Environment, Food and Rural Affairs","CHANGE DELIVERY DIRECTORATE","200204","G6","65430","70690","Senior Manager","<5","Project Management Delivery","NORTH WEST"
"Department for Environment Food & Rural Affairs","Department for Environment, Food and Rural Affairs","DIGITAL, DATA, TECHNOLOGY AND SECURITY DIRECTORATE","200197","G6","65430","70690","Senior Manager","<5","Digital  Data and Technology","SOUTH WEST"
"Department for Environment Food & Rural Affairs","Department for Environment, Food and Rural Affairs","EU AND INTERNATIONAL TRADE DIRECTORATE","200318","G6","65430","70690","Senior Manager","<5","Economic","WALES"
"Department for Environment Food & Rural Affairs","Department for Environment, Food and Rural Affairs","TRADE DELIVERY DIRECTORATE","200309","G6","65430","70690","Senior Manager","<5","Project Management Delivery","Unknown"
"Department for Environment Food & Rural Affairs","Department for Environment, Food and Rural Affairs","BIODIVERSITY, LAND USE & INVESTMENT DIRECTORATE","200124","G6","65430","70690","Senior Manager","<5","Policy","YORKSHIRE AND THE HUMBER"
"Department for Environment Food & Rural Affairs","Department for Environment, Food and Rural Affairs","INTERNATIONAL BIODIVERSITY AND CLIMATE DIRECTORATE","200212","G6","65430","70690","Senior Manager","<5","Policy","YORKSHIRE AND THE HUMBER"
"Department for Environment Food & Rural Affairs","Department for Environment, Food and Rural Affairs","GROUP STRATEGY DIRECTORATE","200058","G6","65430","70690","Senior Manager","<5","Policy","SOUTH WEST"
"Department for Environment Food & Rural Affairs","Department for Environment, Food and Rural Affairs","TRADE DELIVERY DIRECTORATE","200214","G6","65430","70690","Senior Manager","<5","Policy","Unknown"
"Department for Environment Food & Rural Affairs","Department for Environment, Food and Rural Affairs","STRATEGY, GOVERNANCE & CLIMATE DIRECTORATE","200298","G6","65430","70690","Senior Manager","<5","Policy","SOUTH WEST"
"Department for Environment Food & Rural Affairs","Department for Environment, Food and Rural Affairs","WATER AND FLOOD MANAGEMENT DIRECTORATE","200096","G6","65430","70690","Senior Manager","<5","Policy","SOUTH WEST"
"Department for Environment Food & Rural Affairs","Department for Environment, Food and Rural Affairs","DEFRA GROUP PROPERTY DIRECTORATE","200078","G7","54470","59900","Team Manager","<5","Unknown","UNKNOWN"
"Department for Environment Food & Rural Affairs","Department for Environment, Food and Rural Affairs","ANIMAL AND PLANT HEALTH DIRECTORATE","200120","G7","54470","59900","Team Manager","<5","Science and Engineering","SOUTH WEST"
"Department for Environment Food & Rural Affairs","Department for Environment, Food and Rural Affairs","FARMING DIRECTORATE - ADMIN COSTS","200020","G7","54470","59900","Team Manager","<5","Unknown","NORTH EAST"
"Department for Environment Food & Rural Affairs","Department for Environment, Food and Rural Affairs","WATER AND FLOOD MANAGEMENT DIRECTORATE","200311","G7","54470","59900","Team Manager","<5","Economic","EAST OF ENGLAND"
"Department for Environment Food & Rural Affairs","Department for Environment, Food and Rural Affairs","WATER AND FLOOD MANAGEMENT DIRECTORATE","200311","G7","54470","59900","Team Manager","<5","Economic","NORTH EAST"
"Department for Environment Food & Rural Affairs","Department for Environment, Food and Rural Affairs","BIODIVERSITY, LAND USE & INVESTMENT DIRECTORATE","200124","G7","54470","59900","Team Manager","<5","Social Research","YORKSHIRE AND THE HUMBER"
"Department for Environment Food & Rural Affairs","Department for Environment, Food and Rural Affairs","FARMING DIRECTORATE - ADMIN COSTS","200129","G7","54470","59900","Team Manager","<5","Unknown","Unknown"
"Department for Environment Food & Rural Affairs","Department for Environment, Food and Rural Affairs","FARMING DIRECTORATE - ADMIN COSTS","200129","G7","54470","59900","Team Manager","<5","Digital  Data and Technology","NORTH EAST"
"Department for Environment Food & Rural Affairs","Department for Environment, Food and Rural Affairs","CIRCULAR ECONOMY DIRECTORATE","200232","G7","54470","59900","Team Manager","<5","Science and Engineering","Unknown"
"Department for Environment Food & Rural Affairs","Department for Environment, Food and Rural Affairs","WATER AND FLOOD MANAGEMENT DIRECTORATE","200085","G7","54470","59900","Team Manager","<5","Digital  Data and Technology","Unknown"
"Department for Environment Food & Rural Affairs","Department for Environment, Food and Rural Affairs","CIRCULAR ECONOMY DIRECTORATE","200227","G7","54470","59900","Team Manager","<5","Unknown","NORTH EAST"
"Department for Environment Food & Rural Affairs","Department for Environment, Food and Rural Affairs","CIRCULAR ECONOMY DIRECTORATE","200227","G7","54470","59900","Team Manager","<5","Project Management Delivery","SOUTH WEST"
"Department for Environment Food & Rural Affairs","Department for Environment, Food and Rural Affairs","DEFRA GROUP PROPERTY DIRECTORATE","200313","G7","54470","59900","Team Manager","<5","Unknown","UNKNOWN"
"Department for Environment Food & Rural Affairs","Department for Environment, Food and Rural Affairs","OFFICE OF THE CHIEF DATA OFFICER DIRECTORATE","200259","G7","54470","59900","Team Manager","<5","Digital  Data and Technology","YORKSHIRE AND THE HUMBER"
"Department for Environment Food & Rural Affairs","Department for Environment, Food and Rural Affairs","MARINE AND FISHERIES DIRECTORATE","200111","G7","54470","59900","Team Manager","<5","Project Management Delivery","YORKSHIRE AND THE HUMBER"
"Department for Environment Food & Rural Affairs","Department for Environment, Food and Rural Affairs","MARINE AND FISHERIES DIRECTORATE","200111","G7","54470","59900","Team Manager","<5","Project Management Delivery","NORTH EAST"
"Department for Environment Food & Rural Affairs","Department for Environment, Food and Rural Affairs","HUMAN RESOURCES DIRECTORATE","200173","G7","54470","59900","Team Manager","<5","Human Resources","SOUTH WEST"
"Department for Environment Food & Rural Affairs","Department for Environment, Food and Rural Affairs","DEFRA GROUP PROPERTY DIRECTORATE","200300","G7","54470","59900","Team Manager","<5","Property","EAST MIDLANDS"
"Department for Environment Food & Rural Affairs","Department for Environment, Food and Rural Affairs","DEFRA GROUP PROPERTY DIRECTORATE","200300","G7","54470","59900","Team Manager","<5","Property","WEST MIDLANDS"
"Department for Environment Food & Rural Affairs","Department for Environment, Food and Rural Affairs","ENV QUALITY, INFRASTRUCTURE & PLANNING DIRECTORATE","200082","G7","54470","59900","Team Manager","<5","Social Research","Unknown"
"Department for Environment Food & Rural Affairs","Department for Environment, Food and Rural Affairs","ANALYSIS DIRECTORATE","200060","G7","54470","59900","Team Manager","<5","Finance","WEST MIDLANDS"
"Department for Environment Food & Rural Affairs","Department for Environment, Food and Rural Affairs","FARMING DIRECTORATE - ADMIN COSTS","200195","G7","54470","59900","Team Manager","<5","Project Management Delivery","NORTH WEST"
"Department for Environment Food & Rural Affairs","Department for Environment, Food and Rural Affairs","FINANCE DIRECTORATE","200168","G7","54470","59900","Team Manager","<5","Project Management Delivery","NORTH EAST"
"Department for Environment Food & Rural Affairs","Department for Environment, Food and Rural Affairs","FINANCE DIRECTORATE","200168","G7","54470","59900","Team Manager","<5","Finance","YORKSHIRE AND THE HUMBER"
"Department for Environment Food & Rural Affairs","Department for Environment, Food and Rural Affairs","TRADE DELIVERY DIRECTORATE","200185","G7","54470","59900","Team Manager","<5","Finance","WEST MIDLANDS"
"Department for Environment Food & Rural Affairs","Department for Environment, Food and Rural Affairs","SCIENCE DIRECTORATE","200297","G7","54470","59900","Team Manager","<5","Unknown","YORKSHIRE AND THE HUMBER"
"Department for Environment Food & Rural Affairs","Department for Environment, Food and Rural Affairs","FINANCE DIRECTORATE","200050","G7","54470","59900","Team Manager","<5","Finance","YORKSHIRE AND THE HUMBER"
"Department for Environment Food & Rural Affairs","Department for Environment, Food and Rural Affairs","FINANCE DIRECTORATE","200167","G7","54470","59900","Team Manager","<5","Finance","NORTH EAST"
"Department for Environment Food & Rural Affairs","Department for Environment, Food and Rural Affairs","EU RESET STRATEGY & LEGISLATION DIRECTORATE","200214","G7","54470","59900","Team Manager","<5","Social Research","SOUTH WEST"
"Department for Environment Food & Rural Affairs","Department for Environment, Food and Rural Affairs","COMMUNICATIONS DIRECTORATE","200288","G7","54470","59900","Team Manager","<5","Communications","EAST MIDLANDS"
"Department for Environment Food & Rural Affairs","Department for Environment, Food and Rural Affairs","INTERNATIONAL BIODIVERSITY AND CLIMATE DIRECTORATE","200287","G7","54470","59900","Team Manager","<5","Unknown","SOUTH WEST"
"Department for Environment Food & Rural Affairs","Department for Environment, Food and Rural Affairs","STRATEGY, GOVERNANCE & CLIMATE DIRECTORATE","200095","G7","54470","59900","Team Manager","<5","Operational Delivery","NORTH EAST"
"Department for Environment Food & Rural Affairs","Department for Environment, Food and Rural Affairs","GCS STRATEGY, PARTNERSHIPS AND OPERATIONS DIRECTORATE","200253","G7","54470","59900","Team Manager","<5","Digital  Data and Technology","SOUTH WEST"
"Department for Environment Food & Rural Affairs","Department for Environment, Food and Rural Affairs","PORTFOLIO DIRECTORATE","200338","G7","54470","59900","Team Manager","<5","Project Management Delivery","NORTH WEST"
"Department for Environment Food & Rural Affairs","Department for Environment, Food and Rural Affairs","FINANCE DIRECTORATE","200170","G7","54470","59900","Team Manager","<5","Finance","SOUTH WEST"
"Department for Environment Food & Rural Affairs","Department for Environment, Food and Rural Affairs","TRADE DELIVERY DIRECTORATE","200012","G7","54470","59900","Team Manager","<5","Unknown","Unknown"
"Department for Environment Food & Rural Affairs","Department for Environment, Food and Rural Affairs","DEFRA GROUP PROPERTY DIRECTORATE","200299","G7","54470","59900","Team Manager","<5","Unknown","NORTH EAST"
"Department for Environment Food & Rural Affairs","Department for Environment, Food and Rural Affairs","DEFRA GROUP PROPERTY DIRECTORATE","200299","G7","54470","59900","Team Manager","<5","Operational Delivery","WALES"
"Department for Environment Food & Rural Affairs","Department for Environment, Food and Rural Affairs","ANALYSIS DIRECTORATE","200282","G7","54470","59900","Team Manager","<5","Economic","YORKSHIRE AND THE HUMBER"
"Department for Environment Food & Rural Affairs","Department for Environment, Food and Rural Affairs","FARMING DIRECTORATE - ADMIN COSTS","200017","G7","54470","59900","Team Manager","<5","Operational Delivery","Unknown"
"Department for Environment Food & Rural Affairs","Department for Environment, Food and Rural Affairs","ANALYSIS DIRECTORATE","200281","G7","54470","59900","Team Manager","<5","Social Research","Unknown"
"Department for Environment Food & Rural Affairs","Department for Environment, Food and Rural Affairs","EU AND INTERNATIONAL TRADE DIRECTORATE","200108","G7","54470","59900","Team Manager","<5","International Trade and Negotiation","SOUTH WEST"
"Department for Environment Food & Rural Affairs","Department for Environment, Food and Rural Affairs","HUMAN RESOURCES DIRECTORATE","200296","G7","54470","59900","Team Manager","<5","Statistics","SOUTH WEST"
"Department for Environment Food & Rural Affairs","Department for Environment, Food and Rural Affairs","GCS STRATEGY, PARTNERSHIPS AND OPERATIONS DIRECTORATE","200071","G7","54470","59900","Team Manager","<5","Other","Unknown"
"Department for Environment Food & Rural Affairs","Department for Environment, Food and Rural Affairs","FINANCE DIRECTORATE","200265","G7","54470","59900","Team Manager","<5","Finance","EAST OF ENGLAND"
"Department for Environment Food & Rural Affairs","Department for Environment, Food and Rural Affairs","FINANCE DIRECTORATE","200114","G7","54470","59900","Team Manager","<5","Grants","EAST MIDLANDS"
"Department for Environment Food & Rural Affairs","Department for Environment, Food and Rural Affairs","FINANCE DIRECTORATE","200114","G7","54470","59900","Team Manager","<5","Counter Fraud","EAST MIDLANDS"
"Department for Environment Food & Rural Affairs","Department for Environment, Food and Rural Affairs","COMMUNICATIONS DIRECTORATE","200252","G7","54470","59900","Team Manager","<5","Communications","YORKSHIRE AND THE HUMBER"
"Department for Environment Food & Rural Affairs","Department for Environment, Food and Rural Affairs","MARINE AND FISHERIES DIRECTORATE","200130","G7","54470","59900","Team Manager","<5","Unknown","SOUTH WEST"
"Department for Environment Food & Rural Affairs","Department for Environment, Food and Rural Affairs","EU AND INTERNATIONAL TRADE DIRECTORATE","200318","G7","54470","59900","Team Manager","<5","Unknown","SOUTH WEST"
"Department for Environment Food & Rural Affairs","Department for Environment, Food and Rural Affairs","MINISTERIAL, GROWTH AND RESILIENCE DIRECTORATE","200138","G7","54470","59900","Team Manager","<5","Unknown","SOUTH WEST"
"Department for Environment Food & Rural Affairs","Department for Environment, Food and Rural Affairs","COMMUNICATIONS DIRECTORATE","200200","G7","54470","59900","Team Manager","<5","Communications","Unknown"
"Department for Environment Food & Rural Affairs","Department for Environment, Food and Rural Affairs","FARMING DIRECTORATE - ADMIN COSTS","200119","G7","54470","59900","Team Manager","<5","Intelligence Analysis","SOUTH WEST"
"Department for Environment Food & Rural Affairs","Department for Environment, Food and Rural Affairs","WATER AND FLOOD MANAGEMENT DIRECTORATE","200019","G7","54470","59900","Team Manager","<5","Policy","UNKNOWN"
"Department for Environment Food & Rural Affairs","Department for Environment, Food and Rural Affairs","MARINE AND FISHERIES DIRECTORATE","200289","G7","54470","59900","Team Manager","<5","Policy","NORTH EAST"
"Department for Environment Food & Rural Affairs","Department for Environment, Food and Rural Affairs","GROUP STRATEGY DIRECTORATE","200058","G7","54470","59900","Team Manager","<5","Policy","EAST OF ENGLAND"
"Department for Environment Food & Rural Affairs","Department for Environment, Food and Rural Affairs","OFFICIAL DEVELOPMENT ASSISTANCE DIRECTORATE","200287","G7","54470","59900","Team Manager","<5","Policy","YORKSHIRE AND THE HUMBER"
"Department for Environment Food & Rural Affairs","Department for Environment, Food and Rural Affairs","TRADE DELIVERY DIRECTORATE","200012","G7","54470","59900","Team Manager","<5","Policy","YORKSHIRE AND THE HUMBER"
"Department for Environment Food & Rural Affairs","Department for Environment, Food and Rural Affairs","WATER AND FLOOD MANAGEMENT DIRECTORATE","200187","G7","54470","59900","Team Manager","<5","Policy","NORTH EAST"
"Department for Environment Food & Rural Affairs","Department for Environment, Food and Rural Affairs","MARINE AND FISHERIES DIRECTORATE","200111","G7","54470","59900","Team Manager","<5","Policy","Unknown"
"Department for Environment Food & Rural Affairs","Department for Environment, Food and Rural Affairs","MINISTERIAL, GROWTH AND RESILIENCE DIRECTORATE","200239","G7","54470","59900","Team Manager","<5","Policy","Unknown"
"Department for Environment Food & Rural Affairs","Department for Environment, Food and Rural Affairs","WATER AND FLOOD MANAGEMENT DIRECTORATE","200096","G7","54470","59900","Team Manager","<5","Policy","Unknown"
"Department for Environment Food & Rural Affairs","Department for Environment, Food and Rural Affairs","STRATEGY, GOVERNANCE & CLIMATE DIRECTORATE","200199","G7","54470","59900","Team Manager","<5","Policy","Unknown"
"Department for Environment Food & Rural Affairs","Department for Environment, Food and Rural Affairs","ANIMAL AND PLANT HEALTH DIRECTORATE","200120","G7","54470","59900","Team Manager","<5","Policy","SOUTH WEST"
"Department for Environment Food & Rural Affairs","Department for Environment, Food and Rural Affairs","ENV QUALITY, INFRASTRUCTURE & PLANNING DIRECTORATE","200082","G7","54470","59900","Team Manager","<5","Policy","SOUTH WEST"
"Department for Environment Food & Rural Affairs","Department for Environment, Food and Rural Affairs","OFFICIAL DEVELOPMENT ASSISTANCE DIRECTORATE","200263","G7","54470","59900","Team Manager","<5","Policy","SOUTH WEST"
"Department for Environment Food & Rural Affairs","Department for Environment, Food and Rural Affairs","STRATEGY, GOVERNANCE & CLIMATE DIRECTORATE","200199","G7","54470","59900","Team Manager","<5","Policy","SOUTH WEST"
"Department for Environment Food & Rural Affairs","Department for Environment, Food and Rural Affairs","DIGITAL, DATA, TECHNOLOGY AND SECURITY DIRECTORATE","200036","G7","54470","59900","Team Manager","<5","Digital  Data and Technology","Unknown"
"Department for Environment Food & Rural Affairs","Department for Environment, Food and Rural Affairs","DIGITAL, DATA, TECHNOLOGY AND SECURITY DIRECTORATE","200334","G7","54470","59900","Team Manager","<5","Digital  Data and Technology","SOUTH WEST"
"Department for Environment Food & Rural Affairs","Department for Environment, Food and Rural Affairs","DIGITAL, DATA, TECHNOLOGY AND SECURITY DIRECTORATE","200161","G7","54470","59900","Team Manager","<5","Unknown","NORTH EAST"
"Department for Environment Food & Rural Affairs","Department for Environment, Food and Rural Affairs","DIGITAL, DATA, TECHNOLOGY AND SECURITY DIRECTORATE","200161","G7","54470","59900","Team Manager","<5","Project Management Delivery","NORTH WEST"
"Department for Environment Food & Rural Affairs","Department for Environment, Food and Rural Affairs","DIGITAL, DATA, TECHNOLOGY AND SECURITY DIRECTORATE","200161","G7","54470","59900","Team Manager","<5","Unknown","UNKNOWN"
"Department for Environment Food & Rural Affairs","Department for Environment, Food and Rural Affairs","DIGITAL, DATA, TECHNOLOGY AND SECURITY DIRECTORATE","200161","G7","54470","59900","Team Manager","<5","Human Resources","YORKSHIRE AND THE HUMBER"
"Department for Environment Food & Rural Affairs","Department for Environment, Food and Rural Affairs","DIGITAL, DATA, TECHNOLOGY AND SECURITY DIRECTORATE","200036","G7","54470","59900","Team Manager","<5","Operational Delivery","SOUTH WEST"
"Department for Environment Food & Rural Affairs","Department for Environment, Food and Rural Affairs","DIGITAL, DATA, TECHNOLOGY AND SECURITY DIRECTORATE","200036","G7","54470","59900","Team Manager","<5","Project Management Delivery","EAST OF ENGLAND"
"Department for Environment Food & Rural Affairs","Department for Environment, Food and Rural Affairs","DIGITAL, DATA, TECHNOLOGY AND SECURITY DIRECTORATE","200036","G7","54470","59900","Team Manager","<5","Human Resources","YORKSHIRE AND THE HUMBER"
"Department for Environment Food & Rural Affairs","Department for Environment, Food and Rural Affairs","DIGITAL, DATA, TECHNOLOGY AND SECURITY DIRECTORATE","200036","G7","54470","59900","Team Manager","<5","Other","Unknown"
"Department for Environment Food & Rural Affairs","Department for Environment, Food and Rural Affairs","DIGITAL, DATA, TECHNOLOGY AND SECURITY DIRECTORATE","200036","G7","54470","59900","Team Manager","<5","Human Resources","NORTH WEST"
"Department for Environment Food & Rural Affairs","Department for Environment, Food and Rural Affairs","DIGITAL, DATA, TECHNOLOGY AND SECURITY DIRECTORATE","200159","G7","54470","59900","Team Manager","<5","Unknown","NORTH EAST"
"Department for Environment Food & Rural Affairs","Department for Environment, Food and Rural Affairs","DIGITAL, DATA, TECHNOLOGY AND SECURITY DIRECTORATE","200304","G7","54470","59900","Team Manager","<5","Data Analysis","SOUTH WEST"
"Department for Environment Food & Rural Affairs","Department for Environment, Food and Rural Affairs","ANIMAL AND PLANT HEALTH DIRECTORATE","200120","G7","54470","59900","Team Manager","<5","Communications","NORTH EAST"
"Department for Environment Food & Rural Affairs","Department for Environment, Food and Rural Affairs","FARMING DIRECTORATE - ADMIN COSTS","200129","G7","54470","59900","Team Manager","<5","Social Research","Unknown"
"Department for Environment Food & Rural Affairs","Department for Environment, Food and Rural Affairs","CIRCULAR ECONOMY DIRECTORATE","200227","G7","54470","59900","Team Manager","<5","Project Management Delivery","NORTH EAST"
"Department for Environment Food & Rural Affairs","Department for Environment, Food and Rural Affairs","FINANCE DIRECTORATE","200103","G7","54470","59900","Team Manager","<5","Corporate Finance","NORTH WEST"
"Department for Environment Food & Rural Affairs","Department for Environment, Food and Rural Affairs","WATER AND FLOOD MANAGEMENT DIRECTORATE","200019","G7","54470","59900","Team Manager","<5","Project Management Delivery","YORKSHIRE AND THE HUMBER"
"Department for Environment Food & Rural Affairs","Department for Environment, Food and Rural Affairs","STRATEGY, GOVERNANCE & CLIMATE DIRECTORATE","200014","G7","54470","59900","Team Manager","<5","Science and Engineering","NORTH EAST"
"Department for Environment Food & Rural Affairs","Department for Environment, Food and Rural Affairs","ENV QUALITY, INFRASTRUCTURE & PLANNING DIRECTORATE","200134","G7","54470","59900","Team Manager","<5","Unknown","YORKSHIRE AND THE HUMBER"
"Department for Environment Food & Rural Affairs","Department for Environment, Food and Rural Affairs","FINANCE DIRECTORATE","200320","G7","54470","59900","Team Manager","<5","Finance","NORTH WEST"
"Department for Environment Food & Rural Affairs","Department for Environment, Food and Rural Affairs","PORTFOLIO DIRECTORATE","200220","G7","54470","59900","Team Manager","<5","Digital  Data and Technology","SOUTH WEST"
"Department for Environment Food & Rural Affairs","Department for Environment, Food and Rural Affairs","TRADE DELIVERY DIRECTORATE","200012","G7","54470","59900","Team Manager","<5","Project Management Delivery","Unknown"
"Department for Environment Food & Rural Affairs","Department for Environment, Food and Rural Affairs","HUMAN RESOURCES DIRECTORATE","200324","G7","54470","59900","Team Manager","<5","Human Resources","EAST OF ENGLAND"
"Department for Environment Food & Rural Affairs","Department for Environment, Food and Rural Affairs","COMMUNICATIONS DIRECTORATE","200252","G7","54470","59900","Team Manager","<5","Communications","NORTH WEST"
"Department for Environment Food & Rural Affairs","Department for Environment, Food and Rural Affairs","ANIMAL AND PLANT HEALTH DIRECTORATE","200110","G7","54470","59900","Team Manager","<5","Policy","Unknown"
"Department for Environment Food & Rural Affairs","Department for Environment, Food and Rural Affairs","INTERNATIONAL BIODIVERSITY AND CLIMATE DIRECTORATE","200287","G7","54470","59900","Team Manager","<5","Policy","SOUTH WEST"
"Department for Environment Food & Rural Affairs","Department for Environment, Food and Rural Affairs","WATER AND FLOOD MANAGEMENT DIRECTORATE","200211","SEO","41220","44500","Team Leader","<5","International Trade and Negotiation","NORTH EAST"
"Department for Environment Food & Rural Affairs","Department for Environment, Food and Rural Affairs","WATER AND FLOOD MANAGEMENT DIRECTORATE","200019","SEO","41220","44500","Team Leader","<5","Communications","WEST MIDLANDS"
"Department for Environment Food & Rural Affairs","Department for Environment, Food and Rural Affairs","AGRI FOOD CHAIN DIRECTORATE","200090","SEO","41220","44500","Team Leader","<5","Science and Engineering","SOUTH EAST"
"Department for Environment Food & Rural Affairs","Department for Environment, Food and Rural Affairs","BIODIVERSITY, LAND USE & INVESTMENT DIRECTORATE","200269","SEO","41220","44500","Team Leader","<5","Economic","SOUTH WEST"
"Department for Environment Food & Rural Affairs","Department for Environment, Food and Rural Affairs","MARINE AND FISHERIES DIRECTORATE","200130","SEO","41220","44500","Team Leader","<5","International Trade and Negotiation","SOUTH WEST"
"Department for Environment Food & Rural Affairs","Department for Environment, Food and Rural Affairs","MARINE AND FISHERIES DIRECTORATE","200098","SEO","41220","44500","Team Leader","<5","Policy","Unknown"
"Department for Environment Food & Rural Affairs","Department for Environment, Food and Rural Affairs","BIODIVERSITY, LAND USE & INVESTMENT DIRECTORATE","200124","HEO","33590","37480","Officer","<5","Unknown","SOUTH WEST"
"Department for Environment Food & Rural Affairs","Department for Environment, Food and Rural Affairs","FARMING DIRECTORATE - ADMIN COSTS","200129","HEO","33590","37480","Officer","<5","Science and Engineering","YORKSHIRE AND THE HUMBER"
"Department for Environment Food & Rural Affairs","Department for Environment, Food and Rural Affairs","FARMING DIRECTORATE - ADMIN COSTS","200129","HEO","33590","37480","Officer","<5","Science and Engineering","NORTH EAST"
"Department for Environment Food & Rural Affairs","Department for Environment, Food and Rural Affairs","EU AND INTERNATIONAL TRADE DIRECTORATE","200317","HEO","33590","37480","Officer","<5","Economic","Unknown"
"Department for Environment Food & Rural Affairs","Department for Environment, Food and Rural Affairs","EU AND INTERNATIONAL TRADE DIRECTORATE","200317","HEO","33590","37480","Officer","<5","Operational Research","YORKSHIRE AND THE HUMBER"
"Department for Environment Food & Rural Affairs","Department for Environment, Food and Rural Affairs","ANIMAL AND PLANT HEALTH DIRECTORATE","200118","HEO","33590","37480","Officer","<5","Data Analysis","Unknown"
"Department for Environment Food & Rural Affairs","Department for Environment, Food and Rural Affairs","CIRCULAR ECONOMY DIRECTORATE","200227","HEO","33590","37480","Officer","<5","Finance","NORTH WEST"
"Department for Environment Food & Rural Affairs","Department for Environment, Food and Rural Affairs","FINANCE DIRECTORATE","200103","HEO","33590","37480","Officer","<5","Corporate Finance","NORTH EAST"
"Department for Environment Food & Rural Affairs","Department for Environment, Food and Rural Affairs","FINANCE DIRECTORATE","200103","HEO","33590","37480","Officer","<5","Finance","NORTH WEST"
"Department for Environment Food & Rural Affairs","Department for Environment, Food and Rural Affairs","WATER AND FLOOD MANAGEMENT DIRECTORATE","200019","HEO","33590","37480","Officer","<5","Unknown","Unknown"
"Department for Environment Food & Rural Affairs","Department for Environment, Food and Rural Affairs","DEFRA GROUP PROPERTY DIRECTORATE","200313","HEO","33590","37480","Officer","<5","Operational Delivery","EAST MIDLANDS"
"Department for Environment Food & Rural Affairs","Department for Environment, Food and Rural Affairs","OFFICE OF THE CHIEF DATA OFFICER DIRECTORATE","200259","HEO","33590","37480","Officer","<5","Knowledge and Information Management","NORTH WEST"
"Department for Environment Food & Rural Affairs","Department for Environment, Food and Rural Affairs","HUMAN RESOURCES DIRECTORATE","200173","HEO","33590","37480","Officer","<5","Human Resources","UNKNOWN"
"Department for Environment Food & Rural Affairs","Department for Environment, Food and Rural Affairs","HUMAN RESOURCES DIRECTORATE","200173","HEO","33590","37480","Officer","<5","Human Resources","NORTH WEST"
"Department for Environment Food & Rural Affairs","Department for Environment, Food and Rural Affairs","HUMAN RESOURCES DIRECTORATE","200173","HEO","33590","37480","Officer","<5","Human Resources","YORKSHIRE AND THE HUMBER"
"Department for Environment Food & Rural Affairs","Department for Environment, Food and Rural Affairs","ENV QUALITY, INFRASTRUCTURE & PLANNING DIRECTORATE","200109","HEO","33590","37480","Officer","<5","Economic","NORTH EAST"
"Department for Environment Food & Rural Affairs","Department for Environment, Food and Rural Affairs","EU AND INTERNATIONAL TRADE DIRECTORATE","200109","HEO","33590","37480","Officer","<5","Unknown","SOUTH WEST"
"Department for Environment Food & Rural Affairs","Department for Environment, Food and Rural Affairs","DEFRA GROUP PROPERTY DIRECTORATE","200300","HEO","33590","37480","Officer","<5","Unknown","SOUTH WEST"
"Department for Environment Food & Rural Affairs","Department for Environment, Food and Rural Affairs","DEFRA GROUP PROPERTY DIRECTORATE","200300","HEO","33590","37480","Officer","<5","Unknown","NORTH WEST"
"Department for Environment Food & Rural Affairs","Department for Environment, Food and Rural Affairs","DEFRA GROUP PROPERTY DIRECTORATE","200300","HEO","33590","37480","Officer","<5","Data Analysis","EAST OF ENGLAND"
"Department for Environment Food & Rural Affairs","Department for Environment, Food and Rural Affairs","MARINE AND FISHERIES DIRECTORATE","200289","HEO","33590","37480","Officer","<5","Science and Engineering","SCOTLAND"
"Department for Environment Food & Rural Affairs","Department for Environment, Food and Rural Affairs","MARINE AND FISHERIES DIRECTORATE","200289","HEO","33590","37480","Officer","<5","Economic","YORKSHIRE AND THE HUMBER"
"Department for Environment Food & Rural Affairs","Department for Environment, Food and Rural Affairs","MARINE AND FISHERIES DIRECTORATE","200289","HEO","33590","37480","Officer","<5","Science and Engineering","SOUTH WEST"
"Department for Environment Food & Rural Affairs","Department for Environment, Food and Rural Affairs","ENV QUALITY, INFRASTRUCTURE & PLANNING DIRECTORATE","200082","HEO","33590","37480","Officer","<5","Economic","YORKSHIRE AND THE HUMBER"
"Department for Environment Food & Rural Affairs","Department for Environment, Food and Rural Affairs","CIRCULAR ECONOMY DIRECTORATE","200147","HEO","33590","37480","Officer","<5","Communications","NORTH WEST"
"Department for Environment Food & Rural Affairs","Department for Environment, Food and Rural Affairs","ANALYSIS DIRECTORATE","200060","HEO","33590","37480","Officer","<5","Project Management Delivery","Unknown"
"Department for Environment Food & Rural Affairs","Department for Environment, Food and Rural Affairs","TRADE DELIVERY DIRECTORATE","200185","HEO","33590","37480","Officer","<5","Planning","SOUTH WEST"
"Department for Environment Food & Rural Affairs","Department for Environment, Food and Rural Affairs","EU AND INTERNATIONAL TRADE DIRECTORATE","200047","HEO","33590","37480","Officer","<5","International Trade and Negotiation","NORTH EAST"
"Department for Environment Food & Rural Affairs","Department for Environment, Food and Rural Affairs","EU AND INTERNATIONAL TRADE DIRECTORATE","200328","HEO","33590","37480","Officer","<5","Unknown","Unknown"
"Department for Environment Food & Rural Affairs","Department for Environment, Food and Rural Affairs","STRATEGY, GOVERNANCE & CLIMATE DIRECTORATE","200014","HEO","33590","37480","Officer","<5","Geography","Unknown"
"Department for Environment Food & Rural Affairs","Department for Environment, Food and Rural Affairs","MARINE AND FISHERIES DIRECTORATE","200272","HEO","33590","37480","Officer","<5","Unknown","SOUTH WEST"
"Department for Environment Food & Rural Affairs","Department for Environment, Food and Rural Affairs","FINANCE DIRECTORATE","200320","HEO","33590","37480","Officer","<5","Grants","SOUTH WEST"
"Department for Environment Food & Rural Affairs","Department for Environment, Food and Rural Affairs","FINANCE DIRECTORATE","200167","HEO","33590","37480","Officer","<5","Finance","SOUTH WEST"
"Department for Environment Food & Rural Affairs","Department for Environment, Food and Rural Affairs","AGRI FOOD CHAIN DIRECTORATE","200090","HEO","33590","37480","Officer","<5","Data Analysis","NORTH EAST"
"Department for Environment Food & Rural Affairs","Department for Environment, Food and Rural Affairs","STRATEGY AND WATER DG OFFICES DIRECTORATE","200239","HEO","33590","37480","Officer","<5","Digital  Data and Technology","SOUTH WEST"
"Department for Environment Food & Rural Affairs","Department for Environment, Food and Rural Affairs","BIODIVERSITY, LAND USE & INVESTMENT DIRECTORATE","200269","HEO","33590","37480","Officer","<5","Economic","YORKSHIRE AND THE HUMBER"
"Department for Environment Food & Rural Affairs","Department for Environment, Food and Rural Affairs","DEFRA GROUP PROPERTY DIRECTORATE","200049","HEO","33590","37480","Officer","<5","Project Management Delivery","NORTH WEST"
"Department for Environment Food & Rural Affairs","Department for Environment, Food and Rural Affairs","DEFRA GROUP PROPERTY DIRECTORATE","200049","HEO","33590","37480","Officer","<5","Project Management Delivery","UNKNOWN"
"Department for Environment Food & Rural Affairs","Department for Environment, Food and Rural Affairs","DEFRA GROUP PROPERTY DIRECTORATE","200049","HEO","33590","37480","Officer","<5","Property","NORTH WEST"
"Department for Environment Food & Rural Affairs","Department for Environment, Food and Rural Affairs","DEFRA GROUP PROPERTY DIRECTORATE","200049","HEO","33590","37480","Officer","<5","Property","EAST MIDLANDS"
"Department for Environment Food & Rural Affairs","Department for Environment, Food and Rural Affairs","FINANCE DIRECTORATE","200166","HEO","33590","37480","Officer","<5","Finance","SOUTH EAST"
"Department for Environment Food & Rural Affairs","Department for Environment, Food and Rural Affairs","PEPR DIRECTORATE","200329","HEO","33590","37480","Officer","<5","Communications","NORTH EAST"
"Department for Environment Food & Rural Affairs","Department for Environment, Food and Rural Affairs","ANALYSIS DIRECTORATE","200281","HEO","33590","37480","Officer","<5","Operational Research","NORTH EAST"
"Department for Environment Food & Rural Affairs","Department for Environment, Food and Rural Affairs","ANALYSIS DIRECTORATE","200281","HEO","33590","37480","Officer","<5","Social Research","Unknown"
"Department for Environment Food & Rural Affairs","Department for Environment, Food and Rural Affairs","HUMAN RESOURCES DIRECTORATE","200296","HEO","33590","37480","Officer","<5","Unknown","EAST MIDLANDS"
"Department for Environment Food & Rural Affairs","Department for Environment, Food and Rural Affairs","FINANCE DIRECTORATE","200114","HEO","33590","37480","Officer","<5","Risk","SOUTH EAST"
"Department for Environment Food & Rural Affairs","Department for Environment, Food and Rural Affairs","COMMUNICATIONS DIRECTORATE","200252","HEO","33590","37480","Officer","<5","Communications","SOUTH WEST"
"Department for Environment Food & Rural Affairs","Department for Environment, Food and Rural Affairs","EU AND INTERNATIONAL TRADE DIRECTORATE","200318","HEO","33590","37480","Officer","<5","Data Analysis","Unknown"
"Department for Environment Food & Rural Affairs","Department for Environment, Food and Rural Affairs","FARMING DIRECTORATE - ADMIN COSTS","200119","HEO","33590","37480","Officer","<5","Communications","SOUTH WEST"
"Department for Environment Food & Rural Affairs","Department for Environment, Food and Rural Affairs","ANIMAL AND PLANT HEALTH DIRECTORATE","200104","HEO","33590","37480","Officer","<5","Policy","NORTH WEST"
"Department for Environment Food & Rural Affairs","Department for Environment, Food and Rural Affairs","FARMING DIRECTORATE - ADMIN COSTS","200020","HEO","33590","37480","Officer","<5","Policy","SOUTH EAST"
"Department for Environment Food & Rural Affairs","Department for Environment, Food and Rural Affairs","FARMING DIRECTORATE - ADMIN COSTS","200020","HEO","33590","37480","Officer","<5","Policy","YORKSHIRE AND THE HUMBER"
"Department for Environment Food & Rural Affairs","Department for Environment, Food and Rural Affairs","MARINE AND FISHERIES DIRECTORATE","200098","HEO","33590","37480","Officer","<5","Policy","NORTH EAST"
"Department for Environment Food & Rural Affairs","Department for Environment, Food and Rural Affairs","MARINE AND FISHERIES DIRECTORATE","200115","HEO","33590","37480","Officer","<5","Policy","WALES"
"Department for Environment Food & Rural Affairs","Department for Environment, Food and Rural Affairs","ANIMAL AND PLANT HEALTH DIRECTORATE","200110","HEO","33590","37480","Officer","<5","Policy","YORKSHIRE AND THE HUMBER"
"Department for Environment Food & Rural Affairs","Department for Environment, Food and Rural Affairs","INTERNATIONAL BIODIVERSITY AND CLIMATE DIRECTORATE","200212","HEO","33590","37480","Officer","<5","Policy","SCOTLAND"
"Department for Environment Food & Rural Affairs","Department for Environment, Food and Rural Affairs","INTERNATIONAL BIODIVERSITY AND CLIMATE DIRECTORATE","200212","HEO","33590","37480","Officer","<5","Policy","YORKSHIRE AND THE HUMBER"
"Department for Environment Food & Rural Affairs","Department for Environment, Food and Rural Affairs","AGRI FOOD CHAIN DIRECTORATE","200137","HEO","33590","37480","Officer","<5","Policy","SCOTLAND"
"Department for Environment Food & Rural Affairs","Department for Environment, Food and Rural Affairs","ENV QUALITY, INFRASTRUCTURE & PLANNING DIRECTORATE","200134","HEO","33590","37480","Officer","<5","Policy","NORTH EAST"
"Department for Environment Food & Rural Affairs","Department for Environment, Food and Rural Affairs","WATER AND FLOOD MANAGEMENT DIRECTORATE","200302","HEO","33590","37480","Officer","<5","Policy","NORTH EAST"
"Department for Environment Food & Rural Affairs","Department for Environment, Food and Rural Affairs","MARINE AND FISHERIES DIRECTORATE","200272","HEO","33590","37480","Officer","<5","Policy","YORKSHIRE AND THE HUMBER"
"Department for Environment Food & Rural Affairs","Department for Environment, Food and Rural Affairs","OFFICIAL DEVELOPMENT ASSISTANCE DIRECTORATE","200263","HEO","33590","37480","Officer","<5","Policy","NORTH EAST"
"Department for Environment Food & Rural Affairs","Department for Environment, Food and Rural Affairs","EU AND INTERNATIONAL TRADE DIRECTORATE","200105","HEO","33590","37480","Officer","<5","Policy","NORTH EAST"
"Department for Environment Food & Rural Affairs","Department for Environment, Food and Rural Affairs","STRATEGY, GOVERNANCE & CLIMATE DIRECTORATE","200095","HEO","33590","37480","Officer","<5","Policy","YORKSHIRE AND THE HUMBER"
"Department for Environment Food & Rural Affairs","Department for Environment, Food and Rural Affairs","MARINE AND FISHERIES DIRECTORATE","200130","HEO","33590","37480","Officer","<5","Policy","NORTH EAST"
"Department for Environment Food & Rural Affairs","Department for Environment, Food and Rural Affairs","AGRI FOOD CHAIN DIRECTORATE","200174","HEO","33590","37480","Officer","<5","Policy","EAST OF ENGLAND"
"Department for Environment Food & Rural Affairs","Department for Environment, Food and Rural Affairs","WATER AND FLOOD MANAGEMENT DIRECTORATE","200187","HEO","33590","37480","Officer","<5","Policy","SCOTLAND"
"Department for Environment Food & Rural Affairs","Department for Environment, Food and Rural Affairs","EU AND INTERNATIONAL TRADE DIRECTORATE","200328","HEO","33590","37480","Officer","<5","Policy","Unknown"
"Department for Environment Food & Rural Affairs","Department for Environment, Food and Rural Affairs","BIODIVERSITY, LAND USE & INVESTMENT DIRECTORATE","200124","HEO","33590","37480","Officer","<5","Policy","SOUTH WEST"
"Department for Environment Food & Rural Affairs","Department for Environment, Food and Rural Affairs","FARMING DIRECTORATE - ADMIN COSTS","200126","HEO","33590","37480","Officer","<5","Policy","SOUTH WEST"
"Department for Environment Food & Rural Affairs","Department for Environment, Food and Rural Affairs","EU AND INTERNATIONAL TRADE DIRECTORATE","200105","HEO","33590","37480","Officer","<5","Policy","SOUTH WEST"
"Department for Environment Food & Rural Affairs","Department for Environment, Food and Rural Affairs","DIGITAL, DATA, TECHNOLOGY AND SECURITY DIRECTORATE","200181","HEO","33590","37480","Officer","<5","Digital  Data and Technology","YORKSHIRE AND THE HUMBER"
"Department for Environment Food & Rural Affairs","Department for Environment, Food and Rural Affairs","DIGITAL, DATA, TECHNOLOGY AND SECURITY DIRECTORATE","200069","HEO","33590","37480","Officer","<5","Digital  Data and Technology","SOUTH WEST"
"Department for Environment Food & Rural Affairs","Department for Environment, Food and Rural Affairs","DIGITAL, DATA, TECHNOLOGY AND SECURITY DIRECTORATE","200161","HEO","33590","37480","Officer","<5","Digital  Data and Technology","WEST MIDLANDS"
"Department for Environment Food & Rural Affairs","Department for Environment, Food and Rural Affairs","DIGITAL, DATA, TECHNOLOGY AND SECURITY DIRECTORATE","200161","HEO","33590","37480","Officer","<5","Project Management Delivery","NORTH EAST"
"Department for Environment Food & Rural Affairs","Department for Environment, Food and Rural Affairs","DIGITAL, DATA, TECHNOLOGY AND SECURITY DIRECTORATE","200073","HEO","33590","37480","Officer","<5","Security","SOUTH WEST"
"Department for Environment Food & Rural Affairs","Department for Environment, Food and Rural Affairs","DIGITAL, DATA, TECHNOLOGY AND SECURITY DIRECTORATE","200073","HEO","33590","37480","Officer","<5","Security","YORKSHIRE AND THE HUMBER"
"Department for Environment Food & Rural Affairs","Department for Environment, Food and Rural Affairs","DIGITAL, DATA, TECHNOLOGY AND SECURITY DIRECTORATE","200334","HEO","33590","37480","Officer","<5","Operational Delivery","NORTH WEST"
"Department for Environment Food & Rural Affairs","Department for Environment, Food and Rural Affairs","DIGITAL, DATA, TECHNOLOGY AND SECURITY DIRECTORATE","200334","HEO","33590","37480","Officer","<5","Operational Delivery","Unknown"
"Department for Environment Food & Rural Affairs","Department for Environment, Food and Rural Affairs","DIGITAL, DATA, TECHNOLOGY AND SECURITY DIRECTORATE","200159","HEO","33590","37480","Officer","<5","Human Resources","SOUTH WEST"
"Department for Environment Food & Rural Affairs","Department for Environment, Food and Rural Affairs","DIGITAL, DATA, TECHNOLOGY AND SECURITY DIRECTORATE","200069","HEO","33590","37480","Officer","<5","Operational Delivery","NORTH WEST"
"Department for Environment Food & Rural Affairs","Department for Environment, Food and Rural Affairs","ANALYSIS DIRECTORATE","200070","HEO","33590","37480","Officer","<5","Science and Engineering","SOUTH WEST"
"Department for Environment Food & Rural Affairs","Department for Environment, Food and Rural Affairs","CIRCULAR ECONOMY DIRECTORATE","200227","HEO","33590","37480","Officer","<5","Project Management Delivery","NORTH WEST"
"Department for Environment Food & Rural Affairs","Department for Environment, Food and Rural Affairs","INTERNATIONAL BIODIVERSITY AND CLIMATE DIRECTORATE","200212","HEO","33590","37480","Officer","<5","International Trade and Negotiation","EAST OF ENGLAND"
"Department for Environment Food & Rural Affairs","Department for Environment, Food and Rural Affairs","DIGITAL, DATA, TECHNOLOGY AND SECURITY DIRECTORATE","200181","HEO","33590","37480","Officer","<5","Digital  Data and Technology","WEST MIDLANDS"
"Department for Environment Food & Rural Affairs","Department for Environment, Food and Rural Affairs","DEFRA GROUP PROPERTY DIRECTORATE","200277","HEO","33590","37480","Officer","<5","Operational Delivery","NORTH EAST"
"Department for Environment Food & Rural Affairs","Department for Environment, Food and Rural Affairs","EU AND INTERNATIONAL TRADE DIRECTORATE","200105","HEO","33590","37480","Officer","<5","International Trade and Negotiation","NORTH EAST"
"Department for Environment Food & Rural Affairs","Department for Environment, Food and Rural Affairs","COMMUNICATIONS DIRECTORATE","200200","HEO","33590","37480","Officer","<5","Unknown","NORTH WEST"
"Department for Environment Food & Rural Affairs","Department for Environment, Food and Rural Affairs","SCIENCE DIRECTORATE","200112","HEO","33590","37480","Officer","<5","Science and Engineering","SOUTH WEST"
"Department for Environment Food & Rural Affairs","Department for Environment, Food and Rural Affairs","COMMERCIAL DIRECTORATE","200270","HEO","33590","37480","Officer","<5","Unknown","SOUTH WEST"
"Department for Environment Food & Rural Affairs","Department for Environment, Food and Rural Affairs","COMMERCIAL DIRECTORATE","200270","HEO","33590","37480","Officer","<5","Commercial and Procurement","EAST OF ENGLAND"
"Department for Environment Food & Rural Affairs","Department for Environment, Food and Rural Affairs","COMMERCIAL DIRECTORATE","200270","HEO","33590","37480","Officer","<5","Knowledge and Information Management","EAST MIDLANDS"
"Department for Environment Food & Rural Affairs","Department for Environment, Food and Rural Affairs","WATER AND FLOOD MANAGEMENT DIRECTORATE","200311","HEO","33590","37480","Officer","<5","Unknown","SOUTH WEST"
"Department for Environment Food & Rural Affairs","Department for Environment, Food and Rural Affairs","TRADE DELIVERY DIRECTORATE","200161","HEO","33590","37480","Officer","<5","Science and Engineering","Unknown"
"Department for Environment Food & Rural Affairs","Department for Environment, Food and Rural Affairs","ANIMAL AND PLANT HEALTH DIRECTORATE","200104","SEO","41220","44500","Team Leader","<5","Operational Delivery","NORTH EAST"
"Department for Environment Food & Rural Affairs","Department for Environment, Food and Rural Affairs","WATER AND FLOOD MANAGEMENT DIRECTORATE","200311","SEO","41220","44500","Team Leader","<5","Science and Engineering","WEST MIDLANDS"
"Department for Environment Food & Rural Affairs","Department for Environment, Food and Rural Affairs","WATER AND FLOOD MANAGEMENT DIRECTORATE","200311","SEO","41220","44500","Team Leader","<5","Unknown","NORTH EAST"
"Department for Environment Food & Rural Affairs","Department for Environment, Food and Rural Affairs","CIRCULAR ECONOMY DIRECTORATE","200232","SEO","41220","44500","Team Leader","<5","Science and Engineering","NORTH EAST"
"Department for Environment Food & Rural Affairs","Department for Environment, Food and Rural Affairs","CIRCULAR ECONOMY DIRECTORATE","200232","SEO","41220","44500","Team Leader","<5","Science and Engineering","YORKSHIRE AND THE HUMBER"
"Department for Environment Food & Rural Affairs","Department for Environment, Food and Rural Affairs","EU AND INTERNATIONAL TRADE DIRECTORATE","200317","SEO","41220","44500","Team Leader","<5","Economic","YORKSHIRE AND THE HUMBER"
"Department for Environment Food & Rural Affairs","Department for Environment, Food and Rural Affairs","ANALYSIS DIRECTORATE","200070","SEO","41220","44500","Team Leader","<5","Communications","SOUTH WEST"
"Department for Environment Food & Rural Affairs","Department for Environment, Food and Rural Affairs","ANALYSIS DIRECTORATE","200070","SEO","41220","44500","Team Leader","<5","International Trade and Negotiation","NORTH WEST"
"Department for Environment Food & Rural Affairs","Department for Environment, Food and Rural Affairs","ANALYSIS DIRECTORATE","200070","SEO","41220","44500","Team Leader","<5","Unknown","YORKSHIRE AND THE HUMBER"
"Department for Environment Food & Rural Affairs","Department for Environment, Food and Rural Affairs","ANIMAL AND PLANT HEALTH DIRECTORATE","200118","SEO","41220","44500","Team Leader","<5","Science and Engineering","SOUTH EAST"
"Department for Environment Food & Rural Affairs","Department for Environment, Food and Rural Affairs","CIRCULAR ECONOMY DIRECTORATE","200227","SEO","41220","44500","Team Leader","<5","Project Management Delivery","SOUTH EAST"
"Department for Environment Food & Rural Affairs","Department for Environment, Food and Rural Affairs","CIRCULAR ECONOMY DIRECTORATE","200227","SEO","41220","44500","Team Leader","<5","Project Management Delivery","SOUTH WEST"
"Department for Environment Food & Rural Affairs","Department for Environment, Food and Rural Affairs","TRADE DELIVERY DIRECTORATE","200256","SEO","41220","44500","Team Leader","<5","Project Management Delivery","Unknown"
"Department for Environment Food & Rural Affairs","Department for Environment, Food and Rural Affairs","FINANCE DIRECTORATE","200103","SEO","41220","44500","Team Leader","<5","Finance","EAST MIDLANDS"
"Department for Environment Food & Rural Affairs","Department for Environment, Food and Rural Affairs","FINANCE DIRECTORATE","200103","SEO","41220","44500","Team Leader","<5","Finance","SOUTH WEST"
"Department for Environment Food & Rural Affairs","Department for Environment, Food and Rural Affairs","FINANCE DIRECTORATE","200103","SEO","41220","44500","Team Leader","<5","Finance","NORTH WEST"
"Department for Environment Food & Rural Affairs","Department for Environment, Food and Rural Affairs","ENV QUALITY, INFRASTRUCTURE & PLANNING DIRECTORATE","200135","SEO","41220","44500","Team Leader","<5","Project Management Delivery","NORTH WEST"
"Department for Environment Food & Rural Affairs","Department for Environment, Food and Rural Affairs","ENV QUALITY, INFRASTRUCTURE & PLANNING DIRECTORATE","200135","SEO","41220","44500","Team Leader","<5","Project Management Delivery","Unknown"
"Department for Environment Food & Rural Affairs","Department for Environment, Food and Rural Affairs","DEFRA GROUP PROPERTY DIRECTORATE","200313","SEO","41220","44500","Team Leader","<5","Property","YORKSHIRE AND THE HUMBER"
"Department for Environment Food & Rural Affairs","Department for Environment, Food and Rural Affairs","DEFRA GROUP PROPERTY DIRECTORATE","200313","SEO","41220","44500","Team Leader","<5","Unknown","NORTH EAST"
"Department for Environment Food & Rural Affairs","Department for Environment, Food and Rural Affairs","OFFICE OF THE CHIEF DATA OFFICER DIRECTORATE","200259","SEO","41220","44500","Team Leader","<5","Digital  Data and Technology","Unknown"
"Department for Environment Food & Rural Affairs","Department for Environment, Food and Rural Affairs","OFFICE OF THE CHIEF DATA OFFICER DIRECTORATE","200259","SEO","41220","44500","Team Leader","<5","Knowledge and Information Management","NORTH EAST"
"Department for Environment Food & Rural Affairs","Department for Environment, Food and Rural Affairs","OFFICE OF THE CHIEF DATA OFFICER DIRECTORATE","200259","SEO","41220","44500","Team Leader","<5","Digital  Data and Technology","WEST MIDLANDS"
"Department for Environment Food & Rural Affairs","Department for Environment, Food and Rural Affairs","WATER AND FLOOD MANAGEMENT DIRECTORATE","200144","SEO","41220","44500","Team Leader","<5","Project Management Delivery","Unknown"
"Department for Environment Food & Rural Affairs","Department for Environment, Food and Rural Affairs","DEFRA GROUP PROPERTY DIRECTORATE","200300","SEO","41220","44500","Team Leader","<5","Property","NORTH EAST"
"Department for Environment Food & Rural Affairs","Department for Environment, Food and Rural Affairs","DEFRA GROUP PROPERTY DIRECTORATE","200300","SEO","41220","44500","Team Leader","<5","Unknown","SOUTH WEST"
"Department for Environment Food & Rural Affairs","Department for Environment, Food and Rural Affairs","SCIENCE DIRECTORATE","200083","SEO","41220","44500","Team Leader","<5","Unknown","SOUTH WEST"
"Department for Environment Food & Rural Affairs","Department for Environment, Food and Rural Affairs","AGRI FOOD CHAIN DIRECTORATE","200107","SEO","41220","44500","Team Leader","<5","Unknown","NORTH WEST"
"Department for Environment Food & Rural Affairs","Department for Environment, Food and Rural Affairs","AGRI FOOD CHAIN DIRECTORATE","200107","SEO","41220","44500","Team Leader","<5","Unknown","NORTH EAST"
"Department for Environment Food & Rural Affairs","Department for Environment, Food and Rural Affairs","ANALYSIS DIRECTORATE","200060","SEO","41220","44500","Team Leader","<5","Geography","YORKSHIRE AND THE HUMBER"
"Department for Environment Food & Rural Affairs","Department for Environment, Food and Rural Affairs","FARMING DIRECTORATE - ADMIN COSTS","200195","SEO","41220","44500","Team Leader","<5","Unknown","Unknown"
"Department for Environment Food & Rural Affairs","Department for Environment, Food and Rural Affairs","TRADE DELIVERY DIRECTORATE","200185","SEO","41220","44500","Team Leader","<5","Knowledge and Information Management","SOUTH WEST"
"Department for Environment Food & Rural Affairs","Department for Environment, Food and Rural Affairs","SCIENCE DIRECTORATE","200297","SEO","41220","44500","Team Leader","<5","Science and Engineering","SOUTH WEST"
"Department for Environment Food & Rural Affairs","Department for Environment, Food and Rural Affairs","GROUP STRATEGY DIRECTORATE","200058","SEO","41220","44500","Team Leader","<5","Unknown","NORTH EAST"
"Department for Environment Food & Rural Affairs","Department for Environment, Food and Rural Affairs","DEFRA GROUP PROPERTY DIRECTORATE","200277","SEO","41220","44500","Team Leader","<5","Unknown","EAST OF ENGLAND"
"Department for Environment Food & Rural Affairs","Department for Environment, Food and Rural Affairs","STRATEGY AND WATER DG OFFICES DIRECTORATE","200239","SEO","41220","44500","Team Leader","<5","Operational Delivery","NORTH WEST"
"Department for Environment Food & Rural Affairs","Department for Environment, Food and Rural Affairs","SCIENCE DIRECTORATE","200239","SEO","41220","44500","Team Leader","<5","Science and Engineering","NORTH EAST"
"Department for Environment Food & Rural Affairs","Department for Environment, Food and Rural Affairs","BIODIVERSITY, LAND USE & INVESTMENT DIRECTORATE","200040","SEO","41220","44500","Team Leader","<5","Project Management Delivery","SOUTH WEST"
"Department for Environment Food & Rural Affairs","Department for Environment, Food and Rural Affairs","PORTFOLIO DIRECTORATE","200220","SEO","41220","44500","Team Leader","<5","Corporate Finance","Unknown"
"Department for Environment Food & Rural Affairs","Department for Environment, Food and Rural Affairs","GCS STRATEGY, PARTNERSHIPS AND OPERATIONS DIRECTORATE","200253","SEO","41220","44500","Team Leader","<5","Project Management Delivery","SOUTH WEST"
"Department for Environment Food & Rural Affairs","Department for Environment, Food and Rural Affairs","GCS STRATEGY, PARTNERSHIPS AND OPERATIONS DIRECTORATE","200253","SEO","41220","44500","Team Leader","<5","Finance","EAST OF ENGLAND"
"Department for Environment Food & Rural Affairs","Department for Environment, Food and Rural Affairs","CHANGE DELIVERY DIRECTORATE","200204","SEO","41220","44500","Team Leader","<5","Project Management Delivery","NORTH EAST"
"Department for Environment Food & Rural Affairs","Department for Environment, Food and Rural Affairs","WATER AND FLOOD MANAGEMENT DIRECTORATE","200145","SEO","41220","44500","Team Leader","<5","Science and Engineering","NORTH WEST"
"Department for Environment Food & Rural Affairs","Department for Environment, Food and Rural Affairs","OFFICIAL DEVELOPMENT ASSISTANCE DIRECTORATE","200236","SEO","41220","44500","Team Leader","<5","Economic","YORKSHIRE AND THE HUMBER"
"Department for Environment Food & Rural Affairs","Department for Environment, Food and Rural Affairs","PEPR DIRECTORATE","200329","SEO","41220","44500","Team Leader","<5","Unknown","YORKSHIRE AND THE HUMBER"
"Department for Environment Food & Rural Affairs","Department for Environment, Food and Rural Affairs","DEFRA GROUP PROPERTY DIRECTORATE","200189","SEO","41220","44500","Team Leader","<5","Project Management Delivery","SOUTH WEST"
"Department for Environment Food & Rural Affairs","Department for Environment, Food and Rural Affairs","HUMAN RESOURCES DIRECTORATE","200235","SEO","41220","44500","Team Leader","<5","Human Resources","SOUTH WEST"
"Department for Environment Food & Rural Affairs","Department for Environment, Food and Rural Affairs","HUMAN RESOURCES DIRECTORATE","200235","SEO","41220","44500","Team Leader","<5","Human Resources","Unknown"
"Department for Environment Food & Rural Affairs","Department for Environment, Food and Rural Affairs","ANALYSIS DIRECTORATE","200281","SEO","41220","44500","Team Leader","<5","Social Research","NORTH EAST"
"Department for Environment Food & Rural Affairs","Department for Environment, Food and Rural Affairs","FINANCE DIRECTORATE","200247","SEO","41220","44500","Team Leader","<5","Finance","YORKSHIRE AND THE HUMBER"
"Department for Environment Food & Rural Affairs","Department for Environment, Food and Rural Affairs","FINANCE DIRECTORATE","200150","SEO","41220","44500","Team Leader","<5","Risk","YORKSHIRE AND THE HUMBER"
"Department for Environment Food & Rural Affairs","Department for Environment, Food and Rural Affairs","PEPR DIRECTORATE","200238","SEO","41220","44500","Team Leader","<5","Digital  Data and Technology","WEST MIDLANDS"
"Department for Environment Food & Rural Affairs","Department for Environment, Food and Rural Affairs","FINANCE DIRECTORATE","200265","SEO","41220","44500","Team Leader","<5","Unknown","EAST MIDLANDS"
"Department for Environment Food & Rural Affairs","Department for Environment, Food and Rural Affairs","FINANCE DIRECTORATE","200265","SEO","41220","44500","Team Leader","<5","Unknown","WEST MIDLANDS"
"Department for Environment Food & Rural Affairs","Department for Environment, Food and Rural Affairs","WATER AND FLOOD MANAGEMENT DIRECTORATE","200187","SEO","41220","44500","Team Leader","<5","Unknown","SOUTH WEST"
"Department for Environment Food & Rural Affairs","Department for Environment, Food and Rural Affairs","STRATEGY, GOVERNANCE & CLIMATE DIRECTORATE","200199","SEO","41220","44500","Team Leader","<5","Economic","Unknown"
"Department for Environment Food & Rural Affairs","Department for Environment, Food and Rural Affairs","EU AND INTERNATIONAL TRADE DIRECTORATE","200322","SEO","41220","44500","Team Leader","<5","International Trade and Negotiation","NORTH EAST"
"Department for Environment Food & Rural Affairs","Department for Environment, Food and Rural Affairs","DEFRA GROUP PROPERTY DIRECTORATE","200078","SEO","41220","44500","Team Leader","<5","Property","WEST MIDLANDS"
"Department for Environment Food & Rural Affairs","Department for Environment, Food and Rural Affairs","ENV QUALITY, INFRASTRUCTURE & PLANNING DIRECTORATE","200135","SEO","41220","44500","Team Leader","<5","Human Resources","NORTH EAST"
"Department for Environment Food & Rural Affairs","Department for Environment, Food and Rural Affairs","DEFRA GROUP PROPERTY DIRECTORATE","200313","SEO","41220","44500","Team Leader","<5","Finance","EAST OF ENGLAND"
"Department for Environment Food & Rural Affairs","Department for Environment, Food and Rural Affairs","FARMING DIRECTORATE - ADMIN COSTS","200195","SEO","41220","44500","Team Leader","<5","Project Management Delivery","NORTH EAST"
"Department for Environment Food & Rural Affairs","Department for Environment, Food and Rural Affairs","WATER AND FLOOD MANAGEMENT DIRECTORATE","200128","SEO","41220","44500","Team Leader","<5","Operational Delivery","SOUTH WEST"
"Department for Environment Food & Rural Affairs","Department for Environment, Food and Rural Affairs","FINANCE DIRECTORATE","200167","SEO","41220","44500","Team Leader","<5","Corporate Finance","Unknown"
"Department for Environment Food & Rural Affairs","Department for Environment, Food and Rural Affairs","STRATEGY AND WATER DG OFFICES DIRECTORATE","200239","SEO","41220","44500","Team Leader","<5","Operational Delivery","Unknown"
"Department for Environment Food & Rural Affairs","Department for Environment, Food and Rural Affairs","OFFICIAL DEVELOPMENT ASSISTANCE DIRECTORATE","200236","SEO","41220","44500","Team Leader","<5","Project Management Delivery","SOUTH WEST"
"Department for Environment Food & Rural Affairs","Department for Environment, Food and Rural Affairs","DEFRA GROUP PROPERTY DIRECTORATE","200189","SEO","41220","44500","Team Leader","<5","Data Analysis","NORTH WEST"
"Department for Environment Food & Rural Affairs","Department for Environment, Food and Rural Affairs","HUMAN RESOURCES DIRECTORATE","200323","SEO","41220","44500","Team Leader","<5","Human Resources","WALES"
"Department for Environment Food & Rural Affairs","Department for Environment, Food and Rural Affairs","FINANCE DIRECTORATE","200247","SEO","41220","44500","Team Leader","<5","Corporate Finance","EAST OF ENGLAND"
"Department for Environment Food & Rural Affairs","Department for Environment, Food and Rural Affairs","DEFRA GROUP PROPERTY DIRECTORATE","200244","SEO","41220","44500","Team Leader","<5","Property","NORTH EAST"
"Department for Environment Food & Rural Affairs","Department for Environment, Food and Rural Affairs","DEFRA GROUP PROPERTY DIRECTORATE","200203","SEO","41220","44500","Team Leader","<5","Unknown","YORKSHIRE AND THE HUMBER"
"Department for Environment Food & Rural Affairs","Department for Environment, Food and Rural Affairs","COMMUNICATIONS DIRECTORATE","200252","SEO","41220","44500","Team Leader","<5","Communications","YORKSHIRE AND THE HUMBER"
"Department for Environment Food & Rural Affairs","Department for Environment, Food and Rural Affairs","ANIMAL AND PLANT HEALTH DIRECTORATE","200110","SEO","41220","44500","Team Leader","<5","Policy","NORTH WEST"
"Department for Environment Food & Rural Affairs","Department for Environment, Food and Rural Affairs","ENV QUALITY, INFRASTRUCTURE & PLANNING DIRECTORATE","200109","SEO","41220","44500","Team Leader","<5","Policy","NORTH EAST"
"Department for Environment Food & Rural Affairs","Department for Environment, Food and Rural Affairs","STRATEGY, GOVERNANCE & CLIMATE DIRECTORATE","200095","SEO","41220","44500","Team Leader","<5","Policy","NORTH EAST"
"Department for Environment Food & Rural Affairs","Department for Environment, Food and Rural Affairs","BIODIVERSITY, LAND USE & INVESTMENT DIRECTORATE","200269","SEO","41220","44500","Team Leader","<5","Policy","EAST OF ENGLAND"
"Department for Environment Food & Rural Affairs","Department for Environment, Food and Rural Affairs","GROUP STRATEGY DIRECTORATE","200337","SEO","41220","44500","Team Leader","<5","Policy","NORTH EAST"
"Department for Environment Food & Rural Affairs","Department for Environment, Food and Rural Affairs","AGRI FOOD CHAIN DIRECTORATE","200174","SEO","41220","44500","Team Leader","<5","Policy","SCOTLAND"
"Department for Environment Food & Rural Affairs","Department for Environment, Food and Rural Affairs","MARINE AND FISHERIES DIRECTORATE","200111","SEO","41220","44500","Team Leader","<5","Policy","Unknown"
"Department for Environment Food & Rural Affairs","Department for Environment, Food and Rural Affairs","WATER AND FLOOD MANAGEMENT DIRECTORATE","200145","SEO","41220","44500","Team Leader","<5","Policy","Unknown"
"Department for Environment Food & Rural Affairs","Department for Environment, Food and Rural Affairs","EU RESET STRATEGY & LEGISLATION DIRECTORATE","200005","SEO","41220","44500","Team Leader","<5","Policy","Unknown"
"Department for Environment Food & Rural Affairs","Department for Environment, Food and Rural Affairs","MINISTERIAL, GROWTH AND RESILIENCE DIRECTORATE","200194","SEO","41220","44500","Team Leader","<5","Policy","SOUTH WEST"
"Department for Environment Food & Rural Affairs","Department for Environment, Food and Rural Affairs","PEPR DIRECTORATE","200329","SEO","41220","44500","Team Leader","<5","Policy","SOUTH WEST"
"Department for Environment Food & Rural Affairs","Department for Environment, Food and Rural Affairs","DEFRA GROUP PROPERTY DIRECTORATE","200189","SEO","41220","44500","Team Leader","<5","Policy","SOUTH WEST"
"Department for Environment Food & Rural Affairs","Department for Environment, Food and Rural Affairs","DIGITAL, DATA, TECHNOLOGY AND SECURITY DIRECTORATE","200036","SEO","41220","44500","Team Leader","<5","Digital  Data and Technology","WEST MIDLANDS"
"Department for Environment Food & Rural Affairs","Department for Environment, Food and Rural Affairs","DIGITAL, DATA, TECHNOLOGY AND SECURITY DIRECTORATE","200304","SEO","41220","44500","Team Leader","<5","Digital  Data and Technology","Unknown"
"Department for Environment Food & Rural Affairs","Department for Environment, Food and Rural Affairs","DIGITAL, DATA, TECHNOLOGY AND SECURITY DIRECTORATE","200304","SEO","41220","44500","Team Leader","<5","Digital  Data and Technology","SOUTH WEST"
"Department for Environment Food & Rural Affairs","Department for Environment, Food and Rural Affairs","DIGITAL, DATA, TECHNOLOGY AND SECURITY DIRECTORATE","200181","SEO","41220","44500","Team Leader","<5","Digital  Data and Technology","NORTH WEST"
"Department for Environment Food & Rural Affairs","Department for Environment, Food and Rural Affairs","DIGITAL, DATA, TECHNOLOGY AND SECURITY DIRECTORATE","200334","SEO","41220","44500","Team Leader","<5","Digital  Data and Technology","WALES"
"Department for Environment Food & Rural Affairs","Department for Environment, Food and Rural Affairs","DIGITAL, DATA, TECHNOLOGY AND SECURITY DIRECTORATE","200036","SEO","41220","44500","Team Leader","<5","Human Resources","Unknown"
"Department for Environment Food & Rural Affairs","Department for Environment, Food and Rural Affairs","DIGITAL, DATA, TECHNOLOGY AND SECURITY DIRECTORATE","200036","SEO","41220","44500","Team Leader","<5","Project Management Delivery","Unknown"
"Department for Environment Food & Rural Affairs","Department for Environment, Food and Rural Affairs","DIGITAL, DATA, TECHNOLOGY AND SECURITY DIRECTORATE","200146","SEO","41220","44500","Team Leader","<5","Operational Delivery","Unknown"
"Department for Environment Food & Rural Affairs","Department for Environment, Food and Rural Affairs","DIGITAL, DATA, TECHNOLOGY AND SECURITY DIRECTORATE","200181","SEO","41220","44500","Team Leader","<5","Unknown","SOUTH EAST"
"Department for Environment Food & Rural Affairs","Department for Environment, Food and Rural Affairs","DIGITAL, DATA, TECHNOLOGY AND SECURITY DIRECTORATE","200334","SEO","41220","44500","Team Leader","<5","Unknown","SOUTH WEST"
"Department for Environment Food & Rural Affairs","Department for Environment, Food and Rural Affairs","EU AND INTERNATIONAL TRADE DIRECTORATE","200317","SEO","41220","44500","Team Leader","<5","Project Management Delivery","Unknown"
"Department for Environment Food & Rural Affairs","Department for Environment, Food and Rural Affairs","ENV QUALITY, INFRASTRUCTURE & PLANNING DIRECTORATE","200135","SEO","41220","44500","Team Leader","<5","Risk","Unknown"
"Department for Environment Food & Rural Affairs","Department for Environment, Food and Rural Affairs","SCIENCE DIRECTORATE","200289","SEO","41220","44500","Team Leader","<5","Science and Engineering","SOUTH WEST"
"Department for Environment Food & Rural Affairs","Department for Environment, Food and Rural Affairs","ANALYSIS DIRECTORATE","200060","SEO","41220","44500","Team Leader","<5","Science and Engineering","Unknown"
"Department for Environment Food & Rural Affairs","Department for Environment, Food and Rural Affairs","GCS STRATEGY, PARTNERSHIPS AND OPERATIONS DIRECTORATE","200306","SEO","41220","44500","Team Leader","<5","Knowledge and Information Management","Unknown"
"Department for Environment Food & Rural Affairs","Department for Environment, Food and Rural Affairs","AGRI FOOD CHAIN DIRECTORATE","200090","SEO","41220","44500","Team Leader","<5","Science and Engineering","Unknown"
"Department for Environment Food & Rural Affairs","Department for Environment, Food and Rural Affairs","AGRI FOOD CHAIN DIRECTORATE","200090","SEO","41220","44500","Team Leader","<5","Unknown","Unknown"
"Department for Environment Food & Rural Affairs","Department for Environment, Food and Rural Affairs","GCS STRATEGY, PARTNERSHIPS AND OPERATIONS DIRECTORATE","200253","SEO","41220","44500","Team Leader","<5","Unknown","SOUTH WEST"
"Department for Environment Food & Rural Affairs","Department for Environment, Food and Rural Affairs","GCS STRATEGY, PARTNERSHIPS AND OPERATIONS DIRECTORATE","200253","SEO","41220","44500","Team Leader","<5","Project Management Delivery","Unknown"
"Department for Environment Food & Rural Affairs","Department for Environment, Food and Rural Affairs","PORTFOLIO DIRECTORATE","200338","SEO","41220","44500","Team Leader","<5","Communications","YORKSHIRE AND THE HUMBER"
"Department for Environment Food & Rural Affairs","Department for Environment, Food and Rural Affairs","DEFRA GROUP PROPERTY DIRECTORATE","200189","SEO","41220","44500","Team Leader","<5","Project Management Delivery","Unknown"
"Department for Environment Food & Rural Affairs","Department for Environment, Food and Rural Affairs","HUMAN RESOURCES DIRECTORATE","200235","SEO","41220","44500","Team Leader","<5","Project Management Delivery","YORKSHIRE AND THE HUMBER"
"Department for Environment Food & Rural Affairs","Department for Environment, Food and Rural Affairs","HUMAN RESOURCES DIRECTORATE","200296","SEO","41220","44500","Team Leader","<5","Human Resources","YORKSHIRE AND THE HUMBER"
"Department for Environment Food & Rural Affairs","Department for Environment, Food and Rural Affairs","FINANCE DIRECTORATE","200150","SEO","41220","44500","Team Leader","<5","Finance","NORTH WEST"
"Department for Environment Food & Rural Affairs","Department for Environment, Food and Rural Affairs","MINISTERIAL, GROWTH AND RESILIENCE DIRECTORATE","200138","SEO","41220","44500","Team Leader","<5","Unknown","SOUTH WEST"
"Department for Environment Food & Rural Affairs","Department for Environment, Food and Rural Affairs","SCIENCE DIRECTORATE","200112","SEO","41220","44500","Team Leader","<5","Unknown","YORKSHIRE AND THE HUMBER"
"Department for Environment Food & Rural Affairs","Department for Environment, Food and Rural Affairs","WATER AND FLOOD MANAGEMENT DIRECTORATE","200128","SEO","41220","44500","Team Leader","<5","Policy","SOUTH EAST"
"Department for Environment Food & Rural Affairs","Department for Environment, Food and Rural Affairs","COMMERCIAL DIRECTORATE","200270","SEO","41220","44500","Team Leader","<5","Grants","YORKSHIRE AND THE HUMBER"
"Department for Environment Food & Rural Affairs","Department for Environment, Food and Rural Affairs","WATER AND FLOOD MANAGEMENT DIRECTORATE","200008","SEO","41220","44500","Team Leader","<5","Unknown","Unknown"
"Department for Environment Food & Rural Affairs","Department for Environment, Food and Rural Affairs","WATER AND FLOOD MANAGEMENT DIRECTORATE","200336","SEO","41220","44500","Team Leader","<5","Unknown","Unknown"
"Department for Environment Food & Rural Affairs","Department for Environment, Food and Rural Affairs","FARMING DIRECTORATE - ADMIN COSTS","200092","SEO","41220","44500","Team Leader","<5","Grants","YORKSHIRE AND THE HUMBER"
"Department for Environment Food & Rural Affairs","Department for Environment, Food and Rural Affairs","ANIMAL AND PLANT HEALTH DIRECTORATE","200120","SEO","41220","44500","Team Leader","<5","Statistics","YORKSHIRE AND THE HUMBER"
"Department for Environment Food & Rural Affairs","Department for Environment, Food and Rural Affairs","CIRCULAR ECONOMY DIRECTORATE","200232","SEO","41220","44500","Team Leader","<5","Science and Engineering","SOUTH WEST"
"Department for Environment Food & Rural Affairs","Department for Environment, Food and Rural Affairs","WATER AND FLOOD MANAGEMENT DIRECTORATE","200008","SEO","41220","44500","Team Leader","<5","Other","YORKSHIRE AND THE HUMBER"
"Department for Environment Food & Rural Affairs","Department for Environment, Food and Rural Affairs","GCS STRATEGY, PARTNERSHIPS AND OPERATIONS DIRECTORATE","200071","SEO","41220","44500","Team Leader","<5","Project Management Delivery","SCOTLAND"
"Department for Environment Food & Rural Affairs","Department for Environment, Food and Rural Affairs","TRADE DELIVERY DIRECTORATE","200335","SEO","41220","44500","Team Leader","<5","Communications","YORKSHIRE AND THE HUMBER"
"Department for Environment Food & Rural Affairs","Department for Environment, Food and Rural Affairs","MARINE AND FISHERIES DIRECTORATE","200115","SEO","41220","44500","Team Leader","<5","Policy","SCOTLAND"
"Department for Environment Food & Rural Affairs","Department for Environment, Food and Rural Affairs","WATER AND FLOOD MANAGEMENT DIRECTORATE","200311","HEO","33590","37480","Officer","<5","Science and Engineering","Unknown"
"Department for Environment Food & Rural Affairs","Department for Environment, Food and Rural Affairs","WATER AND FLOOD MANAGEMENT DIRECTORATE","200085","HEO","33590","37480","Officer","<5","Digital  Data and Technology","Unknown"
"Department for Environment Food & Rural Affairs","Department for Environment, Food and Rural Affairs","EU AND INTERNATIONAL TRADE DIRECTORATE","200317","HEO","33590","37480","Officer","<5","Statistics","YORKSHIRE AND THE HUMBER"
"Department for Environment Food & Rural Affairs","Department for Environment, Food and Rural Affairs","ANIMAL AND PLANT HEALTH DIRECTORATE","200118","HEO","33590","37480","Officer","<5","Science and Engineering","NORTH EAST"
"Department for Environment Food & Rural Affairs","Department for Environment, Food and Rural Affairs","HUMAN RESOURCES DIRECTORATE","200062","HEO","33590","37480","Officer","<5","Human Resources","Unknown"
"Department for Environment Food & Rural Affairs","Department for Environment, Food and Rural Affairs","HUMAN RESOURCES DIRECTORATE","200062","HEO","33590","37480","Officer","<5","Unknown","Unknown"
"Department for Environment Food & Rural Affairs","Department for Environment, Food and Rural Affairs","AGRI FOOD CHAIN DIRECTORATE","200332","HEO","33590","37480","Officer","<5","Project Management Delivery","YORKSHIRE AND THE HUMBER"
"Department for Environment Food & Rural Affairs","Department for Environment, Food and Rural Affairs","TRADE DELIVERY DIRECTORATE","200256","HEO","33590","37480","Officer","<5","Project Management Delivery","NORTH EAST"
"Department for Environment Food & Rural Affairs","Department for Environment, Food and Rural Affairs","FINANCE DIRECTORATE","200103","HEO","33590","37480","Officer","<5","Corporate Finance","EAST OF ENGLAND"
"Department for Environment Food & Rural Affairs","Department for Environment, Food and Rural Affairs","FINANCE DIRECTORATE","200103","HEO","33590","37480","Officer","<5","Tax","NORTH WEST"
"Department for Environment Food & Rural Affairs","Department for Environment, Food and Rural Affairs","WATER AND FLOOD MANAGEMENT DIRECTORATE","200019","HEO","33590","37480","Officer","<5","Unknown","NORTH EAST"
"Department for Environment Food & Rural Affairs","Department for Environment, Food and Rural Affairs","ENV QUALITY, INFRASTRUCTURE & PLANNING DIRECTORATE","200135","HEO","33590","37480","Officer","<5","Unknown","YORKSHIRE AND THE HUMBER"
"Department for Environment Food & Rural Affairs","Department for Environment, Food and Rural Affairs","OFFICE OF THE CHIEF DATA OFFICER DIRECTORATE","200259","HEO","33590","37480","Officer","<5","Unknown","Unknown"
"Department for Environment Food & Rural Affairs","Department for Environment, Food and Rural Affairs","MARINE AND FISHERIES DIRECTORATE","200111","HEO","33590","37480","Officer","<5","Project Management Delivery","WEST MIDLANDS"
"Department for Environment Food & Rural Affairs","Department for Environment, Food and Rural Affairs","WATER AND FLOOD MANAGEMENT DIRECTORATE","200144","HEO","33590","37480","Officer","<5","Project Management Delivery","NORTH EAST"
"Department for Environment Food & Rural Affairs","Department for Environment, Food and Rural Affairs","DEFRA GROUP PROPERTY DIRECTORATE","200300","HEO","33590","37480","Officer","<5","Other","NORTH WEST"
"Department for Environment Food & Rural Affairs","Department for Environment, Food and Rural Affairs","DEFRA GROUP PROPERTY DIRECTORATE","200300","HEO","33590","37480","Officer","<5","Other","SOUTH EAST"
"Department for Environment Food & Rural Affairs","Department for Environment, Food and Rural Affairs","ANIMAL AND PLANT HEALTH DIRECTORATE","200083","HEO","33590","37480","Officer","<5","Unknown","SOUTH WEST"
"Department for Environment Food & Rural Affairs","Department for Environment, Food and Rural Affairs","OFFICIAL DEVELOPMENT ASSISTANCE DIRECTORATE","200212","HEO","33590","37480","Officer","<5","Unknown","YORKSHIRE AND THE HUMBER"
"Department for Environment Food & Rural Affairs","Department for Environment, Food and Rural Affairs","MARINE AND FISHERIES DIRECTORATE","200289","HEO","33590","37480","Officer","<5","Science and Engineering","NORTH WEST"
"Department for Environment Food & Rural Affairs","Department for Environment, Food and Rural Affairs","ENV QUALITY, INFRASTRUCTURE & PLANNING DIRECTORATE","200082","HEO","33590","37480","Officer","<5","Data Analysis","YORKSHIRE AND THE HUMBER"
"Department for Environment Food & Rural Affairs","Department for Environment, Food and Rural Affairs","CIRCULAR ECONOMY DIRECTORATE","200147","HEO","33590","37480","Officer","<5","Communications","SOUTH WEST"
"Department for Environment Food & Rural Affairs","Department for Environment, Food and Rural Affairs","ANALYSIS DIRECTORATE","200060","HEO","33590","37480","Officer","<5","Science and Engineering","Unknown"
"Department for Environment Food & Rural Affairs","Department for Environment, Food and Rural Affairs","FARMING DIRECTORATE - ADMIN COSTS","200195","HEO","33590","37480","Officer","<5","Project Management Delivery","Unknown"
"Department for Environment Food & Rural Affairs","Department for Environment, Food and Rural Affairs","FINANCE DIRECTORATE","200168","HEO","33590","37480","Officer","<5","Counter Fraud","SCOTLAND"
"Department for Environment Food & Rural Affairs","Department for Environment, Food and Rural Affairs","FINANCE DIRECTORATE","200168","HEO","33590","37480","Officer","<5","Counter Fraud","YORKSHIRE AND THE HUMBER"
"Department for Environment Food & Rural Affairs","Department for Environment, Food and Rural Affairs","FINANCE DIRECTORATE","200168","HEO","33590","37480","Officer","<5","Counter Fraud","NORTH WEST"
"Department for Environment Food & Rural Affairs","Department for Environment, Food and Rural Affairs","TRADE DELIVERY DIRECTORATE","200185","HEO","33590","37480","Officer","<5","Operational Delivery","SOUTH WEST"
"Department for Environment Food & Rural Affairs","Department for Environment, Food and Rural Affairs","EU AND INTERNATIONAL TRADE DIRECTORATE","200047","HEO","33590","37480","Officer","<5","Unknown","NORTH EAST"
"Department for Environment Food & Rural Affairs","Department for Environment, Food and Rural Affairs","GCS STRATEGY, PARTNERSHIPS AND OPERATIONS DIRECTORATE","200306","HEO","33590","37480","Officer","<5","Data Analysis","WEST MIDLANDS"
"Department for Environment Food & Rural Affairs","Department for Environment, Food and Rural Affairs","WATER AND FLOOD MANAGEMENT DIRECTORATE","200302","HEO","33590","37480","Officer","<5","Unknown","NORTH EAST"
"Department for Environment Food & Rural Affairs","Department for Environment, Food and Rural Affairs","FARMING DIRECTORATE - ADMIN COSTS","200126","HEO","33590","37480","Officer","<5","Unknown","Unknown"
"Department for Environment Food & Rural Affairs","Department for Environment, Food and Rural Affairs","MARINE AND FISHERIES DIRECTORATE","200272","HEO","33590","37480","Officer","<5","Unknown","EAST OF ENGLAND"
"Department for Environment Food & Rural Affairs","Department for Environment, Food and Rural Affairs","FINANCE DIRECTORATE","200320","HEO","33590","37480","Officer","<5","Finance","SOUTH WEST"
"Department for Environment Food & Rural Affairs","Department for Environment, Food and Rural Affairs","FINANCE DIRECTORATE","200237","HEO","33590","37480","Officer","<5","Other","SOUTH WEST"
"Department for Environment Food & Rural Affairs","Department for Environment, Food and Rural Affairs","AGRI FOOD CHAIN DIRECTORATE","200090","HEO","33590","37480","Officer","<5","Statistics","Unknown"
"Department for Environment Food & Rural Affairs","Department for Environment, Food and Rural Affairs","DEFRA GROUP PROPERTY DIRECTORATE","200277","HEO","33590","37480","Officer","<5","Property","YORKSHIRE AND THE HUMBER"
"Department for Environment Food & Rural Affairs","Department for Environment, Food and Rural Affairs","WATER AND FLOOD MANAGEMENT DIRECTORATE","200008","HEO","33590","37480","Officer","<5","Unknown","Unknown"
"Department for Environment Food & Rural Affairs","Department for Environment, Food and Rural Affairs","GCS STRATEGY, PARTNERSHIPS AND OPERATIONS DIRECTORATE","200239","HEO","33590","37480","Officer","<5","Project Management Delivery","EAST OF ENGLAND"
"Department for Environment Food & Rural Affairs","Department for Environment, Food and Rural Affairs","STRATEGY AND WATER DG OFFICES DIRECTORATE","200239","HEO","33590","37480","Officer","<5","Operational Delivery","NORTH EAST"
"Department for Environment Food & Rural Affairs","Department for Environment, Food and Rural Affairs","STRATEGY AND WATER DG OFFICES DIRECTORATE","200239","HEO","33590","37480","Officer","<5","Unknown","NORTH WEST"
"Department for Environment Food & Rural Affairs","Department for Environment, Food and Rural Affairs","INTERNATIONAL BIODIVERSITY AND CLIMATE DIRECTORATE","200287","HEO","33590","37480","Officer","<5","Finance","WEST MIDLANDS"
"Department for Environment Food & Rural Affairs","Department for Environment, Food and Rural Affairs","INTERNATIONAL BIODIVERSITY AND CLIMATE DIRECTORATE","200287","HEO","33590","37480","Officer","<5","Operational Delivery","YORKSHIRE AND THE HUMBER"
"Department for Environment Food & Rural Affairs","Department for Environment, Food and Rural Affairs","GCS STRATEGY, PARTNERSHIPS AND OPERATIONS DIRECTORATE","200253","HEO","33590","37480","Officer","<5","Unknown","NORTH WEST"
"Department for Environment Food & Rural Affairs","Department for Environment, Food and Rural Affairs","GCS STRATEGY, PARTNERSHIPS AND OPERATIONS DIRECTORATE","200253","HEO","33590","37480","Officer","<5","Knowledge and Information Management","SOUTH WEST"
"Department for Environment Food & Rural Affairs","Department for Environment, Food and Rural Affairs","DEFRA GROUP PROPERTY DIRECTORATE","200049","HEO","33590","37480","Officer","<5","Property","YORKSHIRE AND THE HUMBER"
"Department for Environment Food & Rural Affairs","Department for Environment, Food and Rural Affairs","PORTFOLIO DIRECTORATE","200338","HEO","33590","37480","Officer","<5","Project Management Delivery","YORKSHIRE AND THE HUMBER"
"Department for Environment Food & Rural Affairs","Department for Environment, Food and Rural Affairs","DEFRA GROUP PROPERTY DIRECTORATE","200189","HEO","33590","37480","Officer","<5","Property","YORKSHIRE AND THE HUMBER"
"Department for Environment Food & Rural Affairs","Department for Environment, Food and Rural Affairs","ANIMAL AND PLANT HEALTH DIRECTORATE","200282","HEO","33590","37480","Officer","<5","Economic","YORKSHIRE AND THE HUMBER"
"Department for Environment Food & Rural Affairs","Department for Environment, Food and Rural Affairs","ANALYSIS DIRECTORATE","200282","HEO","33590","37480","Officer","<5","Data Analysis","EAST OF ENGLAND"
"Department for Environment Food & Rural Affairs","Department for Environment, Food and Rural Affairs","HUMAN RESOURCES DIRECTORATE","200235","HEO","33590","37480","Officer","<5","Human Resources","Unknown"
"Department for Environment Food & Rural Affairs","Department for Environment, Food and Rural Affairs","HUMAN RESOURCES DIRECTORATE","200149","HEO","33590","37480","Officer","<5","Human Resources","SOUTH WEST"
"Department for Environment Food & Rural Affairs","Department for Environment, Food and Rural Affairs","TRADE DELIVERY DIRECTORATE","200333","HEO","33590","37480","Officer","<5","Project Management Delivery","YORKSHIRE AND THE HUMBER"
"Department for Environment Food & Rural Affairs","Department for Environment, Food and Rural Affairs","FINANCE DIRECTORATE","200150","HEO","33590","37480","Officer","<5","Finance","NORTH WEST"
"Department for Environment Food & Rural Affairs","Department for Environment, Food and Rural Affairs","CHANGE DELIVERY DIRECTORATE","200048","HEO","33590","37480","Officer","<5","Operational Delivery","Unknown"
"Department for Environment Food & Rural Affairs","Department for Environment, Food and Rural Affairs","MARINE AND FISHERIES DIRECTORATE","200130","HEO","33590","37480","Officer","<5","Unknown","SOUTH EAST"
"Department for Environment Food & Rural Affairs","Department for Environment, Food and Rural Affairs","EU AND INTERNATIONAL TRADE DIRECTORATE","200318","HEO","33590","37480","Officer","<5","Economic","NORTH WEST"
"Department for Environment Food & Rural Affairs","Department for Environment, Food and Rural Affairs","COMMUNICATIONS DIRECTORATE","200119","HEO","33590","37480","Officer","<5","Communications","SOUTH WEST"
"Department for Environment Food & Rural Affairs","Department for Environment, Food and Rural Affairs","FARMING DIRECTORATE - ADMIN COSTS","200119","HEO","33590","37480","Officer","<5","Communications","Unknown"
"Department for Environment Food & Rural Affairs","Department for Environment, Food and Rural Affairs","NATIONAL BIOSECURITY CENTRE DIRECTORATE","200119","HEO","33590","37480","Officer","<5","Communications","SOUTH EAST"
"Department for Environment Food & Rural Affairs","Department for Environment, Food and Rural Affairs","MARINE AND FISHERIES DIRECTORATE","200111","HEO","33590","37480","Officer","<5","Policy","EAST OF ENGLAND"
"Department for Environment Food & Rural Affairs","Department for Environment, Food and Rural Affairs","ENV QUALITY, INFRASTRUCTURE & PLANNING DIRECTORATE","200109","HEO","33590","37480","Officer","<5","Policy","NORTH WEST"
"Department for Environment Food & Rural Affairs","Department for Environment, Food and Rural Affairs","AGRI FOOD CHAIN DIRECTORATE","200107","HEO","33590","37480","Officer","<5","Policy","NORTH EAST"
"Department for Environment Food & Rural Affairs","Department for Environment, Food and Rural Affairs","EU AND INTERNATIONAL TRADE DIRECTORATE","200328","HEO","33590","37480","Officer","<5","Policy","YORKSHIRE AND THE HUMBER"
"Department for Environment Food & Rural Affairs","Department for Environment, Food and Rural Affairs","WATER AND FLOOD MANAGEMENT DIRECTORATE","200302","HEO","33590","37480","Officer","<5","Policy","EAST MIDLANDS"
"Department for Environment Food & Rural Affairs","Department for Environment, Food and Rural Affairs","MINISTERIAL, GROWTH AND RESILIENCE DIRECTORATE","200241","HEO","33590","37480","Officer","<5","Policy","EAST OF ENGLAND"
"Department for Environment Food & Rural Affairs","Department for Environment, Food and Rural Affairs","TRADE DELIVERY DIRECTORATE","200333","HEO","33590","37480","Officer","<5","Policy","WALES"
"Department for Environment Food & Rural Affairs","Department for Environment, Food and Rural Affairs","TRADE DELIVERY DIRECTORATE","200116","HEO","33590","37480","Officer","<5","Policy","YORKSHIRE AND THE HUMBER"
"Department for Environment Food & Rural Affairs","Department for Environment, Food and Rural Affairs","ANIMAL AND PLANT HEALTH DIRECTORATE","200246","HEO","33590","37480","Officer","<5","Policy","NORTH WEST"
"Department for Environment Food & Rural Affairs","Department for Environment, Food and Rural Affairs","ANIMAL AND PLANT HEALTH DIRECTORATE","200246","HEO","33590","37480","Officer","<5","Policy","EAST MIDLANDS"
"Department for Environment Food & Rural Affairs","Department for Environment, Food and Rural Affairs","FARMING DIRECTORATE - ADMIN COSTS","200020","HEO","33590","37480","Officer","<5","Policy","Unknown"
"Department for Environment Food & Rural Affairs","Department for Environment, Food and Rural Affairs","ENV QUALITY, INFRASTRUCTURE & PLANNING DIRECTORATE","200109","HEO","33590","37480","Officer","<5","Policy","Unknown"
"Department for Environment Food & Rural Affairs","Department for Environment, Food and Rural Affairs","ANIMAL AND PLANT HEALTH DIRECTORATE","200083","HEO","33590","37480","Officer","<5","Policy","Unknown"
"Department for Environment Food & Rural Affairs","Department for Environment, Food and Rural Affairs","MARINE AND FISHERIES DIRECTORATE","200289","HEO","33590","37480","Officer","<5","Policy","Unknown"
"Department for Environment Food & Rural Affairs","Department for Environment, Food and Rural Affairs","FARMING DIRECTORATE - ADMIN COSTS","200119","HEO","33590","37480","Officer","<5","Policy","Unknown"
"Department for Environment Food & Rural Affairs","Department for Environment, Food and Rural Affairs","MARINE AND FISHERIES DIRECTORATE","200088","HEO","33590","37480","Officer","<5","Policy","SOUTH WEST"
"Department for Environment Food & Rural Affairs","Department for Environment, Food and Rural Affairs","STRATEGY, GOVERNANCE & CLIMATE DIRECTORATE","200095","HEO","33590","37480","Officer","<5","Policy","SOUTH WEST"
"Department for Environment Food & Rural Affairs","Department for Environment, Food and Rural Affairs","DIGITAL, DATA, TECHNOLOGY AND SECURITY DIRECTORATE","200036","HEO","33590","37480","Officer","<5","Digital  Data and Technology","WEST MIDLANDS"
"Department for Environment Food & Rural Affairs","Department for Environment, Food and Rural Affairs","DIGITAL, DATA, TECHNOLOGY AND SECURITY DIRECTORATE","200146","HEO","33590","37480","Officer","<5","Digital  Data and Technology","YORKSHIRE AND THE HUMBER"
"Department for Environment Food & Rural Affairs","Department for Environment, Food and Rural Affairs","DIGITAL, DATA, TECHNOLOGY AND SECURITY DIRECTORATE","200234","HEO","33590","37480","Officer","<5","Digital  Data and Technology","Unknown"
"Department for Environment Food & Rural Affairs","Department for Environment, Food and Rural Affairs","DIGITAL, DATA, TECHNOLOGY AND SECURITY DIRECTORATE","200181","HEO","33590","37480","Officer","<5","Digital  Data and Technology","NORTH WEST"
"Department for Environment Food & Rural Affairs","Department for Environment, Food and Rural Affairs","DIGITAL, DATA, TECHNOLOGY AND SECURITY DIRECTORATE","200181","HEO","33590","37480","Officer","<5","Digital  Data and Technology","SCOTLAND"
"Department for Environment Food & Rural Affairs","Department for Environment, Food and Rural Affairs","DIGITAL, DATA, TECHNOLOGY AND SECURITY DIRECTORATE","200069","HEO","33590","37480","Officer","<5","Digital  Data and Technology","EAST MIDLANDS"
"Department for Environment Food & Rural Affairs","Department for Environment, Food and Rural Affairs","DIGITAL, DATA, TECHNOLOGY AND SECURITY DIRECTORATE","200161","HEO","33590","37480","Officer","<5","Project Management Delivery","SOUTH EAST"
"Department for Environment Food & Rural Affairs","Department for Environment, Food and Rural Affairs","DIGITAL, DATA, TECHNOLOGY AND SECURITY DIRECTORATE","200161","HEO","33590","37480","Officer","<5","Operational Delivery","Unknown"
"Department for Environment Food & Rural Affairs","Department for Environment, Food and Rural Affairs","DIGITAL, DATA, TECHNOLOGY AND SECURITY DIRECTORATE","200036","HEO","33590","37480","Officer","<5","Communications","Unknown"
"Department for Environment Food & Rural Affairs","Department for Environment, Food and Rural Affairs","DIGITAL, DATA, TECHNOLOGY AND SECURITY DIRECTORATE","200036","HEO","33590","37480","Officer","<5","Communications","YORKSHIRE AND THE HUMBER"
"Department for Environment Food & Rural Affairs","Department for Environment, Food and Rural Affairs","DIGITAL, DATA, TECHNOLOGY AND SECURITY DIRECTORATE","200146","HEO","33590","37480","Officer","<5","Project Management Delivery","SOUTH WEST"
"Department for Environment Food & Rural Affairs","Department for Environment, Food and Rural Affairs","DIGITAL, DATA, TECHNOLOGY AND SECURITY DIRECTORATE","200073","HEO","33590","37480","Officer","<5","Security","SOUTH EAST"
"Department for Environment Food & Rural Affairs","Department for Environment, Food and Rural Affairs","DIGITAL, DATA, TECHNOLOGY AND SECURITY DIRECTORATE","200161","HEO","33590","37480","Officer","<5","Digital  Data and Technology","YORKSHIRE AND THE HUMBER"
"Department for Environment Food & Rural Affairs","Department for Environment, Food and Rural Affairs","ANIMAL AND PLANT HEALTH DIRECTORATE","200118","HEO","33590","37480","Officer","<5","Social Research","Unknown"
"Department for Environment Food & Rural Affairs","Department for Environment, Food and Rural Affairs","FARMING DIRECTORATE - ADMIN COSTS","200062","HEO","33590","37480","Officer","<5","Unknown","YORKSHIRE AND THE HUMBER"
"Department for Environment Food & Rural Affairs","Department for Environment, Food and Rural Affairs","MARINE AND FISHERIES DIRECTORATE","200289","HEO","33590","37480","Officer","<5","Science and Engineering","YORKSHIRE AND THE HUMBER"
"Department for Environment Food & Rural Affairs","Department for Environment, Food and Rural Affairs","FINANCE DIRECTORATE","200320","HEO","33590","37480","Officer","<5","Corporate Finance","SOUTH WEST"
"Department for Environment Food & Rural Affairs","Department for Environment, Food and Rural Affairs","STRATEGY, GOVERNANCE & CLIMATE DIRECTORATE","200123","HEO","33590","37480","Officer","<5","Knowledge and Information Management","NORTH EAST"
"Department for Environment Food & Rural Affairs","Department for Environment, Food and Rural Affairs","AGRI FOOD CHAIN DIRECTORATE","200090","HEO","33590","37480","Officer","<5","Science and Engineering","YORKSHIRE AND THE HUMBER"
"Department for Environment Food & Rural Affairs","Department for Environment, Food and Rural Affairs","AGRI FOOD CHAIN DIRECTORATE","200090","HEO","33590","37480","Officer","<5","Data Analysis","NORTH WEST"
"Department for Environment Food & Rural Affairs","Department for Environment, Food and Rural Affairs","DIGITAL, DATA, TECHNOLOGY AND SECURITY DIRECTORATE","200159","HEO","33590","37480","Officer","<5","Other","NORTH WEST"
"Department for Environment Food & Rural Affairs","Department for Environment, Food and Rural Affairs","COMMUNICATIONS DIRECTORATE","200288","HEO","33590","37480","Officer","<5","Communications","EAST MIDLANDS"
"Department for Environment Food & Rural Affairs","Department for Environment, Food and Rural Affairs","STRATEGY AND WATER DG OFFICES DIRECTORATE","200239","HEO","33590","37480","Officer","<5","Unknown","WEST MIDLANDS"
"Department for Environment Food & Rural Affairs","Department for Environment, Food and Rural Affairs","INTERNATIONAL BIODIVERSITY AND CLIMATE DIRECTORATE","200287","HEO","33590","37480","Officer","<5","Operational Delivery","SOUTH WEST"
"Department for Environment Food & Rural Affairs","Department for Environment, Food and Rural Affairs","EU RESET STRATEGY & LEGISLATION DIRECTORATE","200205","HEO","33590","37480","Officer","<5","Unknown","WALES"
"Department for Environment Food & Rural Affairs","Department for Environment, Food and Rural Affairs","HUMAN RESOURCES DIRECTORATE","200296","HEO","33590","37480","Officer","<5","Data Analysis","SOUTH WEST"
"Department for Environment Food & Rural Affairs","Department for Environment, Food and Rural Affairs","FINANCE DIRECTORATE","200247","HEO","33590","37480","Officer","<5","Corporate Finance","SOUTH WEST"
"Department for Environment Food & Rural Affairs","Department for Environment, Food and Rural Affairs","FINANCE DIRECTORATE","200247","HEO","33590","37480","Officer","<5","Data Analysis","WEST MIDLANDS"
"Department for Environment Food & Rural Affairs","Department for Environment, Food and Rural Affairs","FINANCE DIRECTORATE","200247","HEO","33590","37480","Officer","<5","Finance","NORTH WEST"
"Department for Environment Food & Rural Affairs","Department for Environment, Food and Rural Affairs","HUMAN RESOURCES DIRECTORATE","200244","HEO","33590","37480","Officer","<5","Human Resources","SOUTH WEST"
"Department for Environment Food & Rural Affairs","Department for Environment, Food and Rural Affairs","ANIMAL AND PLANT HEALTH DIRECTORATE","200118","HEO","33590","37480","Officer","<5","Policy","EAST OF ENGLAND"
"Department for Environment Food & Rural Affairs","Department for Environment, Food and Rural Affairs","STRATEGY, GOVERNANCE & CLIMATE DIRECTORATE","200089","HEO","33590","37480","Officer","<5","Policy","NORTH EAST"
"Department for Environment Food & Rural Affairs","Department for Environment, Food and Rural Affairs","MARINE AND FISHERIES DIRECTORATE","200272","HEO","33590","37480","Officer","<5","Policy","SCOTLAND"
"Department for Environment Food & Rural Affairs","Department for Environment, Food and Rural Affairs","STRATEGY, GOVERNANCE & CLIMATE DIRECTORATE","200298","HEO","33590","37480","Officer","<5","Policy","Unknown"
"Department for Environment Food & Rural Affairs","Department for Environment, Food and Rural Affairs","COMMERCIAL DIRECTORATE","200270","HEO","33590","37480","Officer","<5","Unknown","NORTH WEST"
"Department for Environment Food & Rural Affairs","Department for Environment, Food and Rural Affairs","FARMING DIRECTORATE - ADMIN COSTS","200119","HEO","33590","37480","Officer","<5","Policy","SOUTH WEST"
"Department for Environment Food & Rural Affairs","Department for Environment, Food and Rural Affairs","FARMING DIRECTORATE - ADMIN COSTS","200092","HEO","33590","37480","Officer","<5","Policy","SOUTH WEST"
"Department for Environment Food & Rural Affairs","Department for Environment, Food and Rural Affairs","DEFRA GROUP PROPERTY DIRECTORATE","200049","SEO","41220","44500","Team Leader","<5","Project Management Delivery","WALES"
"Department for Environment Food & Rural Affairs","Department for Environment, Food and Rural Affairs","ANIMAL AND PLANT HEALTH DIRECTORATE","200120","G7","54470","59900","Team Manager","<5","Operational Delivery","SOUTH WEST"
"Department for Environment Food & Rural Affairs","Department for Environment, Food and Rural Affairs","FARMING DIRECTORATE - ADMIN COSTS","200129","G7","54470","59900","Team Manager","<5","Science and Engineering","Unknown"
"Department for Environment Food & Rural Affairs","Department for Environment, Food and Rural Affairs","FARMING DIRECTORATE - ADMIN COSTS","200129","G7","54470","59900","Team Manager","<5","Statistics","SOUTH WEST"
"Department for Environment Food & Rural Affairs","Department for Environment, Food and Rural Affairs","HUMAN RESOURCES DIRECTORATE","200062","G7","54470","59900","Team Manager","<5","Human Resources","NORTH EAST"
"Department for Environment Food & Rural Affairs","Department for Environment, Food and Rural Affairs","TRADE DELIVERY DIRECTORATE","200256","G7","54470","59900","Team Manager","<5","Project Management Delivery","NORTH EAST"
"Department for Environment Food & Rural Affairs","Department for Environment, Food and Rural Affairs","FINANCE DIRECTORATE","200103","G7","54470","59900","Team Manager","<5","Finance","SOUTH EAST"
"Department for Environment Food & Rural Affairs","Department for Environment, Food and Rural Affairs","MARINE AND FISHERIES DIRECTORATE","200115","G7","54470","59900","Team Manager","<5","Unknown","EAST MIDLANDS"
"Department for Environment Food & Rural Affairs","Department for Environment, Food and Rural Affairs","DEFRA GROUP PROPERTY DIRECTORATE","200313","G7","54470","59900","Team Manager","<5","Finance","YORKSHIRE AND THE HUMBER"
"Department for Environment Food & Rural Affairs","Department for Environment, Food and Rural Affairs","DEFRA GROUP PROPERTY DIRECTORATE","200313","G7","54470","59900","Team Manager","<5","Human Resources","NORTH EAST"
"Department for Environment Food & Rural Affairs","Department for Environment, Food and Rural Affairs","WATER AND FLOOD MANAGEMENT DIRECTORATE","200144","G7","54470","59900","Team Manager","<5","Risk","EAST MIDLANDS"
"Department for Environment Food & Rural Affairs","Department for Environment, Food and Rural Affairs","FARMING DIRECTORATE - ADMIN COSTS","200195","G7","54470","59900","Team Manager","<5","Other","NORTH WEST"
"Department for Environment Food & Rural Affairs","Department for Environment, Food and Rural Affairs","GCS STRATEGY, PARTNERSHIPS AND OPERATIONS DIRECTORATE","200306","G7","54470","59900","Team Manager","<5","Knowledge and Information Management","SOUTH EAST"
"Department for Environment Food & Rural Affairs","Department for Environment, Food and Rural Affairs","FINANCE DIRECTORATE","200167","G7","54470","59900","Team Manager","<5","Finance","EAST MIDLANDS"
"Department for Environment Food & Rural Affairs","Department for Environment, Food and Rural Affairs","GCS STRATEGY, PARTNERSHIPS AND OPERATIONS DIRECTORATE","200253","G7","54470","59900","Team Manager","<5","Operational Research","Unknown"
"Department for Environment Food & Rural Affairs","Department for Environment, Food and Rural Affairs","DEFRA GROUP PROPERTY DIRECTORATE","200049","G7","54470","59900","Team Manager","<5","Project Management Delivery","EAST MIDLANDS"
"Department for Environment Food & Rural Affairs","Department for Environment, Food and Rural Affairs","FINANCE DIRECTORATE","200166","G7","54470","59900","Team Manager","<5","Finance","EAST OF ENGLAND"
"Department for Environment Food & Rural Affairs","Department for Environment, Food and Rural Affairs","FINANCE DIRECTORATE","200166","G7","54470","59900","Team Manager","<5","Finance","NORTH EAST"
"Department for Environment Food & Rural Affairs","Department for Environment, Food and Rural Affairs","FINANCE DIRECTORATE","200285","G7","54470","59900","Team Manager","<5","Finance","EAST OF ENGLAND"
"Department for Environment Food & Rural Affairs","Department for Environment, Food and Rural Affairs","SCIENCE DIRECTORATE","200112","G7","54470","59900","Team Manager","<5","Science and Engineering","SOUTH WEST"
"Department for Environment Food & Rural Affairs","Department for Environment, Food and Rural Affairs","COMMUNICATIONS DIRECTORATE","200119","G7","54470","59900","Team Manager","<5","Communications","EAST MIDLANDS"
"Department for Environment Food & Rural Affairs","Department for Environment, Food and Rural Affairs","FARMING DIRECTORATE - ADMIN COSTS","200129","G7","54470","59900","Team Manager","<5","Economic","YORKSHIRE AND THE HUMBER"
"Department for Environment Food & Rural Affairs","Department for Environment, Food and Rural Affairs","CIRCULAR ECONOMY DIRECTORATE","200232","G7","54470","59900","Team Manager","<5","Statistics","YORKSHIRE AND THE HUMBER"
"Department for Environment Food & Rural Affairs","Department for Environment, Food and Rural Affairs","CIRCULAR ECONOMY DIRECTORATE","200232","G7","54470","59900","Team Manager","<5","Digital  Data and Technology","NORTH EAST"
"Department for Environment Food & Rural Affairs","Department for Environment, Food and Rural Affairs","EU AND INTERNATIONAL TRADE DIRECTORATE","200317","G7","54470","59900","Team Manager","<5","Operational Research","SOUTH WEST"
"Department for Environment Food & Rural Affairs","Department for Environment, Food and Rural Affairs","EU AND INTERNATIONAL TRADE DIRECTORATE","200317","G7","54470","59900","Team Manager","<5","Social Research","NORTHERN IRELAND"
"Department for Environment Food & Rural Affairs","Department for Environment, Food and Rural Affairs","ANALYSIS DIRECTORATE","200070","G7","54470","59900","Team Manager","<5","Science and Engineering","SOUTH EAST"
"Department for Environment Food & Rural Affairs","Department for Environment, Food and Rural Affairs","TRADE DELIVERY DIRECTORATE","200161","G7","54470","59900","Team Manager","<5","Digital  Data and Technology","WEST MIDLANDS"
"Department for Environment Food & Rural Affairs","Department for Environment, Food and Rural Affairs","TRADE DELIVERY DIRECTORATE","200161","G7","54470","59900","Team Manager","<5","Project Management Delivery","NORTH WEST"
"Department for Environment Food & Rural Affairs","Department for Environment, Food and Rural Affairs","ANIMAL AND PLANT HEALTH DIRECTORATE","200118","G7","54470","59900","Team Manager","<5","Project Management Delivery","YORKSHIRE AND THE HUMBER"
"Department for Environment Food & Rural Affairs","Department for Environment, Food and Rural Affairs","CIRCULAR ECONOMY DIRECTORATE","200227","G7","54470","59900","Team Manager","<5","Project Management Delivery","WALES"
"Department for Environment Food & Rural Affairs","Department for Environment, Food and Rural Affairs","CIRCULAR ECONOMY DIRECTORATE","200227","G7","54470","59900","Team Manager","<5","Operational Delivery","SOUTH WEST"
"Department for Environment Food & Rural Affairs","Department for Environment, Food and Rural Affairs","FINANCE DIRECTORATE","200103","G7","54470","59900","Team Manager","<5","Tax","EAST OF ENGLAND"
"Department for Environment Food & Rural Affairs","Department for Environment, Food and Rural Affairs","FINANCE DIRECTORATE","200103","G7","54470","59900","Team Manager","<5","Finance","EAST MIDLANDS"
"Department for Environment Food & Rural Affairs","Department for Environment, Food and Rural Affairs","MARINE AND FISHERIES DIRECTORATE","200111","G7","54470","59900","Team Manager","<5","Unknown","NORTH EAST"
"Department for Environment Food & Rural Affairs","Department for Environment, Food and Rural Affairs","HUMAN RESOURCES DIRECTORATE","200173","G7","54470","59900","Team Manager","<5","Human Resources","EAST OF ENGLAND"
"Department for Environment Food & Rural Affairs","Department for Environment, Food and Rural Affairs","HUMAN RESOURCES DIRECTORATE","200173","G7","54470","59900","Team Manager","<5","Human Resources","SOUTH EAST"
"Department for Environment Food & Rural Affairs","Department for Environment, Food and Rural Affairs","DEFRA GROUP PROPERTY DIRECTORATE","200300","G7","54470","59900","Team Manager","<5","Property","NORTH WEST"
"Department for Environment Food & Rural Affairs","Department for Environment, Food and Rural Affairs","MARINE AND FISHERIES DIRECTORATE","200289","G7","54470","59900","Team Manager","<5","Unknown","SOUTH WEST"
"Department for Environment Food & Rural Affairs","Department for Environment, Food and Rural Affairs","MARINE AND FISHERIES DIRECTORATE","200289","G7","54470","59900","Team Manager","<5","Science and Engineering","SOUTH WEST"
"Department for Environment Food & Rural Affairs","Department for Environment, Food and Rural Affairs","ANALYSIS DIRECTORATE","200060","G7","54470","59900","Team Manager","<5","Science and Engineering","SOUTH EAST"
"Department for Environment Food & Rural Affairs","Department for Environment, Food and Rural Affairs","ANALYSIS DIRECTORATE","200060","G7","54470","59900","Team Manager","<5","Project Management Delivery","Unknown"
"Department for Environment Food & Rural Affairs","Department for Environment, Food and Rural Affairs","FINANCE DIRECTORATE","200168","G7","54470","59900","Team Manager","<5","Finance","NORTH WEST"
"Department for Environment Food & Rural Affairs","Department for Environment, Food and Rural Affairs","TRADE DELIVERY DIRECTORATE","200185","G7","54470","59900","Team Manager","<5","Project Management Delivery","YORKSHIRE AND THE HUMBER"
"Department for Environment Food & Rural Affairs","Department for Environment, Food and Rural Affairs","SCIENCE DIRECTORATE","200297","G7","54470","59900","Team Manager","<5","Science and Engineering","SOUTH EAST"
"Department for Environment Food & Rural Affairs","Department for Environment, Food and Rural Affairs","FINANCE DIRECTORATE","200320","G7","54470","59900","Team Manager","<5","Finance","WEST MIDLANDS"
"Department for Environment Food & Rural Affairs","Department for Environment, Food and Rural Affairs","FINANCE DIRECTORATE","200320","G7","54470","59900","Team Manager","<5","Corporate Finance","YORKSHIRE AND THE HUMBER"
"Department for Environment Food & Rural Affairs","Department for Environment, Food and Rural Affairs","CIRCULAR ECONOMY DIRECTORATE","200293","G7","54470","59900","Team Manager","<5","Unknown","YORKSHIRE AND THE HUMBER"
"Department for Environment Food & Rural Affairs","Department for Environment, Food and Rural Affairs","AGRI FOOD CHAIN DIRECTORATE","200090","G7","54470","59900","Team Manager","<5","Social Research","Unknown"
"Department for Environment Food & Rural Affairs","Department for Environment, Food and Rural Affairs","OFFICIAL DEVELOPMENT ASSISTANCE DIRECTORATE","200263","G7","54470","59900","Team Manager","<5","Project Management Delivery","Unknown"
"Department for Environment Food & Rural Affairs","Department for Environment, Food and Rural Affairs","DEFRA GROUP PROPERTY DIRECTORATE","200277","G7","54470","59900","Team Manager","<5","Property","NORTH WEST"
"Department for Environment Food & Rural Affairs","Department for Environment, Food and Rural Affairs","DEFRA GROUP PROPERTY DIRECTORATE","200277","G7","54470","59900","Team Manager","<5","Operational Delivery","NORTH EAST"
"Department for Environment Food & Rural Affairs","Department for Environment, Food and Rural Affairs","WATER AND FLOOD MANAGEMENT DIRECTORATE","200008","G7","54470","59900","Team Manager","<5","Unknown","EAST MIDLANDS"
"Department for Environment Food & Rural Affairs","Department for Environment, Food and Rural Affairs","BIODIVERSITY, LAND USE & INVESTMENT DIRECTORATE","200040","G7","54470","59900","Team Manager","<5","Project Management Delivery","SOUTH WEST"
"Department for Environment Food & Rural Affairs","Department for Environment, Food and Rural Affairs","BIODIVERSITY, LAND USE & INVESTMENT DIRECTORATE","200040","G7","54470","59900","Team Manager","<5","Unknown","SOUTH WEST"
"Department for Environment Food & Rural Affairs","Department for Environment, Food and Rural Affairs","PORTFOLIO DIRECTORATE","200220","G7","54470","59900","Team Manager","<5","Statistics","SOUTH WEST"
"Department for Environment Food & Rural Affairs","Department for Environment, Food and Rural Affairs","BIODIVERSITY, LAND USE & INVESTMENT DIRECTORATE","200269","G7","54470","59900","Team Manager","<5","Economic","SOUTH WEST"
"Department for Environment Food & Rural Affairs","Department for Environment, Food and Rural Affairs","BIODIVERSITY, LAND USE & INVESTMENT DIRECTORATE","200269","G7","54470","59900","Team Manager","<5","Unknown","NORTH EAST"
"Department for Environment Food & Rural Affairs","Department for Environment, Food and Rural Affairs","MINISTERIAL, GROWTH AND RESILIENCE DIRECTORATE","200241","G7","54470","59900","Team Manager","<5","Other","SCOTLAND"
"Department for Environment Food & Rural Affairs","Department for Environment, Food and Rural Affairs","FINANCE DIRECTORATE","200170","G7","54470","59900","Team Manager","<5","Corporate Finance","Unknown"
"Department for Environment Food & Rural Affairs","Department for Environment, Food and Rural Affairs","CHANGE DELIVERY DIRECTORATE","200204","G7","54470","59900","Team Manager","<5","Unknown","NORTH WEST"
"Department for Environment Food & Rural Affairs","Department for Environment, Food and Rural Affairs","CHANGE DELIVERY DIRECTORATE","200204","G7","54470","59900","Team Manager","<5","Unknown","EAST MIDLANDS"
"Department for Environment Food & Rural Affairs","Department for Environment, Food and Rural Affairs","WATER AND FLOOD MANAGEMENT DIRECTORATE","200145","G7","54470","59900","Team Manager","<5","Unknown","YORKSHIRE AND THE HUMBER"
"Department for Environment Food & Rural Affairs","Department for Environment, Food and Rural Affairs","HUMAN RESOURCES DIRECTORATE","200324","G7","54470","59900","Team Manager","<5","Human Resources","NORTH EAST"
"Department for Environment Food & Rural Affairs","Department for Environment, Food and Rural Affairs","ANALYSIS DIRECTORATE","200282","G7","54470","59900","Team Manager","<5","Unknown","SOUTH WEST"
"Department for Environment Food & Rural Affairs","Department for Environment, Food and Rural Affairs","FINANCE DIRECTORATE","200285","G7","54470","59900","Team Manager","<5","Finance","YORKSHIRE AND THE HUMBER"
"Department for Environment Food & Rural Affairs","Department for Environment, Food and Rural Affairs","HUMAN RESOURCES DIRECTORATE","200235","G7","54470","59900","Team Manager","<5","Unknown","YORKSHIRE AND THE HUMBER"
"Department for Environment Food & Rural Affairs","Department for Environment, Food and Rural Affairs","HUMAN RESOURCES DIRECTORATE","200235","G7","54470","59900","Team Manager","<5","Human Resources","SOUTH EAST"
"Department for Environment Food & Rural Affairs","Department for Environment, Food and Rural Affairs","ENV QUALITY, INFRASTRUCTURE & PLANNING DIRECTORATE","200217","G7","54470","59900","Team Manager","<5","Unknown","YORKSHIRE AND THE HUMBER"
"Department for Environment Food & Rural Affairs","Department for Environment, Food and Rural Affairs","ANALYSIS DIRECTORATE","200281","G7","54470","59900","Team Manager","<5","Operational Research","SOUTH WEST"
"Department for Environment Food & Rural Affairs","Department for Environment, Food and Rural Affairs","HUMAN RESOURCES DIRECTORATE","200296","G7","54470","59900","Team Manager","<5","Unknown","EAST MIDLANDS"
"Department for Environment Food & Rural Affairs","Department for Environment, Food and Rural Affairs","HUMAN RESOURCES DIRECTORATE","200296","G7","54470","59900","Team Manager","<5","Unknown","NORTH WEST"
"Department for Environment Food & Rural Affairs","Department for Environment, Food and Rural Affairs","FINANCE DIRECTORATE","200247","G7","54470","59900","Team Manager","<5","Knowledge and Information Management","Unknown"
"Department for Environment Food & Rural Affairs","Department for Environment, Food and Rural Affairs","FINANCE DIRECTORATE","200150","G7","54470","59900","Team Manager","<5","Risk","WALES"
"Department for Environment Food & Rural Affairs","Department for Environment, Food and Rural Affairs","FINANCE DIRECTORATE","200150","G7","54470","59900","Team Manager","<5","Counter Fraud","SOUTH WEST"
"Department for Environment Food & Rural Affairs","Department for Environment, Food and Rural Affairs","PEPR DIRECTORATE","200238","G7","54470","59900","Team Manager","<5","Commercial and Procurement","SOUTH WEST"
"Department for Environment Food & Rural Affairs","Department for Environment, Food and Rural Affairs","HUMAN RESOURCES DIRECTORATE","200312","G7","54470","59900","Team Manager","<5","Human Resources","WEST MIDLANDS"
"Department for Environment Food & Rural Affairs","Department for Environment, Food and Rural Affairs","HUMAN RESOURCES DIRECTORATE","200312","G7","54470","59900","Team Manager","<5","Human Resources","YORKSHIRE AND THE HUMBER"
"Department for Environment Food & Rural Affairs","Department for Environment, Food and Rural Affairs","HUMAN RESOURCES DIRECTORATE","200283","G7","54470","59900","Team Manager","<5","Human Resources","SOUTH WEST"
"Department for Environment Food & Rural Affairs","Department for Environment, Food and Rural Affairs","BIODIVERSITY, LAND USE & INVESTMENT DIRECTORATE","200124","G7","54470","59900","Team Manager","<5","Policy","NORTH EAST"
"Department for Environment Food & Rural Affairs","Department for Environment, Food and Rural Affairs","ENV QUALITY, INFRASTRUCTURE & PLANNING DIRECTORATE","200135","G7","54470","59900","Team Manager","<5","Policy","YORKSHIRE AND THE HUMBER"
"Department for Environment Food & Rural Affairs","Department for Environment, Food and Rural Affairs","CIRCULAR ECONOMY DIRECTORATE","200147","G7","54470","59900","Team Manager","<5","Policy","NORTH EAST"
"Department for Environment Food & Rural Affairs","Department for Environment, Food and Rural Affairs","OFFICIAL DEVELOPMENT ASSISTANCE DIRECTORATE","200134","G7","54470","59900","Team Manager","<5","Policy","NORTH EAST"
"Department for Environment Food & Rural Affairs","Department for Environment, Food and Rural Affairs","CIRCULAR ECONOMY DIRECTORATE","200293","G7","54470","59900","Team Manager","<5","Policy","NORTH EAST"
"Department for Environment Food & Rural Affairs","Department for Environment, Food and Rural Affairs","WATER AND FLOOD MANAGEMENT DIRECTORATE","200008","G7","54470","59900","Team Manager","<5","Policy","EAST OF ENGLAND"
"Department for Environment Food & Rural Affairs","Department for Environment, Food and Rural Affairs","PEPR DIRECTORATE","200329","G7","54470","59900","Team Manager","<5","Policy","NORTH EAST"
"Department for Environment Food & Rural Affairs","Department for Environment, Food and Rural Affairs","FOOD FARMING AND BIOSECURITY DG OFFICE DIRECTORATE","200268","G7","54470","59900","Team Manager","<5","Policy","NORTH WEST"
"Department for Environment Food & Rural Affairs","Department for Environment, Food and Rural Affairs","FOOD FARMING AND BIOSECURITY DG OFFICE DIRECTORATE","200268","G7","54470","59900","Team Manager","<5","Policy","YORKSHIRE AND THE HUMBER"
"Department for Environment Food & Rural Affairs","Department for Environment, Food and Rural Affairs","GROUP STRATEGY DIRECTORATE","200208","G7","54470","59900","Team Manager","<5","Policy","SCOTLAND"
"Department for Environment Food & Rural Affairs","Department for Environment, Food and Rural Affairs","OFFICIAL DEVELOPMENT ASSISTANCE DIRECTORATE","200025","G7","54470","59900","Team Manager","<5","Policy","Unknown"
"Department for Environment Food & Rural Affairs","Department for Environment, Food and Rural Affairs","EU RESET STRATEGY & LEGISLATION DIRECTORATE","200335","G7","54470","59900","Team Manager","<5","Policy","Unknown"
"Department for Environment Food & Rural Affairs","Department for Environment, Food and Rural Affairs","ENV QUALITY, INFRASTRUCTURE & PLANNING DIRECTORATE","200134","G7","54470","59900","Team Manager","<5","Policy","SOUTH WEST"
"Department for Environment Food & Rural Affairs","Department for Environment, Food and Rural Affairs","ENV QUALITY, INFRASTRUCTURE & PLANNING DIRECTORATE","200131","G7","54470","59900","Team Manager","<5","Policy","SOUTH WEST"
"Department for Environment Food & Rural Affairs","Department for Environment, Food and Rural Affairs","CIRCULAR ECONOMY DIRECTORATE","200026","G7","54470","59900","Team Manager","<5","Policy","SOUTH WEST"
"Department for Environment Food & Rural Affairs","Department for Environment, Food and Rural Affairs","DIGITAL, DATA, TECHNOLOGY AND SECURITY DIRECTORATE","200036","G7","54470","59900","Team Manager","<5","Digital  Data and Technology","NORTH EAST"
"Department for Environment Food & Rural Affairs","Department for Environment, Food and Rural Affairs","DIGITAL, DATA, TECHNOLOGY AND SECURITY DIRECTORATE","200304","G7","54470","59900","Team Manager","<5","Digital  Data and Technology","YORKSHIRE AND THE HUMBER"
"Department for Environment Food & Rural Affairs","Department for Environment, Food and Rural Affairs","DIGITAL, DATA, TECHNOLOGY AND SECURITY DIRECTORATE","200234","G7","54470","59900","Team Manager","<5","Digital  Data and Technology","SOUTH EAST"
"Department for Environment Food & Rural Affairs","Department for Environment, Food and Rural Affairs","DIGITAL, DATA, TECHNOLOGY AND SECURITY DIRECTORATE","200181","G7","54470","59900","Team Manager","<5","Digital  Data and Technology","NORTH EAST"
"Department for Environment Food & Rural Affairs","Department for Environment, Food and Rural Affairs","DIGITAL, DATA, TECHNOLOGY AND SECURITY DIRECTORATE","200181","G7","54470","59900","Team Manager","<5","Digital  Data and Technology","EAST MIDLANDS"
"Department for Environment Food & Rural Affairs","Department for Environment, Food and Rural Affairs","DIGITAL, DATA, TECHNOLOGY AND SECURITY DIRECTORATE","200161","G7","54470","59900","Team Manager","<5","Human Resources","SOUTH WEST"
"Department for Environment Food & Rural Affairs","Department for Environment, Food and Rural Affairs","DIGITAL, DATA, TECHNOLOGY AND SECURITY DIRECTORATE","200161","G7","54470","59900","Team Manager","<5","Operational Delivery","Unknown"
"Department for Environment Food & Rural Affairs","Department for Environment, Food and Rural Affairs","DIGITAL, DATA, TECHNOLOGY AND SECURITY DIRECTORATE","200036","G7","54470","59900","Team Manager","<5","Communications","EAST MIDLANDS"
"Department for Environment Food & Rural Affairs","Department for Environment, Food and Rural Affairs","DIGITAL, DATA, TECHNOLOGY AND SECURITY DIRECTORATE","200334","G7","54470","59900","Team Manager","<5","Security","SOUTH EAST"
"Department for Environment Food & Rural Affairs","Department for Environment, Food and Rural Affairs","DIGITAL, DATA, TECHNOLOGY AND SECURITY DIRECTORATE","200159","G7","54470","59900","Team Manager","<5","Human Resources","WEST MIDLANDS"
"Department for Environment Food & Rural Affairs","Department for Environment, Food and Rural Affairs","DIGITAL, DATA, TECHNOLOGY AND SECURITY DIRECTORATE","200159","G7","54470","59900","Team Manager","<5","Operational Delivery","SOUTH WEST"
"Department for Environment Food & Rural Affairs","Department for Environment, Food and Rural Affairs","DIGITAL, DATA, TECHNOLOGY AND SECURITY DIRECTORATE","200159","G7","54470","59900","Team Manager","<5","Risk","YORKSHIRE AND THE HUMBER"
"Department for Environment Food & Rural Affairs","Department for Environment, Food and Rural Affairs","DIGITAL, DATA, TECHNOLOGY AND SECURITY DIRECTORATE","200304","G7","54470","59900","Team Manager","<5","Unknown","SOUTH WEST"
"Department for Environment Food & Rural Affairs","Department for Environment, Food and Rural Affairs","DEFRA GROUP PROPERTY DIRECTORATE","200078","G7","54470","59900","Team Manager","<5","Property","YORKSHIRE AND THE HUMBER"
"Department for Environment Food & Rural Affairs","Department for Environment, Food and Rural Affairs","WATER AND FLOOD MANAGEMENT DIRECTORATE","200311","G7","54470","59900","Team Manager","<5","Science and Engineering","Unknown"
"Department for Environment Food & Rural Affairs","Department for Environment, Food and Rural Affairs","GROUP STRATEGY DIRECTORATE","200155","G7","54470","59900","Team Manager","<5","Science and Engineering","YORKSHIRE AND THE HUMBER"
"Department for Environment Food & Rural Affairs","Department for Environment, Food and Rural Affairs","MARINE AND FISHERIES DIRECTORATE","200098","G7","54470","59900","Team Manager","<5","Finance","NORTH EAST"
"Department for Environment Food & Rural Affairs","Department for Environment, Food and Rural Affairs","ANIMAL AND PLANT HEALTH DIRECTORATE","200004","G7","54470","59900","Team Manager","<5","Social Research","YORKSHIRE AND THE HUMBER"
"Department for Environment Food & Rural Affairs","Department for Environment, Food and Rural Affairs","DEFRA GROUP PROPERTY DIRECTORATE","200189","G7","54470","59900","Team Manager","<5","Project Management Delivery","Unknown"
"Department for Environment Food & Rural Affairs","Department for Environment, Food and Rural Affairs","HUMAN RESOURCES DIRECTORATE","200244","G7","54470","59900","Team Manager","<5","Human Resources","SOUTH WEST"
"Department for Environment Food & Rural Affairs","Department for Environment, Food and Rural Affairs","PEPR DIRECTORATE","200238","G7","54470","59900","Team Manager","<5","Unknown","NORTHERN IRELAND"
"Department for Environment Food & Rural Affairs","Department for Environment, Food and Rural Affairs","SCIENCE DIRECTORATE","200112","G7","54470","59900","Team Manager","<5","Unknown","SOUTH WEST"
"Department for Environment Food & Rural Affairs","Department for Environment, Food and Rural Affairs","COMMUNICATIONS DIRECTORATE","200119","G7","54470","59900","Team Manager","<5","Communications","WEST MIDLANDS"
"Department for Environment Food & Rural Affairs","Department for Environment, Food and Rural Affairs","STRATEGY, GOVERNANCE & CLIMATE DIRECTORATE","200095","G7","54470","59900","Team Manager","<5","Policy","NORTH WEST"
"Department for Environment Food & Rural Affairs","Department for Environment, Food and Rural Affairs","CHANGE DELIVERY DIRECTORATE","200048","G7","54470","59900","Team Manager","<5","Policy","NORTH EAST"
"Department for Environment Food & Rural Affairs","Department for Environment, Food and Rural Affairs","COMMERCIAL DIRECTORATE","200270","G7","54470","59900","Team Manager","<5","Commercial and Procurement","YORKSHIRE AND THE HUMBER"
"Department for Environment Food & Rural Affairs","Department for Environment, Food and Rural Affairs","COMMERCIAL DIRECTORATE","200270","G7","54470","59900","Team Manager","<5","Unknown","Unknown"
"Department for Environment Food & Rural Affairs","Department for Environment, Food and Rural Affairs","DEFRA GROUP PROPERTY DIRECTORATE","200203","G7","54470","59900","Team Manager","<5","Property","Unknown"
"Department for Environment Food & Rural Affairs","Department for Environment, Food and Rural Affairs","ANIMAL AND PLANT HEALTH DIRECTORATE","200120","SEO","41220","44500","Team Leader","<5","Project Management Delivery","SOUTH WEST"
"Department for Environment Food & Rural Affairs","Department for Environment, Food and Rural Affairs","WATER AND FLOOD MANAGEMENT DIRECTORATE","200311","SEO","41220","44500","Team Leader","<5","Science and Engineering","Unknown"
"Department for Environment Food & Rural Affairs","Department for Environment, Food and Rural Affairs","WATER AND FLOOD MANAGEMENT DIRECTORATE","200311","SEO","41220","44500","Team Leader","<5","Unknown","YORKSHIRE AND THE HUMBER"
"Department for Environment Food & Rural Affairs","Department for Environment, Food and Rural Affairs","WATER AND FLOOD MANAGEMENT DIRECTORATE","200311","SEO","41220","44500","Team Leader","<5","Data Analysis","SOUTH WEST"
"Department for Environment Food & Rural Affairs","Department for Environment, Food and Rural Affairs","FARMING DIRECTORATE - ADMIN COSTS","200129","SEO","41220","44500","Team Leader","<5","Unknown","Unknown"
"Department for Environment Food & Rural Affairs","Department for Environment, Food and Rural Affairs","FARMING DIRECTORATE - ADMIN COSTS","200129","SEO","41220","44500","Team Leader","<5","Social Research","Unknown"
"Department for Environment Food & Rural Affairs","Department for Environment, Food and Rural Affairs","CIRCULAR ECONOMY DIRECTORATE","200232","SEO","41220","44500","Team Leader","<5","Unknown","YORKSHIRE AND THE HUMBER"
"Department for Environment Food & Rural Affairs","Department for Environment, Food and Rural Affairs","CIRCULAR ECONOMY DIRECTORATE","200232","SEO","41220","44500","Team Leader","<5","Unknown","NORTH EAST"
"Department for Environment Food & Rural Affairs","Department for Environment, Food and Rural Affairs","CIRCULAR ECONOMY DIRECTORATE","200232","SEO","41220","44500","Team Leader","<5","Statistics","SOUTH WEST"
"Department for Environment Food & Rural Affairs","Department for Environment, Food and Rural Affairs","ANIMAL AND PLANT HEALTH DIRECTORATE","200118","SEO","41220","44500","Team Leader","<5","Project Management Delivery","YORKSHIRE AND THE HUMBER"
"Department for Environment Food & Rural Affairs","Department for Environment, Food and Rural Affairs","HUMAN RESOURCES DIRECTORATE","200062","SEO","41220","44500","Team Leader","<5","Human Resources","NORTH WEST"
"Department for Environment Food & Rural Affairs","Department for Environment, Food and Rural Affairs","DEFRA GROUP PROPERTY DIRECTORATE","200313","SEO","41220","44500","Team Leader","<5","Property","NORTH WEST"
"Department for Environment Food & Rural Affairs","Department for Environment, Food and Rural Affairs","ANIMAL AND PLANT HEALTH DIRECTORATE","200089","SEO","41220","44500","Team Leader","<5","Project Management Delivery","SCOTLAND"
"Department for Environment Food & Rural Affairs","Department for Environment, Food and Rural Affairs","ENV QUALITY, INFRASTRUCTURE & PLANNING DIRECTORATE","200109","SEO","41220","44500","Team Leader","<5","Economic","SOUTH WEST"
"Department for Environment Food & Rural Affairs","Department for Environment, Food and Rural Affairs","DEFRA GROUP PROPERTY DIRECTORATE","200300","SEO","41220","44500","Team Leader","<5","Other","NORTH WEST"
"Department for Environment Food & Rural Affairs","Department for Environment, Food and Rural Affairs","AGRI FOOD CHAIN DIRECTORATE","200107","SEO","41220","44500","Team Leader","<5","Science and Engineering","SOUTH WEST"
"Department for Environment Food & Rural Affairs","Department for Environment, Food and Rural Affairs","MARINE AND FISHERIES DIRECTORATE","200289","SEO","41220","44500","Team Leader","<5","Economic","SOUTH WEST"
"Department for Environment Food & Rural Affairs","Department for Environment, Food and Rural Affairs","MARINE AND FISHERIES DIRECTORATE","200289","SEO","41220","44500","Team Leader","<5","Social Research","SOUTH WEST"
"Department for Environment Food & Rural Affairs","Department for Environment, Food and Rural Affairs","MARINE AND FISHERIES DIRECTORATE","200289","SEO","41220","44500","Team Leader","<5","Unknown","SOUTH WEST"
"Department for Environment Food & Rural Affairs","Department for Environment, Food and Rural Affairs","MARINE AND FISHERIES DIRECTORATE","200289","SEO","41220","44500","Team Leader","<5","Social Research","YORKSHIRE AND THE HUMBER"
"Department for Environment Food & Rural Affairs","Department for Environment, Food and Rural Affairs","ANALYSIS DIRECTORATE","200060","SEO","41220","44500","Team Leader","<5","Unknown","SOUTH WEST"
"Department for Environment Food & Rural Affairs","Department for Environment, Food and Rural Affairs","FARMING DIRECTORATE - ADMIN COSTS","200195","SEO","41220","44500","Team Leader","<5","Project Management Delivery","SOUTH WEST"
"Department for Environment Food & Rural Affairs","Department for Environment, Food and Rural Affairs","FARMING DIRECTORATE - ADMIN COSTS","200195","SEO","41220","44500","Team Leader","<5","Unknown","YORKSHIRE AND THE HUMBER"
"Department for Environment Food & Rural Affairs","Department for Environment, Food and Rural Affairs","FINANCE DIRECTORATE","200168","SEO","41220","44500","Team Leader","<5","Finance","NORTH WEST"
"Department for Environment Food & Rural Affairs","Department for Environment, Food and Rural Affairs","FINANCE DIRECTORATE","200168","SEO","41220","44500","Team Leader","<5","Counter Fraud","NORTH WEST"
"Department for Environment Food & Rural Affairs","Department for Environment, Food and Rural Affairs","FINANCE DIRECTORATE","200168","SEO","41220","44500","Team Leader","<5","Corporate Finance","NORTH EAST"
"Department for Environment Food & Rural Affairs","Department for Environment, Food and Rural Affairs","TRADE DELIVERY DIRECTORATE","200185","SEO","41220","44500","Team Leader","<5","Project Management Delivery","YORKSHIRE AND THE HUMBER"
"Department for Environment Food & Rural Affairs","Department for Environment, Food and Rural Affairs","EU AND INTERNATIONAL TRADE DIRECTORATE","200047","SEO","41220","44500","Team Leader","<5","International Trade and Negotiation","Unknown"
"Department for Environment Food & Rural Affairs","Department for Environment, Food and Rural Affairs","GCS STRATEGY, PARTNERSHIPS AND OPERATIONS DIRECTORATE","200306","SEO","41220","44500","Team Leader","<5","Unknown","Unknown"
"Department for Environment Food & Rural Affairs","Department for Environment, Food and Rural Affairs","GCS STRATEGY, PARTNERSHIPS AND OPERATIONS DIRECTORATE","200306","SEO","41220","44500","Team Leader","<5","Digital  Data and Technology","SOUTH WEST"
"Department for Environment Food & Rural Affairs","Department for Environment, Food and Rural Affairs","STRATEGY, GOVERNANCE & CLIMATE DIRECTORATE","200014","SEO","41220","44500","Team Leader","<5","Geography","SOUTH WEST"
"Department for Environment Food & Rural Affairs","Department for Environment, Food and Rural Affairs","STRATEGY, GOVERNANCE & CLIMATE DIRECTORATE","200014","SEO","41220","44500","Team Leader","<5","Statistics","WEST MIDLANDS"
"Department for Environment Food & Rural Affairs","Department for Environment, Food and Rural Affairs","ENV QUALITY, INFRASTRUCTURE & PLANNING DIRECTORATE","200134","SEO","41220","44500","Team Leader","<5","Science and Engineering","WALES"
"Department for Environment Food & Rural Affairs","Department for Environment, Food and Rural Affairs","OFFICIAL DEVELOPMENT ASSISTANCE DIRECTORATE","200134","SEO","41220","44500","Team Leader","<5","Project Management Delivery","EAST MIDLANDS"
"Department for Environment Food & Rural Affairs","Department for Environment, Food and Rural Affairs","ENV QUALITY, INFRASTRUCTURE & PLANNING DIRECTORATE","200134","SEO","41220","44500","Team Leader","<5","Science and Engineering","Unknown"
"Department for Environment Food & Rural Affairs","Department for Environment, Food and Rural Affairs","SCIENCE DIRECTORATE","200297","SEO","41220","44500","Team Leader","<5","Unknown","YORKSHIRE AND THE HUMBER"
"Department for Environment Food & Rural Affairs","Department for Environment, Food and Rural Affairs","CIRCULAR ECONOMY DIRECTORATE","200293","SEO","41220","44500","Team Leader","<5","Unknown","Unknown"
"Department for Environment Food & Rural Affairs","Department for Environment, Food and Rural Affairs","STRATEGY, GOVERNANCE & CLIMATE DIRECTORATE","200123","SEO","41220","44500","Team Leader","<5","Project Management Delivery","EAST MIDLANDS"
"Department for Environment Food & Rural Affairs","Department for Environment, Food and Rural Affairs","TRADE DELIVERY DIRECTORATE","200214","SEO","41220","44500","Team Leader","<5","Statistics","NORTH WEST"
"Department for Environment Food & Rural Affairs","Department for Environment, Food and Rural Affairs","TRADE DELIVERY DIRECTORATE","200214","SEO","41220","44500","Team Leader","<5","Unknown","SOUTH WEST"
"Department for Environment Food & Rural Affairs","Department for Environment, Food and Rural Affairs","AGRI FOOD CHAIN DIRECTORATE","200090","SEO","41220","44500","Team Leader","<5","Science and Engineering","EAST OF ENGLAND"
"Department for Environment Food & Rural Affairs","Department for Environment, Food and Rural Affairs","AGRI FOOD CHAIN DIRECTORATE","200090","SEO","41220","44500","Team Leader","<5","Data Analysis","YORKSHIRE AND THE HUMBER"
"Department for Environment Food & Rural Affairs","Department for Environment, Food and Rural Affairs","AGRI FOOD CHAIN DIRECTORATE","200090","SEO","41220","44500","Team Leader","<5","Social Research","EAST MIDLANDS"
"Department for Environment Food & Rural Affairs","Department for Environment, Food and Rural Affairs","AGRI FOOD CHAIN DIRECTORATE","200090","SEO","41220","44500","Team Leader","<5","Science and Engineering","SOUTH WEST"
"Department for Environment Food & Rural Affairs","Department for Environment, Food and Rural Affairs","OFFICIAL DEVELOPMENT ASSISTANCE DIRECTORATE","200263","SEO","41220","44500","Team Leader","<5","Project Management Delivery","Unknown"
"Department for Environment Food & Rural Affairs","Department for Environment, Food and Rural Affairs","DEFRA GROUP PROPERTY DIRECTORATE","200277","SEO","41220","44500","Team Leader","<5","Property","SOUTH WEST"
"Department for Environment Food & Rural Affairs","Department for Environment, Food and Rural Affairs","GCS STRATEGY, PARTNERSHIPS AND OPERATIONS DIRECTORATE","200325","SEO","41220","44500","Team Leader","<5","Project Management Delivery","WALES"
"Department for Environment Food & Rural Affairs","Department for Environment, Food and Rural Affairs","EU AND INTERNATIONAL TRADE DIRECTORATE","200105","SEO","41220","44500","Team Leader","<5","International Trade and Negotiation","SOUTH WEST"
"Department for Environment Food & Rural Affairs","Department for Environment, Food and Rural Affairs","STRATEGY AND WATER DG OFFICES DIRECTORATE","200239","SEO","41220","44500","Team Leader","<5","Digital  Data and Technology","YORKSHIRE AND THE HUMBER"
"Department for Environment Food & Rural Affairs","Department for Environment, Food and Rural Affairs","STRATEGY, GOVERNANCE & CLIMATE DIRECTORATE","200298","SEO","41220","44500","Team Leader","<5","Unknown","YORKSHIRE AND THE HUMBER"
"Department for Environment Food & Rural Affairs","Department for Environment, Food and Rural Affairs","PORTFOLIO DIRECTORATE","200220","SEO","41220","44500","Team Leader","<5","Operational Research","SOUTH WEST"
"Department for Environment Food & Rural Affairs","Department for Environment, Food and Rural Affairs","GROUP STRATEGY DIRECTORATE","200220","SEO","41220","44500","Team Leader","<5","Data Analysis","NORTH EAST"
"Department for Environment Food & Rural Affairs","Department for Environment, Food and Rural Affairs","GCS STRATEGY, PARTNERSHIPS AND OPERATIONS DIRECTORATE","200253","SEO","41220","44500","Team Leader","<5","Digital  Data and Technology","YORKSHIRE AND THE HUMBER"
"Department for Environment Food & Rural Affairs","Department for Environment, Food and Rural Affairs","BIODIVERSITY, LAND USE & INVESTMENT DIRECTORATE","200269","SEO","41220","44500","Team Leader","<5","Corporate Finance","SOUTH WEST"
"Department for Environment Food & Rural Affairs","Department for Environment, Food and Rural Affairs","BIODIVERSITY, LAND USE & INVESTMENT DIRECTORATE","200269","SEO","41220","44500","Team Leader","<5","Science and Engineering","NORTH EAST"
"Department for Environment Food & Rural Affairs","Department for Environment, Food and Rural Affairs","MINISTERIAL, GROWTH AND RESILIENCE DIRECTORATE","200241","SEO","41220","44500","Team Leader","<5","Other","Unknown"
"Department for Environment Food & Rural Affairs","Department for Environment, Food and Rural Affairs","ENV QUALITY, INFRASTRUCTURE & PLANNING DIRECTORATE","200131","SEO","41220","44500","Team Leader","<5","Unknown","SOUTH WEST"
"Department for Environment Food & Rural Affairs","Department for Environment, Food and Rural Affairs","TRADE DELIVERY DIRECTORATE","200012","SEO","41220","44500","Team Leader","<5","Project Management Delivery","NORTH WEST"
"Department for Environment Food & Rural Affairs","Department for Environment, Food and Rural Affairs","HUMAN RESOURCES DIRECTORATE","200324","SEO","41220","44500","Team Leader","<5","Human Resources","SOUTH WEST"
"Department for Environment Food & Rural Affairs","Department for Environment, Food and Rural Affairs","FINANCE DIRECTORATE","200166","SEO","41220","44500","Team Leader","<5","Finance","Unknown"
"Department for Environment Food & Rural Affairs","Department for Environment, Food and Rural Affairs","INTERNATIONAL BIODIVERSITY AND CLIMATE DIRECTORATE","200236","SEO","41220","44500","Team Leader","<5","Social Research","Unknown"
"Department for Environment Food & Rural Affairs","Department for Environment, Food and Rural Affairs","INTERNATIONAL BIODIVERSITY AND CLIMATE DIRECTORATE","200236","SEO","41220","44500","Team Leader","<5","Unknown","NORTH EAST"
"Department for Environment Food & Rural Affairs","Department for Environment, Food and Rural Affairs","CIRCULAR ECONOMY DIRECTORATE","200026","SEO","41220","44500","Team Leader","<5","Unknown","SOUTH WEST"
"Department for Environment Food & Rural Affairs","Department for Environment, Food and Rural Affairs","FINANCE DIRECTORATE","200021","SEO","41220","44500","Team Leader","<5","Finance","Unknown"
"Department for Environment Food & Rural Affairs","Department for Environment, Food and Rural Affairs","HUMAN RESOURCES DIRECTORATE","200323","SEO","41220","44500","Team Leader","<5","Human Resources","YORKSHIRE AND THE HUMBER"
"Department for Environment Food & Rural Affairs","Department for Environment, Food and Rural Affairs","ANALYSIS DIRECTORATE","200281","SEO","41220","44500","Team Leader","<5","Social Research","SOUTH WEST"
"Department for Environment Food & Rural Affairs","Department for Environment, Food and Rural Affairs","HUMAN RESOURCES DIRECTORATE","200296","SEO","41220","44500","Team Leader","<5","Data Analysis","SOUTH EAST"
"Department for Environment Food & Rural Affairs","Department for Environment, Food and Rural Affairs","HUMAN RESOURCES DIRECTORATE","200296","SEO","41220","44500","Team Leader","<5","Unknown","Unknown"
"Department for Environment Food & Rural Affairs","Department for Environment, Food and Rural Affairs","FINANCE DIRECTORATE","200247","SEO","41220","44500","Team Leader","<5","Data Analysis","YORKSHIRE AND THE HUMBER"
"Department for Environment Food & Rural Affairs","Department for Environment, Food and Rural Affairs","TRADE DELIVERY DIRECTORATE","200106","SEO","41220","44500","Team Leader","<5","Digital  Data and Technology","Unknown"
"Department for Environment Food & Rural Affairs","Department for Environment, Food and Rural Affairs","HUMAN RESOURCES DIRECTORATE","200244","SEO","41220","44500","Team Leader","<5","Human Resources","SOUTH EAST"
"Department for Environment Food & Rural Affairs","Department for Environment, Food and Rural Affairs","FINANCE DIRECTORATE","200150","SEO","41220","44500","Team Leader","<5","Risk","NORTH EAST"
"Department for Environment Food & Rural Affairs","Department for Environment, Food and Rural Affairs","GCS STRATEGY, PARTNERSHIPS AND OPERATIONS DIRECTORATE","200071","SEO","41220","44500","Team Leader","<5","Project Management Delivery","EAST OF ENGLAND"
"Department for Environment Food & Rural Affairs","Department for Environment, Food and Rural Affairs","GCS STRATEGY, PARTNERSHIPS AND OPERATIONS DIRECTORATE","200071","SEO","41220","44500","Team Leader","<5","Unknown","EAST MIDLANDS"
"Department for Environment Food & Rural Affairs","Department for Environment, Food and Rural Affairs","GROUP STRATEGY DIRECTORATE","200054","SEO","41220","44500","Team Leader","<5","International Trade and Negotiation","Unknown"
"Department for Environment Food & Rural Affairs","Department for Environment, Food and Rural Affairs","GROUP STRATEGY DIRECTORATE","200337","SEO","41220","44500","Team Leader","<5","Unknown","NORTH EAST"
"Department for Environment Food & Rural Affairs","Department for Environment, Food and Rural Affairs","FINANCE DIRECTORATE","200114","SEO","41220","44500","Team Leader","<5","Counter Fraud","EAST OF ENGLAND"
"Department for Environment Food & Rural Affairs","Department for Environment, Food and Rural Affairs","COMMUNICATIONS DIRECTORATE","200252","SEO","41220","44500","Team Leader","<5","Communications","NORTH EAST"
"Department for Environment Food & Rural Affairs","Department for Environment, Food and Rural Affairs","STRATEGY, GOVERNANCE & CLIMATE DIRECTORATE","200199","SEO","41220","44500","Team Leader","<5","Science and Engineering","YORKSHIRE AND THE HUMBER"
"Department for Environment Food & Rural Affairs","Department for Environment, Food and Rural Affairs","COMMUNICATIONS DIRECTORATE","200200","SEO","41220","44500","Team Leader","<5","Communications","SOUTH WEST"
"Department for Environment Food & Rural Affairs","Department for Environment, Food and Rural Affairs","SCIENCE DIRECTORATE","200112","SEO","41220","44500","Team Leader","<5","Science and Engineering","NORTH EAST"
"Department for Environment Food & Rural Affairs","Department for Environment, Food and Rural Affairs","BIODIVERSITY, LAND USE & INVESTMENT DIRECTORATE","200124","SEO","41220","44500","Team Leader","<5","Policy","NORTH EAST"
"Department for Environment Food & Rural Affairs","Department for Environment, Food and Rural Affairs","MARINE AND FISHERIES DIRECTORATE","200098","SEO","41220","44500","Team Leader","<5","Policy","NORTH EAST"
"Department for Environment Food & Rural Affairs","Department for Environment, Food and Rural Affairs","TRADE DELIVERY DIRECTORATE","200256","SEO","41220","44500","Team Leader","<5","Policy","YORKSHIRE AND THE HUMBER"
"Department for Environment Food & Rural Affairs","Department for Environment, Food and Rural Affairs","ANIMAL AND PLANT HEALTH DIRECTORATE","200083","SEO","41220","44500","Team Leader","<5","Policy","SCOTLAND"
"Department for Environment Food & Rural Affairs","Department for Environment, Food and Rural Affairs","MARINE AND FISHERIES DIRECTORATE","200289","SEO","41220","44500","Team Leader","<5","Policy","WALES"
"Department for Environment Food & Rural Affairs","Department for Environment, Food and Rural Affairs","CIRCULAR ECONOMY DIRECTORATE","200147","SEO","41220","44500","Team Leader","<5","Policy","NORTH EAST"
"Department for Environment Food & Rural Affairs","Department for Environment, Food and Rural Affairs","CIRCULAR ECONOMY DIRECTORATE","200147","SEO","41220","44500","Team Leader","<5","Policy","SCOTLAND"
"Department for Environment Food & Rural Affairs","Department for Environment, Food and Rural Affairs","EU AND INTERNATIONAL TRADE DIRECTORATE","200047","SEO","41220","44500","Team Leader","<5","Policy","Unknown"
"Department for Environment Food & Rural Affairs","Department for Environment, Food and Rural Affairs","AGRI FOOD CHAIN DIRECTORATE","200137","SEO","41220","44500","Team Leader","<5","Policy","SOUTH WEST"
"Department for Environment Food & Rural Affairs","Department for Environment, Food and Rural Affairs","AGRI FOOD CHAIN DIRECTORATE","200137","SEO","41220","44500","Team Leader","<5","Policy","NORTH EAST"
"Department for Environment Food & Rural Affairs","Department for Environment, Food and Rural Affairs","BIODIVERSITY, LAND USE & INVESTMENT DIRECTORATE","200132","SEO","41220","44500","Team Leader","<5","Policy","SCOTLAND"
"Department for Environment Food & Rural Affairs","Department for Environment, Food and Rural Affairs","MARINE AND FISHERIES DIRECTORATE","200088","SEO","41220","44500","Team Leader","<5","Policy","NORTH WEST"
"Department for Environment Food & Rural Affairs","Department for Environment, Food and Rural Affairs","ENV QUALITY, INFRASTRUCTURE & PLANNING DIRECTORATE","200134","SEO","41220","44500","Team Leader","<5","Policy","NORTH WEST"
"Department for Environment Food & Rural Affairs","Department for Environment, Food and Rural Affairs","ENV QUALITY, INFRASTRUCTURE & PLANNING DIRECTORATE","200134","SEO","41220","44500","Team Leader","<5","Policy","NORTH EAST"
"Department for Environment Food & Rural Affairs","Department for Environment, Food and Rural Affairs","MARINE AND FISHERIES DIRECTORATE","200272","SEO","41220","44500","Team Leader","<5","Policy","SOUTH WEST"
"Department for Environment Food & Rural Affairs","Department for Environment, Food and Rural Affairs","STRATEGY, GOVERNANCE & CLIMATE DIRECTORATE","200123","SEO","41220","44500","Team Leader","<5","Policy","YORKSHIRE AND THE HUMBER"
"Department for Environment Food & Rural Affairs","Department for Environment, Food and Rural Affairs","EU AND INTERNATIONAL TRADE DIRECTORATE","200105","SEO","41220","44500","Team Leader","<5","Policy","NORTH WEST"
"Department for Environment Food & Rural Affairs","Department for Environment, Food and Rural Affairs","BIODIVERSITY, LAND USE & INVESTMENT DIRECTORATE","200040","SEO","41220","44500","Team Leader","<5","Policy","NORTH EAST"
"Department for Environment Food & Rural Affairs","Department for Environment, Food and Rural Affairs","STRATEGY, GOVERNANCE & CLIMATE DIRECTORATE","200298","SEO","41220","44500","Team Leader","<5","Policy","YORKSHIRE AND THE HUMBER"
"Department for Environment Food & Rural Affairs","Department for Environment, Food and Rural Affairs","STRATEGY, GOVERNANCE & CLIMATE DIRECTORATE","200095","SEO","41220","44500","Team Leader","<5","Policy","YORKSHIRE AND THE HUMBER"
"Department for Environment Food & Rural Affairs","Department for Environment, Food and Rural Affairs","EU RESET STRATEGY & LEGISLATION DIRECTORATE","200205","SEO","41220","44500","Team Leader","<5","Policy","YORKSHIRE AND THE HUMBER"
"Department for Environment Food & Rural Affairs","Department for Environment, Food and Rural Affairs","MINISTERIAL, GROWTH AND RESILIENCE DIRECTORATE","200241","SEO","41220","44500","Team Leader","<5","Policy","YORKSHIRE AND THE HUMBER"
"Department for Environment Food & Rural Affairs","Department for Environment, Food and Rural Affairs","TRADE DELIVERY DIRECTORATE","200012","SEO","41220","44500","Team Leader","<5","Policy","SOUTH WEST"
"Department for Environment Food & Rural Affairs","Department for Environment, Food and Rural Affairs","TRADE DELIVERY DIRECTORATE","200012","SEO","41220","44500","Team Leader","<5","Policy","NORTH EAST"
"Department for Environment Food & Rural Affairs","Department for Environment, Food and Rural Affairs","EU RESET STRATEGY & LEGISLATION DIRECTORATE","200005","SEO","41220","44500","Team Leader","<5","Policy","YORKSHIRE AND THE HUMBER"
"Department for Environment Food & Rural Affairs","Department for Environment, Food and Rural Affairs","NATIONAL BIOSECURITY CENTRE DIRECTORATE","200280","SEO","41220","44500","Team Leader","<5","Policy","Unknown"
"Department for Environment Food & Rural Affairs","Department for Environment, Food and Rural Affairs","TRADE DELIVERY DIRECTORATE","200219","SEO","41220","44500","Team Leader","<5","Policy","NORTH EAST"
"Department for Environment Food & Rural Affairs","Department for Environment, Food and Rural Affairs","GROUP STRATEGY DIRECTORATE","200337","SEO","41220","44500","Team Leader","<5","Policy","SOUTH WEST"
"Department for Environment Food & Rural Affairs","Department for Environment, Food and Rural Affairs","MARINE AND FISHERIES DIRECTORATE","200130","SEO","41220","44500","Team Leader","<5","Policy","YORKSHIRE AND THE HUMBER"
"Department for Environment Food & Rural Affairs","Department for Environment, Food and Rural Affairs","ANIMAL AND PLANT HEALTH DIRECTORATE","200246","SEO","41220","44500","Team Leader","<5","Policy","WALES"
"Department for Environment Food & Rural Affairs","Department for Environment, Food and Rural Affairs","STRATEGY, GOVERNANCE & CLIMATE DIRECTORATE","200199","SEO","41220","44500","Team Leader","<5","Policy","YORKSHIRE AND THE HUMBER"
"Department for Environment Food & Rural Affairs","Department for Environment, Food and Rural Affairs","EU AND INTERNATIONAL TRADE DIRECTORATE","200322","SEO","41220","44500","Team Leader","<5","Policy","SOUTH WEST"
"Department for Environment Food & Rural Affairs","Department for Environment, Food and Rural Affairs","DIGITAL, DATA, TECHNOLOGY AND SECURITY DIRECTORATE","200036","SEO","41220","44500","Team Leader","<5","Digital  Data and Technology","Unknown"
"Department for Environment Food & Rural Affairs","Department for Environment, Food and Rural Affairs","DIGITAL, DATA, TECHNOLOGY AND SECURITY DIRECTORATE","200181","SEO","41220","44500","Team Leader","<5","Digital  Data and Technology","NORTH EAST"
"Department for Environment Food & Rural Affairs","Department for Environment, Food and Rural Affairs","DIGITAL, DATA, TECHNOLOGY AND SECURITY DIRECTORATE","200181","SEO","41220","44500","Team Leader","<5","Digital  Data and Technology","YORKSHIRE AND THE HUMBER"
"Department for Environment Food & Rural Affairs","Department for Environment, Food and Rural Affairs","DIGITAL, DATA, TECHNOLOGY AND SECURITY DIRECTORATE","200181","SEO","41220","44500","Team Leader","<5","Digital  Data and Technology","WEST MIDLANDS"
"Department for Environment Food & Rural Affairs","Department for Environment, Food and Rural Affairs","DIGITAL, DATA, TECHNOLOGY AND SECURITY DIRECTORATE","200334","SEO","41220","44500","Team Leader","<5","Digital  Data and Technology","SCOTLAND"
"Department for Environment Food & Rural Affairs","Department for Environment, Food and Rural Affairs","DIGITAL, DATA, TECHNOLOGY AND SECURITY DIRECTORATE","200036","SEO","41220","44500","Team Leader","<5","Other","Unknown"
"Department for Environment Food & Rural Affairs","Department for Environment, Food and Rural Affairs","DIGITAL, DATA, TECHNOLOGY AND SECURITY DIRECTORATE","200073","SEO","41220","44500","Team Leader","<5","Security","WALES"
"Department for Environment Food & Rural Affairs","Department for Environment, Food and Rural Affairs","DIGITAL, DATA, TECHNOLOGY AND SECURITY DIRECTORATE","200282","SEO","41220","44500","Team Leader","<5","Economic","SOUTH WEST"
"Department for Environment Food & Rural Affairs","Department for Environment, Food and Rural Affairs","DEFRA GROUP PROPERTY DIRECTORATE","200313","SEO","41220","44500","Team Leader","<5","Project Management Delivery","WALES"
"Department for Environment Food & Rural Affairs","Department for Environment, Food and Rural Affairs","DIGITAL, DATA, TECHNOLOGY AND SECURITY DIRECTORATE","200036","SEO","41220","44500","Team Leader","<5","Unknown","SOUTH WEST"
"Department for Environment Food & Rural Affairs","Department for Environment, Food and Rural Affairs","FINANCE DIRECTORATE","200168","SEO","41220","44500","Team Leader","<5","Counter Fraud","NORTH EAST"
"Department for Environment Food & Rural Affairs","Department for Environment, Food and Rural Affairs","BIODIVERSITY, LAND USE & INVESTMENT DIRECTORATE","200132","SEO","41220","44500","Team Leader","<5","Social Research","YORKSHIRE AND THE HUMBER"
"Department for Environment Food & Rural Affairs","Department for Environment, Food and Rural Affairs","OFFICIAL DEVELOPMENT ASSISTANCE DIRECTORATE","200134","SEO","41220","44500","Team Leader","<5","Science and Engineering","YORKSHIRE AND THE HUMBER"
"Department for Environment Food & Rural Affairs","Department for Environment, Food and Rural Affairs","FINANCE DIRECTORATE","200320","SEO","41220","44500","Team Leader","<5","Unknown","SOUTH WEST"
"Department for Environment Food & Rural Affairs","Department for Environment, Food and Rural Affairs","GCS STRATEGY, PARTNERSHIPS AND OPERATIONS DIRECTORATE","200253","SEO","41220","44500","Team Leader","<5","Unknown","WEST MIDLANDS"
"Department for Environment Food & Rural Affairs","Department for Environment, Food and Rural Affairs","WATER AND FLOOD MANAGEMENT DIRECTORATE","200145","SEO","41220","44500","Team Leader","<5","Operational Delivery","SOUTH WEST"
"Department for Environment Food & Rural Affairs","Department for Environment, Food and Rural Affairs","EU AND INTERNATIONAL TRADE DIRECTORATE","200318","SEO","41220","44500","Team Leader","<5","Economic","YORKSHIRE AND THE HUMBER"
"Department for Environment Food & Rural Affairs","Department for Environment, Food and Rural Affairs","WATER AND FLOOD MANAGEMENT DIRECTORATE","200019","SEO","41220","44500","Team Leader","<5","Policy","Unknown"
"Department for Environment Food & Rural Affairs","Department for Environment, Food and Rural Affairs","EU AND INTERNATIONAL TRADE DIRECTORATE","200328","SEO","41220","44500","Team Leader","<5","Policy","YORKSHIRE AND THE HUMBER"
"Department for Environment Food & Rural Affairs","Department for Environment, Food and Rural Affairs","MARINE AND FISHERIES DIRECTORATE","200272","SEO","41220","44500","Team Leader","<5","Policy","YORKSHIRE AND THE HUMBER"
"Department for Environment Food & Rural Affairs","Department for Environment, Food and Rural Affairs","CIRCULAR ECONOMY DIRECTORATE","200293","SEO","41220","44500","Team Leader","<5","Policy","NORTH EAST"
"Department for Environment Food & Rural Affairs","Department for Environment, Food and Rural Affairs","EU AND INTERNATIONAL TRADE DIRECTORATE","200105","SEO","41220","44500","Team Leader","<5","Policy","SOUTH WEST"
"Department for Environment Food & Rural Affairs","Department for Environment, Food and Rural Affairs","CIRCULAR ECONOMY DIRECTORATE","200026","SEO","41220","44500","Team Leader","<5","Policy","NORTH EAST"
"Department for Environment Food & Rural Affairs","Department for Environment, Food and Rural Affairs","DEFRA GROUP PROPERTY DIRECTORATE","200300","G7","54470","59900","Team Manager","<5","Commercial and Procurement","SOUTH EAST"
"Department for Environment Food & Rural Affairs","Department for Environment, Food and Rural Affairs","OFFICIAL DEVELOPMENT ASSISTANCE DIRECTORATE","200309","G7","54470","59900","Team Manager","<5","Project Management Delivery","Unknown"
"Department for Environment Food & Rural Affairs","Department for Environment, Food and Rural Affairs","DIGITAL, DATA, TECHNOLOGY AND SECURITY DIRECTORATE","200084","G7","54470","59900","Team Manager","<5","Digital  Data and Technology","SOUTH WEST"
"Department for Environment Food & Rural Affairs","Department for Environment, Food and Rural Affairs","GROUP STRATEGY DIRECTORATE","200155","SEO","41220","44500","Team Leader","<5","Statistics","Unknown"
"Department for Environment Food & Rural Affairs","Department for Environment, Food and Rural Affairs","CIRCULAR ECONOMY DIRECTORATE","200232","SEO","41220","44500","Team Leader","<5","Statistics","YORKSHIRE AND THE HUMBER"
"Department for Environment Food & Rural Affairs","Department for Environment, Food and Rural Affairs","AGRI FOOD CHAIN DIRECTORATE","200332","SEO","41220","44500","Team Leader","<5","Project Management Delivery","Unknown"
"Department for Environment Food & Rural Affairs","Department for Environment, Food and Rural Affairs","CIRCULAR ECONOMY DIRECTORATE","200227","SEO","41220","44500","Team Leader","<5","Operational Delivery","UNKNOWN"
"Department for Environment Food & Rural Affairs","Department for Environment, Food and Rural Affairs","CIRCULAR ECONOMY DIRECTORATE","200227","SEO","41220","44500","Team Leader","<5","Project Management Delivery","NORTH EAST"
"Department for Environment Food & Rural Affairs","Department for Environment, Food and Rural Affairs","TRADE DELIVERY DIRECTORATE","200215","SEO","41220","44500","Team Leader","<5","Project Management Delivery","Unknown"
"Department for Environment Food & Rural Affairs","Department for Environment, Food and Rural Affairs","FINANCE DIRECTORATE","200103","SEO","41220","44500","Team Leader","<5","Finance","SOUTH EAST"
"Department for Environment Food & Rural Affairs","Department for Environment, Food and Rural Affairs","ENV QUALITY, INFRASTRUCTURE & PLANNING DIRECTORATE","200135","SEO","41220","44500","Team Leader","<5","Project Management Delivery","NORTH EAST"
"Department for Environment Food & Rural Affairs","Department for Environment, Food and Rural Affairs","ENV QUALITY, INFRASTRUCTURE & PLANNING DIRECTORATE","200135","SEO","41220","44500","Team Leader","<5","Science and Engineering","NORTH EAST"
"Department for Environment Food & Rural Affairs","Department for Environment, Food and Rural Affairs","DEFRA GROUP PROPERTY DIRECTORATE","200313","SEO","41220","44500","Team Leader","<5","Data Analysis","Unknown"
"Department for Environment Food & Rural Affairs","Department for Environment, Food and Rural Affairs","MARINE AND FISHERIES DIRECTORATE","200111","SEO","41220","44500","Team Leader","<5","Data Analysis","NORTH EAST"
"Department for Environment Food & Rural Affairs","Department for Environment, Food and Rural Affairs","MARINE AND FISHERIES DIRECTORATE","200111","SEO","41220","44500","Team Leader","<5","Project Management Delivery","YORKSHIRE AND THE HUMBER"
"Department for Environment Food & Rural Affairs","Department for Environment, Food and Rural Affairs","ANIMAL AND PLANT HEALTH DIRECTORATE","200110","SEO","41220","44500","Team Leader","<5","Project Management Delivery","YORKSHIRE AND THE HUMBER"
"Department for Environment Food & Rural Affairs","Department for Environment, Food and Rural Affairs","WATER AND FLOOD MANAGEMENT DIRECTORATE","200144","SEO","41220","44500","Team Leader","<5","Project Management Delivery","SOUTH WEST"
"Department for Environment Food & Rural Affairs","Department for Environment, Food and Rural Affairs","DEFRA GROUP PROPERTY DIRECTORATE","200300","SEO","41220","44500","Team Leader","<5","Commercial and Procurement","WEST MIDLANDS"
"Department for Environment Food & Rural Affairs","Department for Environment, Food and Rural Affairs","DEFRA GROUP PROPERTY DIRECTORATE","200300","SEO","41220","44500","Team Leader","<5","Operational Delivery","EAST MIDLANDS"
"Department for Environment Food & Rural Affairs","Department for Environment, Food and Rural Affairs","ANIMAL AND PLANT HEALTH DIRECTORATE","200004","SEO","41220","44500","Team Leader","<5","Social Research","NORTH EAST"
"Department for Environment Food & Rural Affairs","Department for Environment, Food and Rural Affairs","EU AND INTERNATIONAL TRADE DIRECTORATE","200047","SEO","41220","44500","Team Leader","<5","International Trade and Negotiation","SOUTH WEST"
"Department for Environment Food & Rural Affairs","Department for Environment, Food and Rural Affairs","GCS STRATEGY, PARTNERSHIPS AND OPERATIONS DIRECTORATE","200306","SEO","41220","44500","Team Leader","<5","Digital  Data and Technology","EAST MIDLANDS"
"Department for Environment Food & Rural Affairs","Department for Environment, Food and Rural Affairs","WATER AND FLOOD MANAGEMENT DIRECTORATE","200302","SEO","41220","44500","Team Leader","<5","Unknown","NORTH EAST"
"Department for Environment Food & Rural Affairs","Department for Environment, Food and Rural Affairs","FARMING DIRECTORATE - ADMIN COSTS","200126","SEO","41220","44500","Team Leader","<5","Project Management Delivery","Unknown"
"Department for Environment Food & Rural Affairs","Department for Environment, Food and Rural Affairs","FARMING DIRECTORATE - ADMIN COSTS","200126","SEO","41220","44500","Team Leader","<5","Project Management Delivery","NORTH WEST"
"Department for Environment Food & Rural Affairs","Department for Environment, Food and Rural Affairs","MARINE AND FISHERIES DIRECTORATE","200272","SEO","41220","44500","Team Leader","<5","Unknown","SOUTH WEST"
"Department for Environment Food & Rural Affairs","Department for Environment, Food and Rural Affairs","FINANCE DIRECTORATE","200320","SEO","41220","44500","Team Leader","<5","Corporate Finance","SOUTH WEST"
"Department for Environment Food & Rural Affairs","Department for Environment, Food and Rural Affairs","FARMING DIRECTORATE - ADMIN COSTS","200046","SEO","41220","44500","Team Leader","<5","Unknown","YORKSHIRE AND THE HUMBER"
"Department for Environment Food & Rural Affairs","Department for Environment, Food and Rural Affairs","STRATEGY, GOVERNANCE & CLIMATE DIRECTORATE","200123","SEO","41220","44500","Team Leader","<5","Unknown","Unknown"
"Department for Environment Food & Rural Affairs","Department for Environment, Food and Rural Affairs","FINANCE DIRECTORATE","200167","SEO","41220","44500","Team Leader","<5","Corporate Finance","YORKSHIRE AND THE HUMBER"
"Department for Environment Food & Rural Affairs","Department for Environment, Food and Rural Affairs","FINANCE DIRECTORATE","200167","SEO","41220","44500","Team Leader","<5","Corporate Finance","SOUTH WEST"
"Department for Environment Food & Rural Affairs","Department for Environment, Food and Rural Affairs","AGRI FOOD CHAIN DIRECTORATE","200090","SEO","41220","44500","Team Leader","<5","Statistics","NORTH EAST"
"Department for Environment Food & Rural Affairs","Department for Environment, Food and Rural Affairs","OFFICIAL DEVELOPMENT ASSISTANCE DIRECTORATE","200263","SEO","41220","44500","Team Leader","<5","Social Research","Unknown"
"Department for Environment Food & Rural Affairs","Department for Environment, Food and Rural Affairs","GCS STRATEGY, PARTNERSHIPS AND OPERATIONS DIRECTORATE","200325","SEO","41220","44500","Team Leader","<5","Project Management Delivery","SOUTH EAST"
"Department for Environment Food & Rural Affairs","Department for Environment, Food and Rural Affairs","WATER AND FLOOD MANAGEMENT DIRECTORATE","200008","SEO","41220","44500","Team Leader","<5","Commercial and Procurement","Unknown"
"Department for Environment Food & Rural Affairs","Department for Environment, Food and Rural Affairs","WATER AND FLOOD MANAGEMENT DIRECTORATE","200008","SEO","41220","44500","Team Leader","<5","Communications","SOUTH WEST"
"Department for Environment Food & Rural Affairs","Department for Environment, Food and Rural Affairs","MINISTERIAL, GROWTH AND RESILIENCE DIRECTORATE","200239","SEO","41220","44500","Team Leader","<5","Security","Unknown"
"Department for Environment Food & Rural Affairs","Department for Environment, Food and Rural Affairs","BIODIVERSITY, LAND USE & INVESTMENT DIRECTORATE","200040","SEO","41220","44500","Team Leader","<5","Unknown","YORKSHIRE AND THE HUMBER"
"Department for Environment Food & Rural Affairs","Department for Environment, Food and Rural Affairs","BIODIVERSITY, LAND USE & INVESTMENT DIRECTORATE","200040","SEO","41220","44500","Team Leader","<5","Communications","SOUTH WEST"
"Department for Environment Food & Rural Affairs","Department for Environment, Food and Rural Affairs","BIODIVERSITY, LAND USE & INVESTMENT DIRECTORATE","200040","SEO","41220","44500","Team Leader","<5","Unknown","EAST MIDLANDS"
"Department for Environment Food & Rural Affairs","Department for Environment, Food and Rural Affairs","INTERNATIONAL BIODIVERSITY AND CLIMATE DIRECTORATE","200287","SEO","41220","44500","Team Leader","<5","Operational Delivery","SOUTH WEST"
"Department for Environment Food & Rural Affairs","Department for Environment, Food and Rural Affairs","PORTFOLIO DIRECTORATE","200220","SEO","41220","44500","Team Leader","<5","Digital  Data and Technology","NORTH EAST"
"Department for Environment Food & Rural Affairs","Department for Environment, Food and Rural Affairs","PORTFOLIO DIRECTORATE","200220","SEO","41220","44500","Team Leader","<5","Statistics","NORTH EAST"
"Department for Environment Food & Rural Affairs","Department for Environment, Food and Rural Affairs","STRATEGY, GOVERNANCE & CLIMATE DIRECTORATE","200095","SEO","41220","44500","Team Leader","<5","Corporate Finance","WEST MIDLANDS"
"Department for Environment Food & Rural Affairs","Department for Environment, Food and Rural Affairs","STRATEGY, GOVERNANCE & CLIMATE DIRECTORATE","200095","SEO","41220","44500","Team Leader","<5","Science and Engineering","NORTH WEST"
"Department for Environment Food & Rural Affairs","Department for Environment, Food and Rural Affairs","GCS STRATEGY, PARTNERSHIPS AND OPERATIONS DIRECTORATE","200253","SEO","41220","44500","Team Leader","<5","Unknown","YORKSHIRE AND THE HUMBER"
"Department for Environment Food & Rural Affairs","Department for Environment, Food and Rural Affairs","GCS STRATEGY, PARTNERSHIPS AND OPERATIONS DIRECTORATE","200253","SEO","41220","44500","Team Leader","<5","Operational Delivery","EAST MIDLANDS"
"Department for Environment Food & Rural Affairs","Department for Environment, Food and Rural Affairs","BIODIVERSITY, LAND USE & INVESTMENT DIRECTORATE","200269","SEO","41220","44500","Team Leader","<5","Project Management Delivery","SOUTH WEST"
"Department for Environment Food & Rural Affairs","Department for Environment, Food and Rural Affairs","STRATEGY, GOVERNANCE & CLIMATE DIRECTORATE","200207","SEO","41220","44500","Team Leader","<5","Operational Delivery","WEST MIDLANDS"
"Department for Environment Food & Rural Affairs","Department for Environment, Food and Rural Affairs","DEFRA GROUP PROPERTY DIRECTORATE","200049","SEO","41220","44500","Team Leader","<5","Property","WEST MIDLANDS"
"Department for Environment Food & Rural Affairs","Department for Environment, Food and Rural Affairs","PORTFOLIO DIRECTORATE","200338","SEO","41220","44500","Team Leader","<5","Project Management Delivery","NORTH WEST"
"Department for Environment Food & Rural Affairs","Department for Environment, Food and Rural Affairs","PORTFOLIO DIRECTORATE","200338","SEO","41220","44500","Team Leader","<5","Operational Delivery","NORTH WEST"
"Department for Environment Food & Rural Affairs","Department for Environment, Food and Rural Affairs","FINANCE DIRECTORATE","200166","SEO","41220","44500","Team Leader","<5","Finance","WEST MIDLANDS"
"Department for Environment Food & Rural Affairs","Department for Environment, Food and Rural Affairs","FINANCE DIRECTORATE","200166","SEO","41220","44500","Team Leader","<5","Finance","YORKSHIRE AND THE HUMBER"
"Department for Environment Food & Rural Affairs","Department for Environment, Food and Rural Affairs","FINANCE DIRECTORATE","200166","SEO","41220","44500","Team Leader","<5","Finance","EAST MIDLANDS"
"Department for Environment Food & Rural Affairs","Department for Environment, Food and Rural Affairs","DEFRA GROUP PROPERTY DIRECTORATE","200189","SEO","41220","44500","Team Leader","<5","Other","NORTH EAST"
"Department for Environment Food & Rural Affairs","Department for Environment, Food and Rural Affairs","FINANCE DIRECTORATE","200285","SEO","41220","44500","Team Leader","<5","Finance","Unknown"
"Department for Environment Food & Rural Affairs","Department for Environment, Food and Rural Affairs","HUMAN RESOURCES DIRECTORATE","200323","SEO","41220","44500","Team Leader","<5","Human Resources","WEST MIDLANDS"
"Department for Environment Food & Rural Affairs","Department for Environment, Food and Rural Affairs","TRADE DELIVERY DIRECTORATE","200219","SEO","41220","44500","Team Leader","<5","Project Management Delivery","YORKSHIRE AND THE HUMBER"
"Department for Environment Food & Rural Affairs","Department for Environment, Food and Rural Affairs","ENV QUALITY, INFRASTRUCTURE & PLANNING DIRECTORATE","200217","SEO","41220","44500","Team Leader","<5","Project Management Delivery","SOUTH WEST"
"Department for Environment Food & Rural Affairs","Department for Environment, Food and Rural Affairs","TRADE DELIVERY DIRECTORATE","200333","SEO","41220","44500","Team Leader","<5","International Trade and Negotiation","YORKSHIRE AND THE HUMBER"
"Department for Environment Food & Rural Affairs","Department for Environment, Food and Rural Affairs","EU AND INTERNATIONAL TRADE DIRECTORATE","200108","SEO","41220","44500","Team Leader","<5","Unknown","EAST MIDLANDS"
"Department for Environment Food & Rural Affairs","Department for Environment, Food and Rural Affairs","HUMAN RESOURCES DIRECTORATE","200296","SEO","41220","44500","Team Leader","<5","Unknown","Unknown"
"Department for Environment Food & Rural Affairs","Department for Environment, Food and Rural Affairs","HUMAN RESOURCES DIRECTORATE","200296","SEO","41220","44500","Team Leader","<5","Data Analysis","Unknown"
"Department for Environment Food & Rural Affairs","Department for Environment, Food and Rural Affairs","FINANCE DIRECTORATE","200247","SEO","41220","44500","Team Leader","<5","Corporate Finance","SOUTH WEST"
"Department for Environment Food & Rural Affairs","Department for Environment, Food and Rural Affairs","TRADE DELIVERY DIRECTORATE","200191","SEO","41220","44500","Team Leader","<5","Other","NORTH WEST"
"Department for Environment Food & Rural Affairs","Department for Environment, Food and Rural Affairs","CHANGE DELIVERY DIRECTORATE","200048","SEO","41220","44500","Team Leader","<5","Operational Delivery","UNKNOWN"
"Department for Environment Food & Rural Affairs","Department for Environment, Food and Rural Affairs","CHANGE DELIVERY DIRECTORATE","200048","SEO","41220","44500","Team Leader","<5","Operational Delivery","NORTH EAST"
"Department for Environment Food & Rural Affairs","Department for Environment, Food and Rural Affairs","ANIMAL AND PLANT HEALTH DIRECTORATE","200246","SEO","41220","44500","Team Leader","<5","Project Management Delivery","Unknown"
"Department for Environment Food & Rural Affairs","Department for Environment, Food and Rural Affairs","GROUP STRATEGY DIRECTORATE","200208","SEO","41220","44500","Team Leader","<5","Project Management Delivery","YORKSHIRE AND THE HUMBER"
"Department for Environment Food & Rural Affairs","Department for Environment, Food and Rural Affairs","STRATEGY, GOVERNANCE & CLIMATE DIRECTORATE","200199","SEO","41220","44500","Team Leader","<5","Science and Engineering","NORTH EAST"
"Department for Environment Food & Rural Affairs","Department for Environment, Food and Rural Affairs","COMMUNICATIONS DIRECTORATE","200200","SEO","41220","44500","Team Leader","<5","Communications","WEST MIDLANDS"
"Department for Environment Food & Rural Affairs","Department for Environment, Food and Rural Affairs","EU AND INTERNATIONAL TRADE DIRECTORATE","200322","SEO","41220","44500","Team Leader","<5","Unknown","NORTH EAST"
"Department for Environment Food & Rural Affairs","Department for Environment, Food and Rural Affairs","ANIMAL AND PLANT HEALTH DIRECTORATE","200120","SEO","41220","44500","Team Leader","<5","Policy","UNKNOWN"
"Department for Environment Food & Rural Affairs","Department for Environment, Food and Rural Affairs","WATER AND FLOOD MANAGEMENT DIRECTORATE","200311","SEO","41220","44500","Team Leader","<5","Policy","Unknown"
"Department for Environment Food & Rural Affairs","Department for Environment, Food and Rural Affairs","BIODIVERSITY, LAND USE & INVESTMENT DIRECTORATE","200124","SEO","41220","44500","Team Leader","<5","Policy","SCOTLAND"
"Department for Environment Food & Rural Affairs","Department for Environment, Food and Rural Affairs","BIODIVERSITY, LAND USE & INVESTMENT DIRECTORATE","200124","SEO","41220","44500","Team Leader","<5","Policy","Unknown"
"Department for Environment Food & Rural Affairs","Department for Environment, Food and Rural Affairs","MARINE AND FISHERIES DIRECTORATE","200098","SEO","41220","44500","Team Leader","<5","Policy","NORTH WEST"
"Department for Environment Food & Rural Affairs","Department for Environment, Food and Rural Affairs","ANIMAL AND PLANT HEALTH DIRECTORATE","200118","SEO","41220","44500","Team Leader","<5","Policy","NORTH EAST"
"Department for Environment Food & Rural Affairs","Department for Environment, Food and Rural Affairs","EU AND INTERNATIONAL TRADE DIRECTORATE","200211","SEO","41220","44500","Team Leader","<5","Policy","SOUTH WEST"
"Department for Environment Food & Rural Affairs","Department for Environment, Food and Rural Affairs","MARINE AND FISHERIES DIRECTORATE","200115","SEO","41220","44500","Team Leader","<5","Policy","Unknown"
"Department for Environment Food & Rural Affairs","Department for Environment, Food and Rural Affairs","WATER AND FLOOD MANAGEMENT DIRECTORATE","200019","SEO","41220","44500","Team Leader","<5","Policy","YORKSHIRE AND THE HUMBER"
"Department for Environment Food & Rural Affairs","Department for Environment, Food and Rural Affairs","ANIMAL AND PLANT HEALTH DIRECTORATE","200089","SEO","41220","44500","Team Leader","<5","Policy","EAST OF ENGLAND"
"Department for Environment Food & Rural Affairs","Department for Environment, Food and Rural Affairs","ANIMAL AND PLANT HEALTH DIRECTORATE","200089","SEO","41220","44500","Team Leader","<5","Policy","SCOTLAND"
"Department for Environment Food & Rural Affairs","Department for Environment, Food and Rural Affairs","MARINE AND FISHERIES DIRECTORATE","200111","SEO","41220","44500","Team Leader","<5","Policy","SOUTH WEST"
"Department for Environment Food & Rural Affairs","Department for Environment, Food and Rural Affairs","ENV QUALITY, INFRASTRUCTURE & PLANNING DIRECTORATE","200109","SEO","41220","44500","Team Leader","<5","Policy","YORKSHIRE AND THE HUMBER"
"Department for Environment Food & Rural Affairs","Department for Environment, Food and Rural Affairs","ANIMAL AND PLANT HEALTH DIRECTORATE","200083","SEO","41220","44500","Team Leader","<5","Policy","SOUTH EAST"
"Department for Environment Food & Rural Affairs","Department for Environment, Food and Rural Affairs","ANIMAL AND PLANT HEALTH DIRECTORATE","200083","SEO","41220","44500","Team Leader","<5","Policy","NORTH WEST"
"Department for Environment Food & Rural Affairs","Department for Environment, Food and Rural Affairs","ANIMAL AND PLANT HEALTH DIRECTORATE","200083","SEO","41220","44500","Team Leader","<5","Policy","YORKSHIRE AND THE HUMBER"
"Department for Environment Food & Rural Affairs","Department for Environment, Food and Rural Affairs","INTERNATIONAL BIODIVERSITY AND CLIMATE DIRECTORATE","200212","SEO","41220","44500","Team Leader","<5","Policy","NORTH WEST"
"Department for Environment Food & Rural Affairs","Department for Environment, Food and Rural Affairs","ENV QUALITY, INFRASTRUCTURE & PLANNING DIRECTORATE","200082","SEO","41220","44500","Team Leader","<5","Policy","WEST MIDLANDS"
"Department for Environment Food & Rural Affairs","Department for Environment, Food and Rural Affairs","STRATEGY, GOVERNANCE & CLIMATE DIRECTORATE","200154","SEO","41220","44500","Team Leader","<5","Policy","Unknown"
"Department for Environment Food & Rural Affairs","Department for Environment, Food and Rural Affairs","AGRI FOOD CHAIN DIRECTORATE","200137","SEO","41220","44500","Team Leader","<5","Policy","EAST MIDLANDS"
"Department for Environment Food & Rural Affairs","Department for Environment, Food and Rural Affairs","BIODIVERSITY, LAND USE & INVESTMENT DIRECTORATE","200132","SEO","41220","44500","Team Leader","<5","Policy","YORKSHIRE AND THE HUMBER"
"Department for Environment Food & Rural Affairs","Department for Environment, Food and Rural Affairs","BIODIVERSITY, LAND USE & INVESTMENT DIRECTORATE","200132","SEO","41220","44500","Team Leader","<5","Policy","Unknown"
"Department for Environment Food & Rural Affairs","Department for Environment, Food and Rural Affairs","MARINE AND FISHERIES DIRECTORATE","200088","SEO","41220","44500","Team Leader","<5","Policy","YORKSHIRE AND THE HUMBER"
"Department for Environment Food & Rural Affairs","Department for Environment, Food and Rural Affairs","MARINE AND FISHERIES DIRECTORATE","200088","SEO","41220","44500","Team Leader","<5","Policy","SOUTH WEST"
"Department for Environment Food & Rural Affairs","Department for Environment, Food and Rural Affairs","EU AND INTERNATIONAL TRADE DIRECTORATE","200328","SEO","41220","44500","Team Leader","<5","Policy","Unknown"
"Department for Environment Food & Rural Affairs","Department for Environment, Food and Rural Affairs","OFFICIAL DEVELOPMENT ASSISTANCE DIRECTORATE","200263","SEO","41220","44500","Team Leader","<5","Policy","EAST OF ENGLAND"
"Department for Environment Food & Rural Affairs","Department for Environment, Food and Rural Affairs","WATER AND FLOOD MANAGEMENT DIRECTORATE","200008","SEO","41220","44500","Team Leader","<5","Policy","WEST MIDLANDS"
"Department for Environment Food & Rural Affairs","Department for Environment, Food and Rural Affairs","BIODIVERSITY, LAND USE & INVESTMENT DIRECTORATE","200040","SEO","41220","44500","Team Leader","<5","Policy","SOUTH WEST"
"Department for Environment Food & Rural Affairs","Department for Environment, Food and Rural Affairs","WATER AND FLOOD MANAGEMENT DIRECTORATE","200096","SEO","41220","44500","Team Leader","<5","Policy","Unknown"
"Department for Environment Food & Rural Affairs","Department for Environment, Food and Rural Affairs","STRATEGY, GOVERNANCE & CLIMATE DIRECTORATE","200095","SEO","41220","44500","Team Leader","<5","Policy","WEST MIDLANDS"
"Department for Environment Food & Rural Affairs","Department for Environment, Food and Rural Affairs","TRADE DELIVERY DIRECTORATE","200012","SEO","41220","44500","Team Leader","<5","Policy","Unknown"
"Department for Environment Food & Rural Affairs","Department for Environment, Food and Rural Affairs","OFFICIAL DEVELOPMENT ASSISTANCE DIRECTORATE","200286","SEO","41220","44500","Team Leader","<5","Policy","YORKSHIRE AND THE HUMBER"
"Department for Environment Food & Rural Affairs","Department for Environment, Food and Rural Affairs","PEPR DIRECTORATE","200329","SEO","41220","44500","Team Leader","<5","Policy","WALES"
"Department for Environment Food & Rural Affairs","Department for Environment, Food and Rural Affairs","CIRCULAR ECONOMY DIRECTORATE","200026","SEO","41220","44500","Team Leader","<5","Policy","EAST OF ENGLAND"
"Department for Environment Food & Rural Affairs","Department for Environment, Food and Rural Affairs","OFFICIAL DEVELOPMENT ASSISTANCE DIRECTORATE","200025","SEO","41220","44500","Team Leader","<5","Policy","SOUTH EAST"
"Department for Environment Food & Rural Affairs","Department for Environment, Food and Rural Affairs","GROUP STRATEGY DIRECTORATE","200054","SEO","41220","44500","Team Leader","<5","Policy","Unknown"
"Department for Environment Food & Rural Affairs","Department for Environment, Food and Rural Affairs","AGRI FOOD CHAIN DIRECTORATE","200174","SEO","41220","44500","Team Leader","<5","Policy","WALES"
"Department for Environment Food & Rural Affairs","Department for Environment, Food and Rural Affairs","EU AND INTERNATIONAL TRADE DIRECTORATE","200322","SEO","41220","44500","Team Leader","<5","Policy","YORKSHIRE AND THE HUMBER"
"Department for Environment Food & Rural Affairs","Department for Environment, Food and Rural Affairs","TRADE DELIVERY DIRECTORATE","200309","SEO","41220","44500","Team Leader","<5","Policy","WEST MIDLANDS"
"Department for Environment Food & Rural Affairs","Department for Environment, Food and Rural Affairs","DIGITAL, DATA, TECHNOLOGY AND SECURITY DIRECTORATE","200146","SEO","41220","44500","Team Leader","<5","Digital  Data and Technology","SOUTH WEST"
"Department for Environment Food & Rural Affairs","Department for Environment, Food and Rural Affairs","DIGITAL, DATA, TECHNOLOGY AND SECURITY DIRECTORATE","200181","SEO","41220","44500","Team Leader","<5","Digital  Data and Technology","SCOTLAND"
"Department for Environment Food & Rural Affairs","Department for Environment, Food and Rural Affairs","DIGITAL, DATA, TECHNOLOGY AND SECURITY DIRECTORATE","200334","SEO","41220","44500","Team Leader","<5","Digital  Data and Technology","YORKSHIRE AND THE HUMBER"
"Department for Environment Food & Rural Affairs","Department for Environment, Food and Rural Affairs","DIGITAL, DATA, TECHNOLOGY AND SECURITY DIRECTORATE","200161","SEO","41220","44500","Team Leader","<5","Unknown","NORTH WEST"
"Department for Environment Food & Rural Affairs","Department for Environment, Food and Rural Affairs","DIGITAL, DATA, TECHNOLOGY AND SECURITY DIRECTORATE","200243","SEO","41220","44500","Team Leader","<5","Unknown","YORKSHIRE AND THE HUMBER"
"Department for Environment Food & Rural Affairs","Department for Environment, Food and Rural Affairs","DIGITAL, DATA, TECHNOLOGY AND SECURITY DIRECTORATE","200036","SEO","41220","44500","Team Leader","<5","Project Management Delivery","NORTH WEST"
"Department for Environment Food & Rural Affairs","Department for Environment, Food and Rural Affairs","DIGITAL, DATA, TECHNOLOGY AND SECURITY DIRECTORATE","200036","SEO","41220","44500","Team Leader","<5","Communications","Unknown"
"Department for Environment Food & Rural Affairs","Department for Environment, Food and Rural Affairs","DIGITAL, DATA, TECHNOLOGY AND SECURITY DIRECTORATE","200146","SEO","41220","44500","Team Leader","<5","Unknown","SOUTH EAST"
"Department for Environment Food & Rural Affairs","Department for Environment, Food and Rural Affairs","DIGITAL, DATA, TECHNOLOGY AND SECURITY DIRECTORATE","200146","SEO","41220","44500","Team Leader","<5","Data Analysis","SOUTH WEST"
"Department for Environment Food & Rural Affairs","Department for Environment, Food and Rural Affairs","DIGITAL, DATA, TECHNOLOGY AND SECURITY DIRECTORATE","200146","SEO","41220","44500","Team Leader","<5","Communications","Unknown"
"Department for Environment Food & Rural Affairs","Department for Environment, Food and Rural Affairs","DIGITAL, DATA, TECHNOLOGY AND SECURITY DIRECTORATE","200073","SEO","41220","44500","Team Leader","<5","Security","NORTH WEST"
"Department for Environment Food & Rural Affairs","Department for Environment, Food and Rural Affairs","DIGITAL, DATA, TECHNOLOGY AND SECURITY DIRECTORATE","200334","SEO","41220","44500","Team Leader","<5","Operational Delivery","NORTH WEST"
"Department for Environment Food & Rural Affairs","Department for Environment, Food and Rural Affairs","DIGITAL, DATA, TECHNOLOGY AND SECURITY DIRECTORATE","200159","SEO","41220","44500","Team Leader","<5","Operational Delivery","Unknown"
"Department for Environment Food & Rural Affairs","Department for Environment, Food and Rural Affairs","DIGITAL, DATA, TECHNOLOGY AND SECURITY DIRECTORATE","200304","SEO","41220","44500","Team Leader","<5","Unknown","YORKSHIRE AND THE HUMBER"
"Department for Environment Food & Rural Affairs","Department for Environment, Food and Rural Affairs","DIGITAL, DATA, TECHNOLOGY AND SECURITY DIRECTORATE","200304","SEO","41220","44500","Team Leader","<5","Data Analysis","NORTH WEST"
"Department for Environment Food & Rural Affairs","Department for Environment, Food and Rural Affairs","ANIMAL AND PLANT HEALTH DIRECTORATE","200118","SEO","41220","44500","Team Leader","<5","Science and Engineering","Unknown"
"Department for Environment Food & Rural Affairs","Department for Environment, Food and Rural Affairs","ANIMAL AND PLANT HEALTH DIRECTORATE","200118","SEO","41220","44500","Team Leader","<5","Science and Engineering","WEST MIDLANDS"
"Department for Environment Food & Rural Affairs","Department for Environment, Food and Rural Affairs","FARMING DIRECTORATE - ADMIN COSTS","200062","SEO","41220","44500","Team Leader","<5","Unknown","Unknown"
"Department for Environment Food & Rural Affairs","Department for Environment, Food and Rural Affairs","MARINE AND FISHERIES DIRECTORATE","200115","SEO","41220","44500","Team Leader","<5","Unknown","YORKSHIRE AND THE HUMBER"
"Department for Environment Food & Rural Affairs","Department for Environment, Food and Rural Affairs","ENV QUALITY, INFRASTRUCTURE & PLANNING DIRECTORATE","200135","SEO","41220","44500","Team Leader","<5","Project Management Delivery","YORKSHIRE AND THE HUMBER"
"Department for Environment Food & Rural Affairs","Department for Environment, Food and Rural Affairs","FARMING DIRECTORATE - ADMIN COSTS","200313","SEO","41220","44500","Team Leader","<5","Project Management Delivery","Unknown"
"Department for Environment Food & Rural Affairs","Department for Environment, Food and Rural Affairs","DIGITAL, DATA, TECHNOLOGY AND SECURITY DIRECTORATE","200036","SEO","41220","44500","Team Leader","<5","Project Management Delivery","WEST MIDLANDS"
"Department for Environment Food & Rural Affairs","Department for Environment, Food and Rural Affairs","AGRI FOOD CHAIN DIRECTORATE","200107","SEO","41220","44500","Team Leader","<5","Science and Engineering","Unknown"
"Department for Environment Food & Rural Affairs","Department for Environment, Food and Rural Affairs","MARINE AND FISHERIES DIRECTORATE","200289","SEO","41220","44500","Team Leader","<5","Geography","Unknown"
"Department for Environment Food & Rural Affairs","Department for Environment, Food and Rural Affairs","ENV QUALITY, INFRASTRUCTURE & PLANNING DIRECTORATE","200082","SEO","41220","44500","Team Leader","<5","Science and Engineering","SOUTH WEST"
"Department for Environment Food & Rural Affairs","Department for Environment, Food and Rural Affairs","ENV QUALITY, INFRASTRUCTURE & PLANNING DIRECTORATE","200082","SEO","41220","44500","Team Leader","<5","Science and Engineering","NORTH WEST"
"Department for Environment Food & Rural Affairs","Department for Environment, Food and Rural Affairs","CIRCULAR ECONOMY DIRECTORATE","200147","SEO","41220","44500","Team Leader","<5","Unknown","YORKSHIRE AND THE HUMBER"
"Department for Environment Food & Rural Affairs","Department for Environment, Food and Rural Affairs","ENV QUALITY, INFRASTRUCTURE & PLANNING DIRECTORATE","200134","SEO","41220","44500","Team Leader","<5","Unknown","EAST MIDLANDS"
"Department for Environment Food & Rural Affairs","Department for Environment, Food and Rural Affairs","ENV QUALITY, INFRASTRUCTURE & PLANNING DIRECTORATE","200134","SEO","41220","44500","Team Leader","<5","Science and Engineering","SOUTH WEST"
"Department for Environment Food & Rural Affairs","Department for Environment, Food and Rural Affairs","FINANCE DIRECTORATE","200320","SEO","41220","44500","Team Leader","<5","Unknown","NORTH EAST"
"Department for Environment Food & Rural Affairs","Department for Environment, Food and Rural Affairs","AGRI FOOD CHAIN DIRECTORATE","200090","SEO","41220","44500","Team Leader","<5","Statistics","Unknown"
"Department for Environment Food & Rural Affairs","Department for Environment, Food and Rural Affairs","DEFRA GROUP PROPERTY DIRECTORATE","200277","SEO","41220","44500","Team Leader","<5","Property","WEST MIDLANDS"
"Department for Environment Food & Rural Affairs","Department for Environment, Food and Rural Affairs","BIODIVERSITY, LAND USE & INVESTMENT DIRECTORATE","200269","SEO","41220","44500","Team Leader","<5","Unknown","EAST MIDLANDS"
"Department for Environment Food & Rural Affairs","Department for Environment, Food and Rural Affairs","DIGITAL, DATA, TECHNOLOGY AND SECURITY DIRECTORATE","200304","SEO","41220","44500","Team Leader","<5","Digital  Data and Technology","WEST MIDLANDS"
"Department for Environment Food & Rural Affairs","Department for Environment, Food and Rural Affairs","FINANCE DIRECTORATE","200170","SEO","41220","44500","Team Leader","<5","Finance","NORTH EAST"
"Department for Environment Food & Rural Affairs","Department for Environment, Food and Rural Affairs","INTERNATIONAL BIODIVERSITY AND CLIMATE DIRECTORATE","200236","SEO","41220","44500","Team Leader","<5","Science and Engineering","SOUTH WEST"
"Department for Environment Food & Rural Affairs","Department for Environment, Food and Rural Affairs","FINANCE DIRECTORATE","200021","SEO","41220","44500","Team Leader","<5","Finance","WALES"
"Department for Environment Food & Rural Affairs","Department for Environment, Food and Rural Affairs","HUMAN RESOURCES DIRECTORATE","200296","SEO","41220","44500","Team Leader","<5","Other","Unknown"
"Department for Environment Food & Rural Affairs","Department for Environment, Food and Rural Affairs","DIGITAL, DATA, TECHNOLOGY AND SECURITY DIRECTORATE","200234","SEO","41220","44500","Team Leader","<5","Digital  Data and Technology","Unknown"
"Department for Environment Food & Rural Affairs","Department for Environment, Food and Rural Affairs","FARMING DIRECTORATE - ADMIN COSTS","200020","SEO","41220","44500","Team Leader","<5","Policy","SOUTH WEST"
"Department for Environment Food & Rural Affairs","Department for Environment, Food and Rural Affairs","MARINE AND FISHERIES DIRECTORATE","200115","SEO","41220","44500","Team Leader","<5","Policy","NORTH EAST"
"Department for Environment Food & Rural Affairs","Department for Environment, Food and Rural Affairs","ENV QUALITY, INFRASTRUCTURE & PLANNING DIRECTORATE","200109","SEO","41220","44500","Team Leader","<5","Policy","SOUTH WEST"
"Department for Environment Food & Rural Affairs","Department for Environment, Food and Rural Affairs","INTERNATIONAL BIODIVERSITY AND CLIMATE DIRECTORATE","200212","SEO","41220","44500","Team Leader","<5","Policy","EAST MIDLANDS"
"Department for Environment Food & Rural Affairs","Department for Environment, Food and Rural Affairs","ENV QUALITY, INFRASTRUCTURE & PLANNING DIRECTORATE","200082","SEO","41220","44500","Team Leader","<5","Policy","SOUTH WEST"
"Department for Environment Food & Rural Affairs","Department for Environment, Food and Rural Affairs","AGRI FOOD CHAIN DIRECTORATE","200137","SEO","41220","44500","Team Leader","<5","Policy","YORKSHIRE AND THE HUMBER"
"Department for Environment Food & Rural Affairs","Department for Environment, Food and Rural Affairs","BIODIVERSITY, LAND USE & INVESTMENT DIRECTORATE","200132","SEO","41220","44500","Team Leader","<5","Policy","SOUTH WEST"
"Department for Environment Food & Rural Affairs","Department for Environment, Food and Rural Affairs","ENV QUALITY, INFRASTRUCTURE & PLANNING DIRECTORATE","200134","SEO","41220","44500","Team Leader","<5","Policy","Unknown"
"Department for Environment Food & Rural Affairs","Department for Environment, Food and Rural Affairs","FARMING DIRECTORATE - ADMIN COSTS","200095","SEO","41220","44500","Team Leader","<5","Policy","YORKSHIRE AND THE HUMBER"
"Department for Environment Food & Rural Affairs","Department for Environment, Food and Rural Affairs","OFFICIAL DEVELOPMENT ASSISTANCE DIRECTORATE","200286","SEO","41220","44500","Team Leader","<5","Policy","Unknown"
"Department for Environment Food & Rural Affairs","Department for Environment, Food and Rural Affairs","ENV QUALITY, INFRASTRUCTURE & PLANNING DIRECTORATE","200217","SEO","41220","44500","Team Leader","<5","Policy","YORKSHIRE AND THE HUMBER"
"Department for Environment Food & Rural Affairs","Department for Environment, Food and Rural Affairs","MINISTERIAL, GROWTH AND RESILIENCE DIRECTORATE","200138","SEO","41220","44500","Team Leader","<5","Policy","Unknown"
"Department for Environment Food & Rural Affairs","Department for Environment, Food and Rural Affairs","COMMERCIAL DIRECTORATE","200270","SEO","41220","44500","Team Leader","<5","Unknown","Unknown"
"Department for Environment Food & Rural Affairs","Department for Environment, Food and Rural Affairs","COMMERCIAL DIRECTORATE","200270","SEO","41220","44500","Team Leader","<5","Operational Delivery","WEST MIDLANDS"
"Department for Environment Food & Rural Affairs","Department for Environment, Food and Rural Affairs","COMMERCIAL DIRECTORATE","200270","SEO","41220","44500","Team Leader","<5","Commercial and Procurement","UNKNOWN"
"Department for Environment Food & Rural Affairs","Department for Environment, Food and Rural Affairs","FARMING DIRECTORATE - ADMIN COSTS","200092","SEO","41220","44500","Team Leader","<5","Unknown","EAST MIDLANDS"
"Department for Environment Food & Rural Affairs","Department for Environment, Food and Rural Affairs","DIGITAL, DATA, TECHNOLOGY AND SECURITY DIRECTORATE","200315","G6","65430","70690","Senior Manager","<5","Project Management Delivery","SOUTH WEST"
"Department for Environment Food & Rural Affairs","Department for Environment, Food and Rural Affairs","TRADE DELIVERY DIRECTORATE","200308","G6","65430","70690","Senior Manager","<5","Project Management Delivery","Unknown"
"Department for Environment Food & Rural Affairs","Department for Environment, Food and Rural Affairs","BIODIVERSITY, LAND USE & INVESTMENT DIRECTORATE","200131","G6","65430","70690","Senior Manager","<5","Policy","SOUTH WEST"
"Department for Environment Food & Rural Affairs","Department for Environment, Food and Rural Affairs","DEFRA GROUP PROPERTY DIRECTORATE","200078","G7","54470","59900","Team Manager","<5","Property","EAST MIDLANDS"
"Department for Environment Food & Rural Affairs","Department for Environment, Food and Rural Affairs","FARMING DIRECTORATE - ADMIN COSTS","200020","G7","54470","59900","Team Manager","<5","Unknown","WEST MIDLANDS"
"Department for Environment Food & Rural Affairs","Department for Environment, Food and Rural Affairs","FARMING DIRECTORATE - ADMIN COSTS","200020","G7","54470","59900","Team Manager","<5","Policy","SOUTH WEST"
"Department for Environment Food & Rural Affairs","Department for Environment, Food and Rural Affairs","FARMING DIRECTORATE - ADMIN COSTS","200020","G7","54470","59900","Team Manager","<5","Policy","YORKSHIRE AND THE HUMBER"
"Department for Environment Food & Rural Affairs","Department for Environment, Food and Rural Affairs","WATER AND FLOOD MANAGEMENT DIRECTORATE","200311","G7","54470","59900","Team Manager","<5","Social Research","YORKSHIRE AND THE HUMBER"
"Department for Environment Food & Rural Affairs","Department for Environment, Food and Rural Affairs","ANALYSIS DIRECTORATE","200155","G7","54470","59900","Team Manager","<5","Operational Research","YORKSHIRE AND THE HUMBER"
"Department for Environment Food & Rural Affairs","Department for Environment, Food and Rural Affairs","GROUP STRATEGY DIRECTORATE","200155","G7","54470","59900","Team Manager","<5","Data Analysis","WALES"
"Department for Environment Food & Rural Affairs","Department for Environment, Food and Rural Affairs","FARMING DIRECTORATE - ADMIN COSTS","200129","G7","54470","59900","Team Manager","<5","Economic","SOUTH WEST"
"Department for Environment Food & Rural Affairs","Department for Environment, Food and Rural Affairs","FARMING DIRECTORATE - ADMIN COSTS","200129","G7","54470","59900","Team Manager","<5","Social Research","SOUTH EAST"
"Department for Environment Food & Rural Affairs","Department for Environment, Food and Rural Affairs","CIRCULAR ECONOMY DIRECTORATE","200232","G7","54470","59900","Team Manager","<5","Science and Engineering","SOUTH WEST"
"Department for Environment Food & Rural Affairs","Department for Environment, Food and Rural Affairs","EU AND INTERNATIONAL TRADE DIRECTORATE","200317","G7","54470","59900","Team Manager","<5","Operational Delivery","WEST MIDLANDS"
"Department for Environment Food & Rural Affairs","Department for Environment, Food and Rural Affairs","ANALYSIS DIRECTORATE","200070","G7","54470","59900","Team Manager","<5","Policy","SOUTH WEST"
"Department for Environment Food & Rural Affairs","Department for Environment, Food and Rural Affairs","CIRCULAR ECONOMY DIRECTORATE","200227","G7","54470","59900","Team Manager","<5","Project Management Delivery","NORTH WEST"
"Department for Environment Food & Rural Affairs","Department for Environment, Food and Rural Affairs","ENV QUALITY, INFRASTRUCTURE & PLANNING DIRECTORATE","200135","G7","54470","59900","Team Manager","<5","Project Management Delivery","NORTH WEST"
"Department for Environment Food & Rural Affairs","Department for Environment, Food and Rural Affairs","DEFRA GROUP PROPERTY DIRECTORATE","200313","G7","54470","59900","Team Manager","<5","Project Management Delivery","EAST OF ENGLAND"
"Department for Environment Food & Rural Affairs","Department for Environment, Food and Rural Affairs","FARMING DIRECTORATE - ADMIN COSTS","200243","G7","54470","59900","Team Manager","<5","Project Management Delivery","NORTH EAST"
"Department for Environment Food & Rural Affairs","Department for Environment, Food and Rural Affairs","HUMAN RESOURCES DIRECTORATE","200173","G7","54470","59900","Team Manager","<5","Human Resources","SCOTLAND"
"Department for Environment Food & Rural Affairs","Department for Environment, Food and Rural Affairs","WATER AND FLOOD MANAGEMENT DIRECTORATE","200144","G7","54470","59900","Team Manager","<5","Project Management Delivery","UNKNOWN"
"Department for Environment Food & Rural Affairs","Department for Environment, Food and Rural Affairs","DEFRA GROUP PROPERTY DIRECTORATE","200300","G7","54470","59900","Team Manager","<5","Unknown","NORTH WEST"
"Department for Environment Food & Rural Affairs","Department for Environment, Food and Rural Affairs","DEFRA GROUP PROPERTY DIRECTORATE","200300","G7","54470","59900","Team Manager","<5","Property","SOUTH WEST"
"Department for Environment Food & Rural Affairs","Department for Environment, Food and Rural Affairs","ANIMAL AND PLANT HEALTH DIRECTORATE","200083","G7","54470","59900","Team Manager","<5","Policy","YORKSHIRE AND THE HUMBER"
"Department for Environment Food & Rural Affairs","Department for Environment, Food and Rural Affairs","AGRI FOOD CHAIN DIRECTORATE","200107","G7","54470","59900","Team Manager","<5","Project Management Delivery","SOUTH WEST"
"Department for Environment Food & Rural Affairs","Department for Environment, Food and Rural Affairs","MINISTERIAL, GROWTH AND RESILIENCE DIRECTORATE","200194","G7","54470","59900","Team Manager","<5","Policy","YORKSHIRE AND THE HUMBER"
"Department for Environment Food & Rural Affairs","Department for Environment, Food and Rural Affairs","MARINE AND FISHERIES DIRECTORATE","200289","G7","54470","59900","Team Manager","<5","Science and Engineering","YORKSHIRE AND THE HUMBER"
"Department for Environment Food & Rural Affairs","Department for Environment, Food and Rural Affairs","MARINE AND FISHERIES DIRECTORATE","200289","G7","54470","59900","Team Manager","<5","Policy","EAST OF ENGLAND"
"Department for Environment Food & Rural Affairs","Department for Environment, Food and Rural Affairs","MARINE AND FISHERIES DIRECTORATE","200289","G7","54470","59900","Team Manager","<5","Social Research","YORKSHIRE AND THE HUMBER"
"Department for Environment Food & Rural Affairs","Department for Environment, Food and Rural Affairs","ENV QUALITY, INFRASTRUCTURE & PLANNING DIRECTORATE","200082","G7","54470","59900","Team Manager","<5","Policy","WALES"
"Department for Environment Food & Rural Affairs","Department for Environment, Food and Rural Affairs","ANALYSIS DIRECTORATE","200060","G7","54470","59900","Team Manager","<5","Science and Engineering","EAST OF ENGLAND"
"Department for Environment Food & Rural Affairs","Department for Environment, Food and Rural Affairs","FARMING DIRECTORATE - ADMIN COSTS","200195","G7","54470","59900","Team Manager","<5","Other","SOUTH WEST"
"Department for Environment Food & Rural Affairs","Department for Environment, Food and Rural Affairs","ANIMAL AND PLANT HEALTH DIRECTORATE","200004","G7","54470","59900","Team Manager","<5","Social Research","SOUTH WEST"
"Department for Environment Food & Rural Affairs","Department for Environment, Food and Rural Affairs","STRATEGY, GOVERNANCE & CLIMATE DIRECTORATE","200154","G7","54470","59900","Team Manager","<5","Unknown","WEST MIDLANDS"
"Department for Environment Food & Rural Affairs","Department for Environment, Food and Rural Affairs","TRADE DELIVERY DIRECTORATE","200185","G7","54470","59900","Team Manager","<5","Project Management Delivery","SOUTH WEST"
"Department for Environment Food & Rural Affairs","Department for Environment, Food and Rural Affairs","TRADE DELIVERY DIRECTORATE","200185","G7","54470","59900","Team Manager","<5","Project Management Delivery","NORTH WEST"
"Department for Environment Food & Rural Affairs","Department for Environment, Food and Rural Affairs","AGRI FOOD CHAIN DIRECTORATE","200047","G7","54470","59900","Team Manager","<5","Unknown","UNKNOWN"
"Department for Environment Food & Rural Affairs","Department for Environment, Food and Rural Affairs","MARINE AND FISHERIES DIRECTORATE","200088","G7","54470","59900","Team Manager","<5","Policy","NORTH EAST"
"Department for Environment Food & Rural Affairs","Department for Environment, Food and Rural Affairs","GCS STRATEGY, PARTNERSHIPS AND OPERATIONS DIRECTORATE","200306","G7","54470","59900","Team Manager","<5","Digital  Data and Technology","SOUTH WEST"
"Department for Environment Food & Rural Affairs","Department for Environment, Food and Rural Affairs","GCS STRATEGY, PARTNERSHIPS AND OPERATIONS DIRECTORATE","200306","G7","54470","59900","Team Manager","<5","Digital  Data and Technology","EAST OF ENGLAND"
"Department for Environment Food & Rural Affairs","Department for Environment, Food and Rural Affairs","STRATEGY, GOVERNANCE & CLIMATE DIRECTORATE","200014","G7","54470","59900","Team Manager","<5","Geography","YORKSHIRE AND THE HUMBER"
"Department for Environment Food & Rural Affairs","Department for Environment, Food and Rural Affairs","STRATEGY, GOVERNANCE & CLIMATE DIRECTORATE","200014","G7","54470","59900","Team Manager","<5","Science and Engineering","SOUTH WEST"
"Department for Environment Food & Rural Affairs","Department for Environment, Food and Rural Affairs","BIODIVERSITY, LAND USE & INVESTMENT DIRECTORATE","200127","G7","54470","59900","Team Manager","<5","Unknown","YORKSHIRE AND THE HUMBER"
"Department for Environment Food & Rural Affairs","Department for Environment, Food and Rural Affairs","OFFICIAL DEVELOPMENT ASSISTANCE DIRECTORATE","200134","G7","54470","59900","Team Manager","<5","Project Management Delivery","YORKSHIRE AND THE HUMBER"
"Department for Environment Food & Rural Affairs","Department for Environment, Food and Rural Affairs","ENV QUALITY, INFRASTRUCTURE & PLANNING DIRECTORATE","200134","G7","54470","59900","Team Manager","<5","Policy","EAST MIDLANDS"
"Department for Environment Food & Rural Affairs","Department for Environment, Food and Rural Affairs","FARMING DIRECTORATE - ADMIN COSTS","200302","G7","54470","59900","Team Manager","<5","Policy","YORKSHIRE AND THE HUMBER"
"Department for Environment Food & Rural Affairs","Department for Environment, Food and Rural Affairs","WATER AND FLOOD MANAGEMENT DIRECTORATE","200302","G7","54470","59900","Team Manager","<5","Unknown","SCOTLAND"
"Department for Environment Food & Rural Affairs","Department for Environment, Food and Rural Affairs","FARMING DIRECTORATE - ADMIN COSTS","200126","G7","54470","59900","Team Manager","<5","Policy","NORTH EAST"
"Department for Environment Food & Rural Affairs","Department for Environment, Food and Rural Affairs","MARINE AND FISHERIES DIRECTORATE","200272","G7","54470","59900","Team Manager","<5","International Trade and Negotiation","NORTH EAST"
"Department for Environment Food & Rural Affairs","Department for Environment, Food and Rural Affairs","MARINE AND FISHERIES DIRECTORATE","200272","G7","54470","59900","Team Manager","<5","Policy","YORKSHIRE AND THE HUMBER"
"Department for Environment Food & Rural Affairs","Department for Environment, Food and Rural Affairs","MARINE AND FISHERIES DIRECTORATE","200272","G7","54470","59900","Team Manager","<5","International Trade and Negotiation","UNKNOWN"
"Department for Environment Food & Rural Affairs","Department for Environment, Food and Rural Affairs","FINANCE DIRECTORATE","200320","G7","54470","59900","Team Manager","<5","Finance","SOUTH WEST"
"Department for Environment Food & Rural Affairs","Department for Environment, Food and Rural Affairs","FARMING DIRECTORATE - ADMIN COSTS","200046","G7","54470","59900","Team Manager","<5","Policy","SCOTLAND"
"Department for Environment Food & Rural Affairs","Department for Environment, Food and Rural Affairs","FARMING DIRECTORATE - ADMIN COSTS","200046","G7","54470","59900","Team Manager","<5","Project Management Delivery","NORTH EAST"
"Department for Environment Food & Rural Affairs","Department for Environment, Food and Rural Affairs","FARMING DIRECTORATE - ADMIN COSTS","200046","G7","54470","59900","Team Manager","<5","Policy","YORKSHIRE AND THE HUMBER"
"Department for Environment Food & Rural Affairs","Department for Environment, Food and Rural Affairs","FARMING DIRECTORATE - ADMIN COSTS","200046","G7","54470","59900","Team Manager","<5","Policy","EAST OF ENGLAND"
"Department for Environment Food & Rural Affairs","Department for Environment, Food and Rural Affairs","CIRCULAR ECONOMY DIRECTORATE","200293","G7","54470","59900","Team Manager","<5","Unknown","NORTH EAST"
"Department for Environment Food & Rural Affairs","Department for Environment, Food and Rural Affairs","FINANCE DIRECTORATE","200167","G7","54470","59900","Team Manager","<5","Unknown","NORTH EAST"
"Department for Environment Food & Rural Affairs","Department for Environment, Food and Rural Affairs","FINANCE DIRECTORATE","200167","G7","54470","59900","Team Manager","<5","Finance","NORTH WEST"
"Department for Environment Food & Rural Affairs","Department for Environment, Food and Rural Affairs","EU RESET STRATEGY & LEGISLATION DIRECTORATE","200214","G7","54470","59900","Team Manager","<5","Social Research","WALES"
"Department for Environment Food & Rural Affairs","Department for Environment, Food and Rural Affairs","COMMUNICATIONS DIRECTORATE","200288","G7","54470","59900","Team Manager","<5","Unknown","WEST MIDLANDS"
"Department for Environment Food & Rural Affairs","Department for Environment, Food and Rural Affairs","COMMUNICATIONS DIRECTORATE","200288","G7","54470","59900","Team Manager","<5","Communications","NORTH WEST"
"Department for Environment Food & Rural Affairs","Department for Environment, Food and Rural Affairs","OFFICIAL DEVELOPMENT ASSISTANCE DIRECTORATE","200263","G7","54470","59900","Team Manager","<5","Social Research","YORKSHIRE AND THE HUMBER"
"Department for Environment Food & Rural Affairs","Department for Environment, Food and Rural Affairs","EU AND INTERNATIONAL TRADE DIRECTORATE","200105","G7","54470","59900","Team Manager","<5","International Trade and Negotiation","YORKSHIRE AND THE HUMBER"
"Department for Environment Food & Rural Affairs","Department for Environment, Food and Rural Affairs","STRATEGY AND WATER DG OFFICES DIRECTORATE","200239","G7","54470","59900","Team Manager","<5","Unknown","YORKSHIRE AND THE HUMBER"
"Department for Environment Food & Rural Affairs","Department for Environment, Food and Rural Affairs","STRATEGY, GOVERNANCE & CLIMATE DIRECTORATE","200298","G7","54470","59900","Team Manager","<5","Policy","NORTH WEST"
"Department for Environment Food & Rural Affairs","Department for Environment, Food and Rural Affairs","INTERNATIONAL BIODIVERSITY AND CLIMATE DIRECTORATE","200287","G7","54470","59900","Team Manager","<5","Other","EAST OF ENGLAND"
"Department for Environment Food & Rural Affairs","Department for Environment, Food and Rural Affairs","STRATEGY, GOVERNANCE & CLIMATE DIRECTORATE","200095","G7","54470","59900","Team Manager","<5","Science and Engineering","SOUTH WEST"
"Department for Environment Food & Rural Affairs","Department for Environment, Food and Rural Affairs","GCS STRATEGY, PARTNERSHIPS AND OPERATIONS DIRECTORATE","200253","G7","54470","59900","Team Manager","<5","Project Management Delivery","NORTH EAST"
"Department for Environment Food & Rural Affairs","Department for Environment, Food and Rural Affairs","GCS STRATEGY, PARTNERSHIPS AND OPERATIONS DIRECTORATE","200253","G7","54470","59900","Team Manager","<5","Knowledge and Information Management","SOUTH WEST"
"Department for Environment Food & Rural Affairs","Department for Environment, Food and Rural Affairs","STRATEGY, GOVERNANCE & CLIMATE DIRECTORATE","200207","G7","54470","59900","Team Manager","<5","Operational Delivery","SOUTH WEST"
"Department for Environment Food & Rural Affairs","Department for Environment, Food and Rural Affairs","DEFRA GROUP PROPERTY DIRECTORATE","200049","G7","54470","59900","Team Manager","<5","Property","UNKNOWN"
"Department for Environment Food & Rural Affairs","Department for Environment, Food and Rural Affairs","DEFRA GROUP PROPERTY DIRECTORATE","200049","G7","54470","59900","Team Manager","<5","Project Management Delivery","EAST OF ENGLAND"
"Department for Environment Food & Rural Affairs","Department for Environment, Food and Rural Affairs","DEFRA GROUP PROPERTY DIRECTORATE","200049","G7","54470","59900","Team Manager","<5","Project Management Delivery","SOUTH WEST"
"Department for Environment Food & Rural Affairs","Department for Environment, Food and Rural Affairs","PORTFOLIO DIRECTORATE","200338","G7","54470","59900","Team Manager","<5","Operational Delivery","YORKSHIRE AND THE HUMBER"
"Department for Environment Food & Rural Affairs","Department for Environment, Food and Rural Affairs","PORTFOLIO DIRECTORATE","200338","G7","54470","59900","Team Manager","<5","Project Management Delivery","WEST MIDLANDS"
"Department for Environment Food & Rural Affairs","Department for Environment, Food and Rural Affairs","FINANCE DIRECTORATE","200170","G7","54470","59900","Team Manager","<5","Corporate Finance","SOUTH EAST"
"Department for Environment Food & Rural Affairs","Department for Environment, Food and Rural Affairs","FINANCE DIRECTORATE","200170","G7","54470","59900","Team Manager","<5","Finance","YORKSHIRE AND THE HUMBER"
"Department for Environment Food & Rural Affairs","Department for Environment, Food and Rural Affairs","FINANCE DIRECTORATE","200170","G7","54470","59900","Team Manager","<5","Project Management Delivery","UNKNOWN"
"Department for Environment Food & Rural Affairs","Department for Environment, Food and Rural Affairs","TRADE DELIVERY DIRECTORATE","200012","G7","54470","59900","Team Manager","<5","Operational Delivery","SOUTH EAST"
"Department for Environment Food & Rural Affairs","Department for Environment, Food and Rural Affairs","WATER AND FLOOD MANAGEMENT DIRECTORATE","200145","G7","54470","59900","Team Manager","<5","Operational Delivery","SOUTH WEST"
"Department for Environment Food & Rural Affairs","Department for Environment, Food and Rural Affairs","CIRCULAR ECONOMY DIRECTORATE","200329","G7","54470","59900","Team Manager","<5","Other","SOUTH WEST"
"Department for Environment Food & Rural Affairs","Department for Environment, Food and Rural Affairs","FINANCE DIRECTORATE","200021","G7","54470","59900","Team Manager","<5","Finance","NORTH WEST"
"Department for Environment Food & Rural Affairs","Department for Environment, Food and Rural Affairs","HUMAN RESOURCES DIRECTORATE","200235","G7","54470","59900","Team Manager","<5","Project Management Delivery","UNKNOWN"
"Department for Environment Food & Rural Affairs","Department for Environment, Food and Rural Affairs","OFFICIAL DEVELOPMENT ASSISTANCE DIRECTORATE","200025","G7","54470","59900","Team Manager","<5","Unknown","SOUTH WEST"
"Department for Environment Food & Rural Affairs","Department for Environment, Food and Rural Affairs","LIVESTOCK INFORMATION TRANSFORMATION DIRECTORATE","200268","G7","54470","59900","Team Manager","<5","Project Management Delivery","NORTH EAST"
"Department for Environment Food & Rural Affairs","Department for Environment, Food and Rural Affairs","HUMAN RESOURCES DIRECTORATE","200296","G7","54470","59900","Team Manager","<5","Project Management Delivery","NORTH WEST"
"Department for Environment Food & Rural Affairs","Department for Environment, Food and Rural Affairs","HUMAN RESOURCES DIRECTORATE","200296","G7","54470","59900","Team Manager","<5","Human Resources","YORKSHIRE AND THE HUMBER"
"Department for Environment Food & Rural Affairs","Department for Environment, Food and Rural Affairs","FINANCE DIRECTORATE","200247","G7","54470","59900","Team Manager","<5","Data Analysis","NORTH WEST"
"Department for Environment Food & Rural Affairs","Department for Environment, Food and Rural Affairs","FINANCE DIRECTORATE","200247","G7","54470","59900","Team Manager","<5","Finance","WEST MIDLANDS"
"Department for Environment Food & Rural Affairs","Department for Environment, Food and Rural Affairs","FINANCE DIRECTORATE","200247","G7","54470","59900","Team Manager","<5","Finance","YORKSHIRE AND THE HUMBER"
"Department for Environment Food & Rural Affairs","Department for Environment, Food and Rural Affairs","FINANCE DIRECTORATE","200150","G7","54470","59900","Team Manager","<5","Finance","NORTH EAST"
"Department for Environment Food & Rural Affairs","Department for Environment, Food and Rural Affairs","PEPR DIRECTORATE","200238","G7","54470","59900","Team Manager","<5","Unknown","EAST MIDLANDS"
"Department for Environment Food & Rural Affairs","Department for Environment, Food and Rural Affairs","CHANGE DELIVERY DIRECTORATE","200048","G7","54470","59900","Team Manager","<5","Unknown","YORKSHIRE AND THE HUMBER"
"Department for Environment Food & Rural Affairs","Department for Environment, Food and Rural Affairs","HUMAN RESOURCES DIRECTORATE","200018","G7","54470","59900","Team Manager","<5","Human Resources","YORKSHIRE AND THE HUMBER"
"Department for Environment Food & Rural Affairs","Department for Environment, Food and Rural Affairs","GCS STRATEGY, PARTNERSHIPS AND OPERATIONS DIRECTORATE","200071","G7","54470","59900","Team Manager","<5","Operational Delivery","UNKNOWN"
"Department for Environment Food & Rural Affairs","Department for Environment, Food and Rural Affairs","GCS STRATEGY, PARTNERSHIPS AND OPERATIONS DIRECTORATE","200071","G7","54470","59900","Team Manager","<5","Project Management Delivery","NORTH WEST"
"Department for Environment Food & Rural Affairs","Department for Environment, Food and Rural Affairs","GROUP STRATEGY DIRECTORATE","200054","G7","54470","59900","Team Manager","<5","Policy","SOUTH WEST"
"Department for Environment Food & Rural Affairs","Department for Environment, Food and Rural Affairs","FINANCE DIRECTORATE","200265","G7","54470","59900","Team Manager","<5","Corporate Finance","WEST MIDLANDS"
"Department for Environment Food & Rural Affairs","Department for Environment, Food and Rural Affairs","FINANCE DIRECTORATE","200265","G7","54470","59900","Team Manager","<5","Finance","EAST MIDLANDS"
"Department for Environment Food & Rural Affairs","Department for Environment, Food and Rural Affairs","DEFRA GROUP PROPERTY DIRECTORATE","200203","G7","54470","59900","Team Manager","<5","Unknown","SOUTH WEST"
"Department for Environment Food & Rural Affairs","Department for Environment, Food and Rural Affairs","FINANCE DIRECTORATE","200114","G7","54470","59900","Team Manager","<5","Finance","SOUTH WEST"
"Department for Environment Food & Rural Affairs","Department for Environment, Food and Rural Affairs","TRADE DELIVERY DIRECTORATE","200116","G7","54470","59900","Team Manager","<5","Project Management Delivery","NORTH WEST"
"Department for Environment Food & Rural Affairs","Department for Environment, Food and Rural Affairs","GROUP STRATEGY DIRECTORATE","200208","G7","54470","59900","Team Manager","<5","Project Management Delivery","YORKSHIRE AND THE HUMBER"
"Department for Environment Food & Rural Affairs","Department for Environment, Food and Rural Affairs","COMMUNICATIONS DIRECTORATE","200200","G7","54470","59900","Team Manager","<5","Communications","SOUTH WEST"
"Department for Environment Food & Rural Affairs","Department for Environment, Food and Rural Affairs","EU AND INTERNATIONAL TRADE DIRECTORATE","200322","G7","54470","59900","Team Manager","<5","Unknown","NORTH WEST"
"Department for Environment Food & Rural Affairs","Department for Environment, Food and Rural Affairs","SCIENCE DIRECTORATE","200112","G7","54470","59900","Team Manager","<5","Science and Engineering","YORKSHIRE AND THE HUMBER"
"Department for Environment Food & Rural Affairs","Department for Environment, Food and Rural Affairs","DEFRA GROUP PROPERTY DIRECTORATE","200078","G7","54470","59900","Team Manager","<5","Property","Unknown"
"Department for Environment Food & Rural Affairs","Department for Environment, Food and Rural Affairs","FARMING DIRECTORATE - ADMIN COSTS","200020","G7","54470","59900","Team Manager","<5","Policy","Unknown"
"Department for Environment Food & Rural Affairs","Department for Environment, Food and Rural Affairs","BIODIVERSITY, LAND USE & INVESTMENT DIRECTORATE","200124","G7","54470","59900","Team Manager","<5","Science and Engineering","Unknown"
"Department for Environment Food & Rural Affairs","Department for Environment, Food and Rural Affairs","AGRI FOOD CHAIN DIRECTORATE","200332","G7","54470","59900","Team Manager","<5","Policy","Unknown"
"Department for Environment Food & Rural Affairs","Department for Environment, Food and Rural Affairs","AGRI FOOD CHAIN DIRECTORATE","200332","G7","54470","59900","Team Manager","<5","Unknown","Unknown"
"Department for Environment Food & Rural Affairs","Department for Environment, Food and Rural Affairs","WATER AND FLOOD MANAGEMENT DIRECTORATE","200019","G7","54470","59900","Team Manager","<5","Policy","Unknown"
"Department for Environment Food & Rural Affairs","Department for Environment, Food and Rural Affairs","OFFICE OF THE CHIEF DATA OFFICER DIRECTORATE","200259","G7","54470","59900","Team Manager","<5","Digital  Data and Technology","Unknown"
"Department for Environment Food & Rural Affairs","Department for Environment, Food and Rural Affairs","MARINE AND FISHERIES DIRECTORATE","200289","G7","54470","59900","Team Manager","<5","Science and Engineering","Unknown"
"Department for Environment Food & Rural Affairs","Department for Environment, Food and Rural Affairs","ANALYSIS DIRECTORATE","200060","G7","54470","59900","Team Manager","<5","Science and Engineering","Unknown"
"Department for Environment Food & Rural Affairs","Department for Environment, Food and Rural Affairs","FARMING DIRECTORATE - ADMIN COSTS","200195","G7","54470","59900","Team Manager","<5","Other","Unknown"
"Department for Environment Food & Rural Affairs","Department for Environment, Food and Rural Affairs","EU AND INTERNATIONAL TRADE DIRECTORATE","200328","G7","54470","59900","Team Manager","<5","International Trade and Negotiation","Unknown"
"Department for Environment Food & Rural Affairs","Department for Environment, Food and Rural Affairs","STRATEGY, GOVERNANCE & CLIMATE DIRECTORATE","200014","G7","54470","59900","Team Manager","<5","Geography","Unknown"
"Department for Environment Food & Rural Affairs","Department for Environment, Food and Rural Affairs","ENV QUALITY, INFRASTRUCTURE & PLANNING DIRECTORATE","200134","G7","54470","59900","Team Manager","<5","Operational Delivery","Unknown"
"Department for Environment Food & Rural Affairs","Department for Environment, Food and Rural Affairs","FARMING DIRECTORATE - ADMIN COSTS","200126","G7","54470","59900","Team Manager","<5","Project Management Delivery","Unknown"
"Department for Environment Food & Rural Affairs","Department for Environment, Food and Rural Affairs","FARMING DIRECTORATE - ADMIN COSTS","200046","G7","54470","59900","Team Manager","<5","Unknown","Unknown"
"Department for Environment Food & Rural Affairs","Department for Environment, Food and Rural Affairs","FINANCE DIRECTORATE","200046","G7","54470","59900","Team Manager","<5","Finance","Unknown"
"Department for Environment Food & Rural Affairs","Department for Environment, Food and Rural Affairs","EU RESET STRATEGY & LEGISLATION DIRECTORATE","200205","G7","54470","59900","Team Manager","<5","Policy","Unknown"
"Department for Environment Food & Rural Affairs","Department for Environment, Food and Rural Affairs","TRADE DELIVERY DIRECTORATE","200205","G7","54470","59900","Team Manager","<5","Communications","Unknown"
"Department for Environment Food & Rural Affairs","Department for Environment, Food and Rural Affairs","STRATEGY, GOVERNANCE & CLIMATE DIRECTORATE","200207","G7","54470","59900","Team Manager","<5","Operational Delivery","Unknown"
"Department for Environment Food & Rural Affairs","Department for Environment, Food and Rural Affairs","STRATEGY, GOVERNANCE & CLIMATE DIRECTORATE","200207","G7","54470","59900","Team Manager","<5","Other","Unknown"
"Department for Environment Food & Rural Affairs","Department for Environment, Food and Rural Affairs","DEFRA GROUP PROPERTY DIRECTORATE","200049","G7","54470","59900","Team Manager","<5","Property","Unknown"
"Department for Environment Food & Rural Affairs","Department for Environment, Food and Rural Affairs","FINANCE DIRECTORATE","200170","G7","54470","59900","Team Manager","<5","Finance","Unknown"
"Department for Environment Food & Rural Affairs","Department for Environment, Food and Rural Affairs","FINANCE DIRECTORATE","200166","G7","54470","59900","Team Manager","<5","Digital  Data and Technology","Unknown"
"Department for Environment Food & Rural Affairs","Department for Environment, Food and Rural Affairs","DEFRA GROUP PROPERTY DIRECTORATE","200189","G7","54470","59900","Team Manager","<5","Property","Unknown"
"Department for Environment Food & Rural Affairs","Department for Environment, Food and Rural Affairs","DEFRA GROUP PROPERTY DIRECTORATE","200189","G7","54470","59900","Team Manager","<5","Unknown","Unknown"
"Department for Environment Food & Rural Affairs","Department for Environment, Food and Rural Affairs","FARMING DIRECTORATE - ADMIN COSTS","200017","G7","54470","59900","Team Manager","<5","Knowledge and Information Management","Unknown"
"Department for Environment Food & Rural Affairs","Department for Environment, Food and Rural Affairs","FARMING DIRECTORATE - ADMIN COSTS","200017","G7","54470","59900","Team Manager","<5","Policy","Unknown"
"Department for Environment Food & Rural Affairs","Department for Environment, Food and Rural Affairs","HUMAN RESOURCES DIRECTORATE","200296","G7","54470","59900","Team Manager","<5","Human Resources","Unknown"
"Department for Environment Food & Rural Affairs","Department for Environment, Food and Rural Affairs","TRADE DELIVERY DIRECTORATE","200106","G7","54470","59900","Team Manager","<5","Project Management Delivery","Unknown"
"Department for Environment Food & Rural Affairs","Department for Environment, Food and Rural Affairs","HUMAN RESOURCES DIRECTORATE","200312","G7","54470","59900","Team Manager","<5","Human Resources","Unknown"
"Department for Environment Food & Rural Affairs","Department for Environment, Food and Rural Affairs","TRADE DELIVERY DIRECTORATE","200335","G7","54470","59900","Team Manager","<5","Unknown","Unknown"
"Department for Environment Food & Rural Affairs","Department for Environment, Food and Rural Affairs","DIGITAL, DATA, TECHNOLOGY AND SECURITY DIRECTORATE","200036","G7","54470","59900","Team Manager","<5","Communications","Unknown"
"Department for Environment Food & Rural Affairs","Department for Environment, Food and Rural Affairs","DIGITAL, DATA, TECHNOLOGY AND SECURITY DIRECTORATE","200036","G7","54470","59900","Team Manager","<5","Digital  Data and Technology","NORTH WEST"
"Department for Environment Food & Rural Affairs","Department for Environment, Food and Rural Affairs","DIGITAL, DATA, TECHNOLOGY AND SECURITY DIRECTORATE","200036","G7","54470","59900","Team Manager","<5","Unknown","SOUTH WEST"
"Department for Environment Food & Rural Affairs","Department for Environment, Food and Rural Affairs","DIGITAL, DATA, TECHNOLOGY AND SECURITY DIRECTORATE","200146","G7","54470","59900","Team Manager","<5","Digital  Data and Technology","SOUTH WEST"
"Department for Environment Food & Rural Affairs","Department for Environment, Food and Rural Affairs","DIGITAL, DATA, TECHNOLOGY AND SECURITY DIRECTORATE","200146","G7","54470","59900","Team Manager","<5","Digital  Data and Technology","Unknown"
"Department for Environment Food & Rural Affairs","Department for Environment, Food and Rural Affairs","DIGITAL, DATA, TECHNOLOGY AND SECURITY DIRECTORATE","200146","G7","54470","59900","Team Manager","<5","Project Management Delivery","Unknown"
"Department for Environment Food & Rural Affairs","Department for Environment, Food and Rural Affairs","DIGITAL, DATA, TECHNOLOGY AND SECURITY DIRECTORATE","200073","G7","54470","59900","Team Manager","<5","Security","WEST MIDLANDS"
"Department for Environment Food & Rural Affairs","Department for Environment, Food and Rural Affairs","DIGITAL, DATA, TECHNOLOGY AND SECURITY DIRECTORATE","200181","G7","54470","59900","Team Manager","<5","Project Management Delivery","SOUTH WEST"
"Department for Environment Food & Rural Affairs","Department for Environment, Food and Rural Affairs","DIGITAL, DATA, TECHNOLOGY AND SECURITY DIRECTORATE","200334","G7","54470","59900","Team Manager","<5","Operational Delivery","Unknown"
"Department for Environment Food & Rural Affairs","Department for Environment, Food and Rural Affairs","DIGITAL, DATA, TECHNOLOGY AND SECURITY DIRECTORATE","200334","G7","54470","59900","Team Manager","<5","Digital  Data and Technology","EAST MIDLANDS"
"Department for Environment Food & Rural Affairs","Department for Environment, Food and Rural Affairs","DIGITAL, DATA, TECHNOLOGY AND SECURITY DIRECTORATE","200159","G7","54470","59900","Team Manager","<5","Project Management Delivery","SOUTH EAST"
"Department for Environment Food & Rural Affairs","Department for Environment, Food and Rural Affairs","DIGITAL, DATA, TECHNOLOGY AND SECURITY DIRECTORATE","200159","G7","54470","59900","Team Manager","<5","Unknown","EAST OF ENGLAND"
"Department for Environment Food & Rural Affairs","Department for Environment, Food and Rural Affairs","DIGITAL, DATA, TECHNOLOGY AND SECURITY DIRECTORATE","200069","G7","54470","59900","Team Manager","<5","Other","SOUTH WEST"
"Department for Environment Food & Rural Affairs","Department for Environment, Food and Rural Affairs","DIGITAL, DATA, TECHNOLOGY AND SECURITY DIRECTORATE","200069","G7","54470","59900","Team Manager","<5","Digital  Data and Technology","WEST MIDLANDS"
"Department for Environment Food & Rural Affairs","Department for Environment, Food and Rural Affairs","DIGITAL, DATA, TECHNOLOGY AND SECURITY DIRECTORATE","200069","G7","54470","59900","Team Manager","<5","Digital  Data and Technology","SOUTH EAST"
"Department for Environment Food & Rural Affairs","Department for Environment, Food and Rural Affairs","DIGITAL, DATA, TECHNOLOGY AND SECURITY DIRECTORATE","200304","G7","54470","59900","Team Manager","<5","Geography","WEST MIDLANDS"
"Department for Environment Food & Rural Affairs","Department for Environment, Food and Rural Affairs","DIGITAL, DATA, TECHNOLOGY AND SECURITY DIRECTORATE","200305","G7","54470","59900","Team Manager","<5","Unknown","SOUTH EAST"
"Department for Environment Food & Rural Affairs","Department for Environment, Food and Rural Affairs","DIGITAL, DATA, TECHNOLOGY AND SECURITY DIRECTORATE","200305","G7","54470","59900","Team Manager","<5","Digital  Data and Technology","YORKSHIRE AND THE HUMBER"
"Department for Environment Food & Rural Affairs","Department for Environment, Food and Rural Affairs","DIGITAL, DATA, TECHNOLOGY AND SECURITY DIRECTORATE","200315","G7","54470","59900","Team Manager","<5","Unknown","WEST MIDLANDS"
"Department for Environment Food & Rural Affairs","Department for Environment, Food and Rural Affairs","DIGITAL, DATA, TECHNOLOGY AND SECURITY DIRECTORATE","200059","G7","54470","59900","Team Manager","<5","Digital  Data and Technology","NORTH EAST"
"Department for Environment Food & Rural Affairs","Department for Environment, Food and Rural Affairs","DIGITAL, DATA, TECHNOLOGY AND SECURITY DIRECTORATE","200059","G7","54470","59900","Team Manager","<5","Digital  Data and Technology","SOUTH WEST"
"Department for Environment Food & Rural Affairs","Department for Environment, Food and Rural Affairs","DIGITAL, DATA, TECHNOLOGY AND SECURITY DIRECTORATE","200059","G7","54470","59900","Team Manager","<5","Security","WEST MIDLANDS"
"Department for Environment Food & Rural Affairs","Department for Environment, Food and Rural Affairs","DIGITAL, DATA, TECHNOLOGY AND SECURITY DIRECTORATE","200059","G7","54470","59900","Team Manager","<5","Security","SOUTH EAST"
"Department for Environment Food & Rural Affairs","Department for Environment, Food and Rural Affairs","DIGITAL, DATA, TECHNOLOGY AND SECURITY DIRECTORATE","200161","G7","54470","59900","Team Manager","<5","Project Management Delivery","Unknown"
"Department for Environment Food & Rural Affairs","Department for Environment, Food and Rural Affairs","GROUP STRATEGY DIRECTORATE","200155","G7","54470","59900","Team Manager","<5","Operational Research","NORTH EAST"
"Department for Environment Food & Rural Affairs","Department for Environment, Food and Rural Affairs","BIODIVERSITY, LAND USE & INVESTMENT DIRECTORATE","200124","G7","54470","59900","Team Manager","<5","Unknown","SOUTH WEST"
"Department for Environment Food & Rural Affairs","Department for Environment, Food and Rural Affairs","EU AND INTERNATIONAL TRADE DIRECTORATE","200317","G7","54470","59900","Team Manager","<5","Statistics","Unknown"
"Department for Environment Food & Rural Affairs","Department for Environment, Food and Rural Affairs","ANALYSIS DIRECTORATE","200070","G7","54470","59900","Team Manager","<5","Science and Engineering","Unknown"
"Department for Environment Food & Rural Affairs","Department for Environment, Food and Rural Affairs","DIGITAL, DATA, TECHNOLOGY AND SECURITY DIRECTORATE","200161","G7","54470","59900","Team Manager","<5","Project Management Delivery","EAST MIDLANDS"
"Department for Environment Food & Rural Affairs","Department for Environment, Food and Rural Affairs","TRADE DELIVERY DIRECTORATE","200215","G7","54470","59900","Team Manager","<5","Project Management Delivery","YORKSHIRE AND THE HUMBER"
"Department for Environment Food & Rural Affairs","Department for Environment, Food and Rural Affairs","DIGITAL, DATA, TECHNOLOGY AND SECURITY DIRECTORATE","200036","G7","54470","59900","Team Manager","<5","Human Resources","EAST MIDLANDS"
"Department for Environment Food & Rural Affairs","Department for Environment, Food and Rural Affairs","ENV QUALITY, INFRASTRUCTURE & PLANNING DIRECTORATE","200109","G7","54470","59900","Team Manager","<5","Unknown","SOUTH WEST"
"Department for Environment Food & Rural Affairs","Department for Environment, Food and Rural Affairs","ENV QUALITY, INFRASTRUCTURE & PLANNING DIRECTORATE","200109","G7","54470","59900","Team Manager","<5","Science and Engineering","SOUTH WEST"
"Department for Environment Food & Rural Affairs","Department for Environment, Food and Rural Affairs","ENV QUALITY, INFRASTRUCTURE & PLANNING DIRECTORATE","200109","G7","54470","59900","Team Manager","<5","Unknown","YORKSHIRE AND THE HUMBER"
"Department for Environment Food & Rural Affairs","Department for Environment, Food and Rural Affairs","MARINE AND FISHERIES DIRECTORATE","200289","G7","54470","59900","Team Manager","<5","Unknown","SOUTH WEST"
"Department for Environment Food & Rural Affairs","Department for Environment, Food and Rural Affairs","ENV QUALITY, INFRASTRUCTURE & PLANNING DIRECTORATE","200082","G7","54470","59900","Team Manager","<5","Unknown","SOUTH WEST"
"Department for Environment Food & Rural Affairs","Department for Environment, Food and Rural Affairs","ENV QUALITY, INFRASTRUCTURE & PLANNING DIRECTORATE","200082","G7","54470","59900","Team Manager","<5","Science and Engineering","NORTH EAST"
"Department for Environment Food & Rural Affairs","Department for Environment, Food and Rural Affairs","CIRCULAR ECONOMY DIRECTORATE","200147","G7","54470","59900","Team Manager","<5","Unknown","Unknown"
"Department for Environment Food & Rural Affairs","Department for Environment, Food and Rural Affairs","ANIMAL AND PLANT HEALTH DIRECTORATE","200004","G7","54470","59900","Team Manager","<5","Data Analysis","NORTH WEST"
"Department for Environment Food & Rural Affairs","Department for Environment, Food and Rural Affairs","DIGITAL, DATA, TECHNOLOGY AND SECURITY DIRECTORATE","200073","G7","54470","59900","Team Manager","<5","Digital  Data and Technology","SOUTH WEST"
"Department for Environment Food & Rural Affairs","Department for Environment, Food and Rural Affairs","ENV QUALITY, INFRASTRUCTURE & PLANNING DIRECTORATE","200134","G7","54470","59900","Team Manager","<5","Unknown","Unknown"
"Department for Environment Food & Rural Affairs","Department for Environment, Food and Rural Affairs","STRATEGY, GOVERNANCE & CLIMATE DIRECTORATE","200123","G7","54470","59900","Team Manager","<5","Unknown","SOUTH WEST"
"Department for Environment Food & Rural Affairs","Department for Environment, Food and Rural Affairs","AGRI FOOD CHAIN DIRECTORATE","200090","G7","54470","59900","Team Manager","<5","Science and Engineering","SOUTH WEST"
"Department for Environment Food & Rural Affairs","Department for Environment, Food and Rural Affairs","AGRI FOOD CHAIN DIRECTORATE","200090","G7","54470","59900","Team Manager","<5","Data Analysis","SOUTH WEST"
"Department for Environment Food & Rural Affairs","Department for Environment, Food and Rural Affairs","COMMUNICATIONS DIRECTORATE","200288","G7","54470","59900","Team Manager","<5","Communications","SOUTH EAST"
"Department for Environment Food & Rural Affairs","Department for Environment, Food and Rural Affairs","STRATEGY, GOVERNANCE & CLIMATE DIRECTORATE","200095","G7","54470","59900","Team Manager","<5","Unknown","NORTH EAST"
"Department for Environment Food & Rural Affairs","Department for Environment, Food and Rural Affairs","BIODIVERSITY, LAND USE & INVESTMENT DIRECTORATE","200269","G7","54470","59900","Team Manager","<5","Unknown","Unknown"
"Department for Environment Food & Rural Affairs","Department for Environment, Food and Rural Affairs","BIODIVERSITY, LAND USE & INVESTMENT DIRECTORATE","200269","G7","54470","59900","Team Manager","<5","Science and Engineering","SOUTH WEST"
"Department for Environment Food & Rural Affairs","Department for Environment, Food and Rural Affairs","WATER AND FLOOD MANAGEMENT DIRECTORATE","200145","G7","54470","59900","Team Manager","<5","Operational Delivery","YORKSHIRE AND THE HUMBER"
"Department for Environment Food & Rural Affairs","Department for Environment, Food and Rural Affairs","NATIONAL BIOSECURITY CENTRE DIRECTORATE","200280","G7","54470","59900","Team Manager","<5","Project Management Delivery","NORTH WEST"
"Department for Environment Food & Rural Affairs","Department for Environment, Food and Rural Affairs","FINANCE DIRECTORATE","200247","G7","54470","59900","Team Manager","<5","Finance","SOUTH WEST"
"Department for Environment Food & Rural Affairs","Department for Environment, Food and Rural Affairs","CHANGE DELIVERY DIRECTORATE","200048","G7","54470","59900","Team Manager","<5","Geography","Unknown"
"Department for Environment Food & Rural Affairs","Department for Environment, Food and Rural Affairs","CHANGE DELIVERY DIRECTORATE","200048","G7","54470","59900","Team Manager","<5","Operational Delivery","WEST MIDLANDS"
"Department for Environment Food & Rural Affairs","Department for Environment, Food and Rural Affairs","SCIENCE DIRECTORATE","200112","G7","54470","59900","Team Manager","<5","Science and Engineering","Unknown"
"Department for Environment Food & Rural Affairs","Department for Environment, Food and Rural Affairs","ENV QUALITY, INFRASTRUCTURE & PLANNING DIRECTORATE","200109","G7","54470","59900","Team Manager","<5","Policy","YORKSHIRE AND THE HUMBER"
"Department for Environment Food & Rural Affairs","Department for Environment, Food and Rural Affairs","AGRI FOOD CHAIN DIRECTORATE","200107","G7","54470","59900","Team Manager","<5","Policy","YORKSHIRE AND THE HUMBER"
"Department for Environment Food & Rural Affairs","Department for Environment, Food and Rural Affairs","ENV QUALITY, INFRASTRUCTURE & PLANNING DIRECTORATE","200082","G7","54470","59900","Team Manager","<5","Policy","YORKSHIRE AND THE HUMBER"
"Department for Environment Food & Rural Affairs","Department for Environment, Food and Rural Affairs","MARINE AND FISHERIES DIRECTORATE","200088","G7","54470","59900","Team Manager","<5","Policy","SOUTH WEST"
"Department for Environment Food & Rural Affairs","Department for Environment, Food and Rural Affairs","OFFICIAL DEVELOPMENT ASSISTANCE DIRECTORATE","200263","G7","54470","59900","Team Manager","<5","Policy","Unknown"
"Department for Environment Food & Rural Affairs","Department for Environment, Food and Rural Affairs","ENV QUALITY, INFRASTRUCTURE & PLANNING DIRECTORATE","200217","G7","54470","59900","Team Manager","<5","Policy","YORKSHIRE AND THE HUMBER"
"Department for Environment Food & Rural Affairs","Department for Environment, Food and Rural Affairs","GROUP STRATEGY DIRECTORATE","200208","G7","54470","59900","Team Manager","<5","Policy","SOUTH WEST"
"Department for Environment Food & Rural Affairs","Department for Environment, Food and Rural Affairs","COMMERCIAL DIRECTORATE","200270","G7","54470","59900","Team Manager","<5","Unknown","YORKSHIRE AND THE HUMBER"
"Department for Environment Food & Rural Affairs","Department for Environment, Food and Rural Affairs","COMMERCIAL DIRECTORATE","200270","G7","54470","59900","Team Manager","<5","Commercial and Procurement","UNKNOWN"
"Department for Environment Food & Rural Affairs","Department for Environment, Food and Rural Affairs","ANIMAL AND PLANT HEALTH DIRECTORATE","200104","G7","54470","59900","Team Manager","5.55","Policy","LONDON"
"Department for Environment Food & Rural Affairs","Department for Environment, Food and Rural Affairs","ANIMAL AND PLANT HEALTH DIRECTORATE","200104","SEO","41220","44500","Team Leader","5","Policy","LONDON"
"Department for Environment Food & Rural Affairs","Department for Environment, Food and Rural Affairs","MARINE AND FISHERIES DIRECTORATE","200098","G7","54470","59900","Team Manager","5.89","Policy","LONDON"
"Department for Environment Food & Rural Affairs","Department for Environment, Food and Rural Affairs","MARINE AND FISHERIES DIRECTORATE","200098","SEO","41220","44500","Team Leader","7.97","Policy","LONDON"
"Department for Environment Food & Rural Affairs","Department for Environment, Food and Rural Affairs","WATER AND FLOOD MANAGEMENT DIRECTORATE","200019","G7","54470","59900","Team Manager","5.8","Policy","LONDON"
"Department for Environment Food & Rural Affairs","Department for Environment, Food and Rural Affairs","WATER AND FLOOD MANAGEMENT DIRECTORATE","200019","HEO","33590","37480","Officer","5","Policy","LONDON"
"Department for Environment Food & Rural Affairs","Department for Environment, Food and Rural Affairs","WATER AND FLOOD MANAGEMENT DIRECTORATE","200019","SEO","41220","44500","Team Leader","7","Policy","LONDON"
"Department for Environment Food & Rural Affairs","Department for Environment, Food and Rural Affairs","WATER AND FLOOD MANAGEMENT DIRECTORATE","200019","SEO","41220","44500","Team Leader","5","Unknown","LONDON"
"Department for Environment Food & Rural Affairs","Department for Environment, Food and Rural Affairs","WATER AND FLOOD MANAGEMENT DIRECTORATE","200008","G7","54470","59900","Team Manager","6","Policy","LONDON"
"Department for Environment Food & Rural Affairs","Department for Environment, Food and Rural Affairs","WATER AND FLOOD MANAGEMENT DIRECTORATE","200144","SEO","41220","44500","Team Leader","5.81","Policy","LONDON"
"Department for Environment Food & Rural Affairs","Department for Environment, Food and Rural Affairs","ENV QUALITY, INFRASTRUCTURE & PLANNING DIRECTORATE","200109","G7","54470","59900","Team Manager","6.5","Policy","LONDON"
"Department for Environment Food & Rural Affairs","Department for Environment, Food and Rural Affairs","ANIMAL AND PLANT HEALTH DIRECTORATE","200083","G7","54470","59900","Team Manager","7.8","Policy","LONDON"
"Department for Environment Food & Rural Affairs","Department for Environment, Food and Rural Affairs","ANIMAL AND PLANT HEALTH DIRECTORATE","200083","HEO","33590","37480","Officer","8","Policy","LONDON"
"Department for Environment Food & Rural Affairs","Department for Environment, Food and Rural Affairs","ANIMAL AND PLANT HEALTH DIRECTORATE","200083","SEO","41220","44500","Team Leader","8.48","Policy","LONDON"
"Department for Environment Food & Rural Affairs","Department for Environment, Food and Rural Affairs","MINISTERIAL, GROWTH AND RESILIENCE DIRECTORATE","200194","G7","54470","59900","Team Manager","5","Policy","LONDON"
"Department for Environment Food & Rural Affairs","Department for Environment, Food and Rural Affairs","MINISTERIAL, GROWTH AND RESILIENCE DIRECTORATE","200194","HEO","33590","37480","Officer","6","Policy","LONDON"
"Department for Environment Food & Rural Affairs","Department for Environment, Food and Rural Affairs","MINISTERIAL, GROWTH AND RESILIENCE DIRECTORATE","200194","SEO","41220","44500","Team Leader","5.97","Policy","LONDON"
"Department for Environment Food & Rural Affairs","Department for Environment, Food and Rural Affairs","CIRCULAR ECONOMY DIRECTORATE","200147","G7","54470","59900","Team Manager","8.92","Policy","LONDON"
"Department for Environment Food & Rural Affairs","Department for Environment, Food and Rural Affairs","AGRI FOOD CHAIN DIRECTORATE","200137","G7","54470","59900","Team Manager","7.58","Policy","LONDON"
"Department for Environment Food & Rural Affairs","Department for Environment, Food and Rural Affairs","AGRI FOOD CHAIN DIRECTORATE","200137","SEO","41220","44500","Team Leader","6.8","Policy","LONDON"
"Department for Environment Food & Rural Affairs","Department for Environment, Food and Rural Affairs","MARINE AND FISHERIES DIRECTORATE","200088","HEO","33590","37480","Officer","6","Policy","LONDON"
"Department for Environment Food & Rural Affairs","Department for Environment, Food and Rural Affairs","WATER AND FLOOD MANAGEMENT DIRECTORATE","200302","HEO","33590","37480","Officer","8","Policy","LONDON"
"Department for Environment Food & Rural Affairs","Department for Environment, Food and Rural Affairs","WATER AND FLOOD MANAGEMENT DIRECTORATE","200302","SEO","41220","44500","Team Leader","7.8","Policy","LONDON"
"Department for Environment Food & Rural Affairs","Department for Environment, Food and Rural Affairs","FARMING DIRECTORATE - ADMIN COSTS","200126","SEO","41220","44500","Team Leader","5","Policy","LONDON"
"Department for Environment Food & Rural Affairs","Department for Environment, Food and Rural Affairs","GROUP STRATEGY DIRECTORATE","200058","G7","54470","59900","Team Manager","7.98","Policy","LONDON"
"Department for Environment Food & Rural Affairs","Department for Environment, Food and Rural Affairs","GROUP STRATEGY DIRECTORATE","200058","SEO","41220","44500","Team Leader","6.8","Policy","LONDON"
"Department for Environment Food & Rural Affairs","Department for Environment, Food and Rural Affairs","CIRCULAR ECONOMY DIRECTORATE","200293","SEO","41220","44500","Team Leader","6","Policy","LONDON"
"Department for Environment Food & Rural Affairs","Department for Environment, Food and Rural Affairs","MINISTERIAL, GROWTH AND RESILIENCE DIRECTORATE","200205","HEO","33590","37480","Officer","5","Policy","LONDON"
"Department for Environment Food & Rural Affairs","Department for Environment, Food and Rural Affairs","MINISTERIAL, GROWTH AND RESILIENCE DIRECTORATE","200241","G7","54470","59900","Team Manager","5","Policy","LONDON"
"Department for Environment Food & Rural Affairs","Department for Environment, Food and Rural Affairs","WATER AND FLOOD MANAGEMENT DIRECTORATE","200187","G7","54470","59900","Team Manager","9","Policy","LONDON"
"Department for Environment Food & Rural Affairs","Department for Environment, Food and Rural Affairs","WATER AND FLOOD MANAGEMENT DIRECTORATE","200187","SEO","41220","44500","Team Leader","7.98","Policy","LONDON"
"Department for Environment Food & Rural Affairs","Department for Environment, Food and Rural Affairs","AGRI FOOD CHAIN DIRECTORATE","200107","HEO","33590","37480","Officer","9","Policy","LONDON"
"Department for Environment Food & Rural Affairs","Department for Environment, Food and Rural Affairs","AGRI FOOD CHAIN DIRECTORATE","200107","SEO","41220","44500","Team Leader","9.03","Policy","LONDON"
"Department for Environment Food & Rural Affairs","Department for Environment, Food and Rural Affairs","ENV QUALITY, INFRASTRUCTURE & PLANNING DIRECTORATE","200134","G7","54470","59900","Team Manager","5","Policy","LONDON"
"Department for Environment Food & Rural Affairs","Department for Environment, Food and Rural Affairs","AGRI FOOD CHAIN DIRECTORATE","200107","HEO","33590","37480","Officer","5","Unknown","LONDON"
"Department for Environment Food & Rural Affairs","Department for Environment, Food and Rural Affairs","MINISTERIAL, GROWTH AND RESILIENCE DIRECTORATE","200205","G7","54470","59900","Team Manager","6","Unknown","LONDON"
"Department for Environment Food & Rural Affairs","Department for Environment, Food and Rural Affairs","MINISTERIAL, GROWTH AND RESILIENCE DIRECTORATE","200138","EO","28710","32220","Executive Officer","9.8","Unknown","LONDON"
"Department for Environment Food & Rural Affairs","Department for Environment, Food and Rural Affairs","WATER AND FLOOD MANAGEMENT DIRECTORATE","200311","G7","54470","59900","Team Manager","5","Economic","LONDON"
"Department for Environment Food & Rural Affairs","Department for Environment, Food and Rural Affairs","FARMING DIRECTORATE - ADMIN COSTS","200129","G7","54470","59900","Team Manager","5","Economic","LONDON"
"Department for Environment Food & Rural Affairs","Department for Environment, Food and Rural Affairs","CIRCULAR ECONOMY DIRECTORATE","200232","G7","54470","59900","Team Manager","5","Economic","LONDON"
"Department for Environment Food & Rural Affairs","Department for Environment, Food and Rural Affairs","DIGITAL, DATA, TECHNOLOGY AND SECURITY DIRECTORATE","200161","G7","54470","59900","Team Manager","13.37","Digital  Data and Technology","LONDON"
"Department for Environment Food & Rural Affairs","Department for Environment, Food and Rural Affairs","ANIMAL AND PLANT HEALTH DIRECTORATE","200004","G7","54470","59900","Team Manager","5","Economic","LONDON"
"Department for Environment Food & Rural Affairs","Department for Environment, Food and Rural Affairs","DIGITAL, DATA, TECHNOLOGY AND SECURITY DIRECTORATE","200334","HEO","33590","37480","Officer","6","Digital  Data and Technology","LONDON"
"Department for Environment Food & Rural Affairs","Department for Environment, Food and Rural Affairs","FINANCE DIRECTORATE","200170","G7","54470","59900","Team Manager","5","Finance","LONDON"
"Department for Environment Food & Rural Affairs","Department for Environment, Food and Rural Affairs","ANIMAL AND PLANT HEALTH DIRECTORATE","200246","G7","54470","59900","Team Manager","5","Veterinary","LONDON"
"Department for Environment Food & Rural Affairs","Department for Environment, Food and Rural Affairs","MINISTERIAL, GROWTH AND RESILIENCE DIRECTORATE","200138","EO","28710","32220","Executive Officer","5","Operational Delivery","LONDON"
"Department for Environment Food & Rural Affairs","Department for Environment, Food and Rural Affairs","COMMUNICATIONS DIRECTORATE","200119","HEO","33590","37480","Officer","7","Communications","LONDON"
"Department for Environment Food & Rural Affairs","Department for Environment, Food and Rural Affairs","WATER AND FLOOD MANAGEMENT DIRECTORATE","200085","SEO","41220","44500","Team Leader","8","Operational Delivery","LONDON"
"Department for Environment Food & Rural Affairs","Department for Environment, Food and Rural Affairs","DIGITAL, DATA, TECHNOLOGY AND SECURITY DIRECTORATE","200073","SEO","41220","44500","Team Leader","6","Security","LONDON"
"Department for Environment Food & Rural Affairs","Department for Environment, Food and Rural Affairs","EU AND INTERNATIONAL TRADE DIRECTORATE","200328","SEO","41220","44500","Team Leader","5","International Trade and Negotiation","LONDON"
"Department for Environment Food & Rural Affairs","Department for Environment, Food and Rural Affairs","ANALYSIS DIRECTORATE","200281","SEO","41220","44500","Team Leader","5.6","Social Research","LONDON"
"Department for Environment Food & Rural Affairs","Department for Environment, Food and Rural Affairs","COMMUNICATIONS DIRECTORATE","200252","SEO","41220","44500","Team Leader","8","Communications","LONDON"
"Department for Environment Food & Rural Affairs","Department for Environment, Food and Rural Affairs","SCIENCE DIRECTORATE","200112","SEO","41220","44500","Team Leader","5","Science and Engineering","LONDON"
"Department for Environment Food & Rural Affairs","Department for Environment, Food and Rural Affairs","OFFICE OF THE CHIEF DATA OFFICER DIRECTORATE","200259","EO","28710","32220","Executive Officer","6.38","Knowledge and Information Management","NORTH EAST"
"Department for Environment Food & Rural Affairs","Department for Environment, Food and Rural Affairs","FINANCE DIRECTORATE","200103","G7","54470","59900","Team Manager","7.63","Finance","YORKSHIRE AND THE HUMBER"
"Department for Environment Food & Rural Affairs","Department for Environment, Food and Rural Affairs","HUMAN RESOURCES DIRECTORATE","200296","G7","54470","59900","Team Manager","6.24","Human Resources","SOUTH WEST"
"Department for Environment Food & Rural Affairs","Department for Environment, Food and Rural Affairs","HUMAN RESOURCES DIRECTORATE","200296","G7","54470","59900","Team Manager","5.53","Human Resources","NORTH WEST"
"Department for Environment Food & Rural Affairs","Department for Environment, Food and Rural Affairs","DEFRA GROUP PROPERTY DIRECTORATE","200300","SEO","41220","44500","Team Leader","5","Property","SOUTH WEST"
"Department for Environment Food & Rural Affairs","Department for Environment, Food and Rural Affairs","DEFRA GROUP PROPERTY DIRECTORATE","200300","SEO","41220","44500","Team Leader","7","Property","SOUTH EAST"
"Department for Environment Food & Rural Affairs","Department for Environment, Food and Rural Affairs","WATER AND FLOOD MANAGEMENT DIRECTORATE","200085","SEO","41220","44500","Team Leader","16","Operational Delivery","Unknown"
"Department for Environment Food & Rural Affairs","Department for Environment, Food and Rural Affairs","FINANCE DIRECTORATE","200103","SEO","41220","44500","Team Leader","6","Finance","YORKSHIRE AND THE HUMBER"
"Department for Environment Food & Rural Affairs","Department for Environment, Food and Rural Affairs","FINANCE DIRECTORATE","200167","SEO","41220","44500","Team Leader","5.31","Finance","Unknown"
"Department for Environment Food & Rural Affairs","Department for Environment, Food and Rural Affairs","COMMUNICATIONS DIRECTORATE","200252","SEO","41220","44500","Team Leader","5.57","Communications","SOUTH WEST"
"Department for Environment Food & Rural Affairs","Department for Environment, Food and Rural Affairs","MARINE AND FISHERIES DIRECTORATE","200098","SEO","41220","44500","Team Leader","7","Policy","SOUTH WEST"
"Department for Environment Food & Rural Affairs","Department for Environment, Food and Rural Affairs","GROUP STRATEGY DIRECTORATE","200058","SEO","41220","44500","Team Leader","5","Policy","SOUTH WEST"
"Department for Environment Food & Rural Affairs","Department for Environment, Food and Rural Affairs","FARMING DIRECTORATE - ADMIN COSTS","200046","SEO","41220","44500","Team Leader","6.97","Policy","Unknown"
"Department for Environment Food & Rural Affairs","Department for Environment, Food and Rural Affairs","AGRI FOOD CHAIN DIRECTORATE","200107","SEO","41220","44500","Team Leader","5.35","Policy","Unknown"
"Department for Environment Food & Rural Affairs","Department for Environment, Food and Rural Affairs","ANIMAL AND PLANT HEALTH DIRECTORATE","200104","HEO","33590","37480","Officer","5","Policy","YORKSHIRE AND THE HUMBER"
"Department for Environment Food & Rural Affairs","Department for Environment, Food and Rural Affairs","FARMING DIRECTORATE - ADMIN COSTS","200046","G7","54470","59900","Team Manager","5.62","Policy","Unknown"
"Department for Environment Food & Rural Affairs","Department for Environment, Food and Rural Affairs","DIGITAL, DATA, TECHNOLOGY AND SECURITY DIRECTORATE","200159","G7","54470","59900","Team Manager","7.68","Digital  Data and Technology","SOUTH WEST"
"Department for Environment Food & Rural Affairs","Department for Environment, Food and Rural Affairs","DIGITAL, DATA, TECHNOLOGY AND SECURITY DIRECTORATE","200069","G7","54470","59900","Team Manager","5.86","Digital  Data and Technology","Unknown"
"Department for Environment Food & Rural Affairs","Department for Environment, Food and Rural Affairs","DIGITAL, DATA, TECHNOLOGY AND SECURITY DIRECTORATE","200069","HEO","33590","37480","Officer","6","Digital  Data and Technology","Unknown"
"Department for Environment Food & Rural Affairs","Department for Environment, Food and Rural Affairs","DIGITAL, DATA, TECHNOLOGY AND SECURITY DIRECTORATE","200161","G6","65430","70690","Senior Manager","5","Digital  Data and Technology","YORKSHIRE AND THE HUMBER"
"Department for Environment Food & Rural Affairs","Department for Environment, Food and Rural Affairs","DIGITAL, DATA, TECHNOLOGY AND SECURITY DIRECTORATE","200161","SEO","41220","44500","Team Leader","5.8","Digital  Data and Technology","Unknown"
"Department for Environment Food & Rural Affairs","Department for Environment, Food and Rural Affairs","DIGITAL, DATA, TECHNOLOGY AND SECURITY DIRECTORATE","200161","G6","65430","70690","Senior Manager","8.6","Digital  Data and Technology","Unknown"
"Department for Environment Food & Rural Affairs","Department for Environment, Food and Rural Affairs","DIGITAL, DATA, TECHNOLOGY AND SECURITY DIRECTORATE","200161","G7","54470","59900","Team Manager","26.37","Digital  Data and Technology","YORKSHIRE AND THE HUMBER"
"Department for Environment Food & Rural Affairs","Department for Environment, Food and Rural Affairs","DIGITAL, DATA, TECHNOLOGY AND SECURITY DIRECTORATE","200161","G7","54470","59900","Team Manager","21.57","Digital  Data and Technology","Unknown"
"Department for Environment Food & Rural Affairs","Department for Environment, Food and Rural Affairs","DIGITAL, DATA, TECHNOLOGY AND SECURITY DIRECTORATE","200161","G6","65430","70690","Senior Manager","11","Digital  Data and Technology","NORTH WEST"
"Department for Environment Food & Rural Affairs","Department for Environment, Food and Rural Affairs","DIGITAL, DATA, TECHNOLOGY AND SECURITY DIRECTORATE","200161","G7","54470","59900","Team Manager","48.15","Digital  Data and Technology","SOUTH WEST"
"Department for Environment Food & Rural Affairs","Department for Environment, Food and Rural Affairs","DIGITAL, DATA, TECHNOLOGY AND SECURITY DIRECTORATE","200161","SEO","41220","44500","Team Leader","13.25","Digital  Data and Technology","SOUTH WEST"
"Department for Environment Food & Rural Affairs","Department for Environment, Food and Rural Affairs","DIGITAL, DATA, TECHNOLOGY AND SECURITY DIRECTORATE","200161","G7","54470","59900","Team Manager","13.69","Digital  Data and Technology","SOUTH EAST"
"Department for Environment Food & Rural Affairs","Department for Environment, Food and Rural Affairs","DIGITAL, DATA, TECHNOLOGY AND SECURITY DIRECTORATE","200161","G6","65430","70690","Senior Manager","13.5","Digital  Data and Technology","SOUTH WEST"
"Department for Environment Food & Rural Affairs","Department for Environment, Food and Rural Affairs","DIGITAL, DATA, TECHNOLOGY AND SECURITY DIRECTORATE","200161","G7","54470","59900","Team Manager","5","Digital  Data and Technology","WEST MIDLANDS"
"Department for Environment Food & Rural Affairs","Department for Environment, Food and Rural Affairs","DIGITAL, DATA, TECHNOLOGY AND SECURITY DIRECTORATE","200161","HEO","33590","37480","Officer","6.81","Digital  Data and Technology","SOUTH WEST"
"Department for Environment Food & Rural Affairs","Department for Environment, Food and Rural Affairs","DIGITAL, DATA, TECHNOLOGY AND SECURITY DIRECTORATE","200161","SEO","41220","44500","Team Leader","6.8","Digital  Data and Technology","NORTH WEST"
"Department for Environment Food & Rural Affairs","Department for Environment, Food and Rural Affairs","DIGITAL, DATA, TECHNOLOGY AND SECURITY DIRECTORATE","200161","SEO","41220","44500","Team Leader","6","Digital  Data and Technology","NORTH EAST"
"Department for Environment Food & Rural Affairs","Department for Environment, Food and Rural Affairs","DIGITAL, DATA, TECHNOLOGY AND SECURITY DIRECTORATE","200161","G7","54470","59900","Team Manager","10.26","Digital  Data and Technology","NORTH EAST"
"Department for Environment Food & Rural Affairs","Department for Environment, Food and Rural Affairs","DIGITAL, DATA, TECHNOLOGY AND SECURITY DIRECTORATE","200161","SEO","41220","44500","Team Leader","6.77","Digital  Data and Technology","YORKSHIRE AND THE HUMBER"
"Department for Environment Food & Rural Affairs","Department for Environment, Food and Rural Affairs","DIGITAL, DATA, TECHNOLOGY AND SECURITY DIRECTORATE","200161","HEO","33590","37480","Officer","6","Digital  Data and Technology","NORTH WEST"
"Department for Environment Food & Rural Affairs","Department for Environment, Food and Rural Affairs","DIGITAL, DATA, TECHNOLOGY AND SECURITY DIRECTORATE","200161","G7","54470","59900","Team Manager","22.76","Digital  Data and Technology","NORTH WEST"
"Department for Environment Food & Rural Affairs","Department for Environment, Food and Rural Affairs","DIGITAL, DATA, TECHNOLOGY AND SECURITY DIRECTORATE","200073","SEO","41220","44500","Team Leader","5","Security","NORTH EAST"
"Department for Environment Food & Rural Affairs","Department for Environment, Food and Rural Affairs","COMMERCIAL DIRECTORATE","200270","SEO","41220","44500","Team Leader","8.8","Commercial and Procurement","LONDON"
"Department for Environment Food & Rural Affairs","Department for Environment, Food and Rural Affairs","COMMERCIAL DIRECTORATE","200270","HEO","33590","37480","Officer","6.6","Commercial and Procurement","SOUTH WEST"
"Department for Environment Food & Rural Affairs","Department for Environment, Food and Rural Affairs","COMMERCIAL DIRECTORATE","200270","SEO","41220","44500","Team Leader","5.4","Unknown","SOUTH EAST"
"Department for Environment Food & Rural Affairs","Department for Environment, Food and Rural Affairs","COMMERCIAL DIRECTORATE","200270","SEO","41220","44500","Team Leader","10.62","Commercial and Procurement","EAST OF ENGLAND"
"Department for Environment Food & Rural Affairs","Department for Environment, Food and Rural Affairs","COMMERCIAL DIRECTORATE","200270","SEO","41220","44500","Team Leader","8.62","Commercial and Procurement","SOUTH WEST"
"Department for Environment Food & Rural Affairs","Department for Environment, Food and Rural Affairs","COMMERCIAL DIRECTORATE","200270","SEO","41220","44500","Team Leader","7","Unknown","WEST MIDLANDS"
"Department for Environment Food & Rural Affairs","Department for Environment, Food and Rural Affairs","COMMERCIAL DIRECTORATE","200270","SEO","41220","44500","Team Leader","7","Commercial and Procurement","YORKSHIRE AND THE HUMBER"
"Department for Environment Food & Rural Affairs","Department for Environment, Food and Rural Affairs","COMMERCIAL DIRECTORATE","200270","SEO","41220","44500","Team Leader","6.92","Commercial and Procurement","Unknown"
